{
"type": "FeatureCollection",
"name": "el_paso_subarea_safegraph_places",
"crs": { "type": "name", "properties": { "name": "urn:ogc:def:crs:OGC:1.3:CRS84" } },
"features": [
{ "type": "Feature", "properties": { "PLACEKEY": "222-226@8tf-p3j-hbk", "PARENT_PLACEKEY": null, "LOCATION_NAME": "Live Life Better Clinic", "BRANDS": null, "TOP_CATEGORY": "Offices of Physicians", "SUB_CATEGORY": "Offices of Physicians (except Mental Health Specialists)", "NAICS_CODE": 621111, "LATITUDE": 31.771332, "LONGITUDE": -106.481382, "STREET_ADDRESS": "1300 E Rio Grande Ave", "CITY": "El Paso", "REGION": "TX", "POSTAL_CODE": 79902, "OPEN_HOURS": null, "CATEGORY_TAGS": null, "OPENED_ON": null, "CLOSED_ON": null, "TRACKING_CLOSED_SINCE": null, "GEOMETRY_TYPE": "POLYGON", "POLYGON_CLASS": "SHARED_POLYGON", "ENCLOSED": "False", "PHONE_NUMBER": 19155451261.0, "IS_SYNTHETIC": "False", "INCLUDES_PARKING_LOT": "False", "WKT_AREA_SQ_METERS": 359.0, "DOMAINS": [ "livelifebetterclinic.com" ], "WEBSITE": "http://www.livelifebetterclinic.com/" }, "geometry": { "type": "Polygon", "coordinates": [ [ [ -106.481430935, 31.771437996000031 ], [ -106.481303670999978, 31.771292641000059 ], [ -106.481339807999973, 31.771269953000058 ], [ -106.481323063, 31.771250828000063 ], [ -106.481345649, 31.77123664800007 ], [ -106.481322204999969, 31.771209871000053 ], [ -106.48143965099996, 31.771136136000052 ], [ -106.481419556, 31.771113185000047 ], [ -106.481469244999971, 31.771081989000038 ], [ -106.481536225999946, 31.77115849200004 ], [ -106.481414263999966, 31.771235064000052 ], [ -106.481434356999955, 31.771258014000068 ], [ -106.481402737999986, 31.771277866000048 ], [ -106.481466369999964, 31.771350544000029 ], [ -106.481475404999969, 31.771344872000043 ], [ -106.481512243999987, 31.771386949000032 ], [ -106.481430935, 31.771437996000031 ] ] ] } },
{ "type": "Feature", "properties": { "PLACEKEY": "22b-227@8tf-p3j-k2k", "PARENT_PLACEKEY": "226-225@8tf-p3j-k2k", "LOCATION_NAME": "Werge Law Firm PLLC", "BRANDS": null, "TOP_CATEGORY": "Legal Services", "SUB_CATEGORY": "Offices of Lawyers", "NAICS_CODE": 541110, "LATITUDE": 31.772277, "LONGITUDE": -106.479317, "STREET_ADDRESS": "1413 Montana Ave", "CITY": "El Paso", "REGION": "TX", "POSTAL_CODE": 79902, "OPEN_HOURS": null, "CATEGORY_TAGS": null, "OPENED_ON": null, "CLOSED_ON": null, "TRACKING_CLOSED_SINCE": null, "GEOMETRY_TYPE": "POLYGON", "POLYGON_CLASS": "SHARED_POLYGON", "ENCLOSED": "True", "PHONE_NUMBER": 19152042582.0, "IS_SYNTHETIC": "False", "INCLUDES_PARKING_LOT": "False", "WKT_AREA_SQ_METERS": 1417.0, "DOMAINS": [ "quinonezlawpllc.com" ], "WEBSITE": null }, "geometry": { "type": "Polygon", "coordinates": [ [ [ -106.479262545999973, 31.772494087000041 ], [ -106.479333484999984, 31.772453698000049 ], [ -106.479317795999975, 31.772433939000052 ], [ -106.479243131999965, 31.772476450000056 ], [ -106.479098799999974, 31.772294677000048 ], [ -106.479341461, 31.772156517000042 ], [ -106.479354010999941, 31.772172323000063 ], [ -106.479428675999941, 31.77212981200006 ], [ -106.479409850999957, 31.772106102000066 ], [ -106.479479847999983, 31.772066248000044 ], [ -106.479652419, 31.772283586000071 ], [ -106.479563753999969, 31.772334068000077 ], [ -106.47954806599995, 31.77231431000007 ], [ -106.479534065999985, 31.772322281000072 ], [ -106.47955916799998, 31.772353893000059 ], [ -106.479465836999964, 31.772407032000046 ], [ -106.479384257999982, 31.772304291000069 ], [ -106.479304925999941, 31.772349459000054 ], [ -106.479386504999979, 31.772452200000032 ], [ -106.479461169999979, 31.772409689000028 ], [ -106.479545887999961, 31.772516383000038 ], [ -106.479370651999943, 31.772616153000058 ], [ -106.479262545999973, 31.772494087000041 ] ] ] } },
{ "type": "Feature", "properties": { "PLACEKEY": "22h-224@8tf-p3j-jsq", "PARENT_PLACEKEY": null, "LOCATION_NAME": "Prime Capital Management", "BRANDS": null, "TOP_CATEGORY": "Activities Related to Real Estate", "SUB_CATEGORY": "Residential Property Managers", "NAICS_CODE": 531311, "LATITUDE": 31.77323, "LONGITUDE": -106.475736, "STREET_ADDRESS": "1701 E Yandell Dr", "CITY": "El Paso", "REGION": "TX", "POSTAL_CODE": 79902, "OPEN_HOURS": { "Mon": [ [ "8:00", "17:00" ] ], "Tue": [ [ "8:00", "17:00" ] ], "Wed": [ [ "8:00", "17:00" ] ], "Thu": [ [ "8:00", "17:00" ] ], "Fri": [ [ "8:00", "17:00" ] ], "Sat": [ ], "Sun": [ ] }, "CATEGORY_TAGS": null, "OPENED_ON": null, "CLOSED_ON": null, "TRACKING_CLOSED_SINCE": null, "GEOMETRY_TYPE": "POLYGON", "POLYGON_CLASS": "SHARED_POLYGON", "ENCLOSED": "False", "PHONE_NUMBER": 19153518000.0, "IS_SYNTHETIC": "False", "INCLUDES_PARKING_LOT": "False", "WKT_AREA_SQ_METERS": 296.0, "DOMAINS": [ "primecapital-ep.com", "texas.gov" ], "WEBSITE": null }, "geometry": { "type": "Polygon", "coordinates": [ [ [ -106.475812382999948, 31.773390653000035 ], [ -106.475654418999966, 31.773204563000036 ], [ -106.475735553, 31.773147140000049 ], [ -106.475854562999984, 31.773267708000049 ], [ -106.475802786999964, 31.773304354000061 ], [ -106.475853276999942, 31.773355504000051 ], [ -106.475892108999972, 31.773328019000076 ], [ -106.475946203999968, 31.773382823000077 ], [ -106.475872853999988, 31.773434738000049 ], [ -106.475822364999942, 31.773383588000058 ], [ -106.475812382999948, 31.773390653000035 ] ] ] } },
{ "type": "Feature", "properties": { "PLACEKEY": "22j-223@8tf-p3j-5zz", "PARENT_PLACEKEY": null, "LOCATION_NAME": "Law Office Of Sergio Coronado Attorney At Law", "BRANDS": null, "TOP_CATEGORY": "Legal Services", "SUB_CATEGORY": "Offices of Lawyers", "NAICS_CODE": 541110, "LATITUDE": 31.768209, "LONGITUDE": -106.483589, "STREET_ADDRESS": "1019 E Yandell Dr", "CITY": "El Paso", "REGION": "TX", "POSTAL_CODE": 79902, "OPEN_HOURS": { "Mon": [ [ "8:00", "17:00" ] ], "Tue": [ [ "8:00", "17:00" ] ], "Wed": [ [ "8:00", "17:00" ] ], "Thu": [ [ "8:00", "17:00" ] ], "Fri": [ [ "8:00", "17:00" ] ], "Sat": [ ], "Sun": [ ] }, "CATEGORY_TAGS": "Criminal Defense,Divorce,Personal Injury Law", "OPENED_ON": null, "CLOSED_ON": null, "TRACKING_CLOSED_SINCE": null, "GEOMETRY_TYPE": "POLYGON", "POLYGON_CLASS": "SHARED_POLYGON", "ENCLOSED": "False", "PHONE_NUMBER": 19155324500.0, "IS_SYNTHETIC": "False", "INCLUDES_PARKING_LOT": "False", "WKT_AREA_SQ_METERS": 355.0, "DOMAINS": [ "sergiocoronadolaw.com" ], "WEBSITE": null }, "geometry": { "type": "Polygon", "coordinates": [ [ [ -106.483577172999958, 31.768366424000078 ], [ -106.483499351999967, 31.768197063000059 ], [ -106.483556994999958, 31.768178069000044 ], [ -106.483565151, 31.768195819000027 ], [ -106.48361231399997, 31.768180279000035 ], [ -106.483636782999952, 31.768233531000078 ], [ -106.483662983999977, 31.768224897000039 ], [ -106.483701726999982, 31.768309212000077 ], [ -106.483623122999973, 31.768335114000024 ], [ -106.483647592999944, 31.768388366000067 ], [ -106.483631871999989, 31.768393546000027 ], [ -106.483668574999967, 31.768473425000025 ], [ -106.483548048999978, 31.768513140000039 ], [ -106.483515422999972, 31.768442138000069 ], [ -106.483599266999988, 31.768414510000071 ], [ -106.483577172999958, 31.768366424000078 ] ] ] } },
{ "type": "Feature", "properties": { "PLACEKEY": "22x-222@8tf-p3j-5zz", "PARENT_PLACEKEY": null, "LOCATION_NAME": "Tradex Laminating Service & Supplies", "BRANDS": null, "TOP_CATEGORY": "Couriers and Express Delivery Services", "SUB_CATEGORY": "Couriers and Express Delivery Services", "NAICS_CODE": 492110, "LATITUDE": 31.768498, "LONGITUDE": -106.482951, "STREET_ADDRESS": "1103 E Yandell Dr Ste 6", "CITY": "El Paso", "REGION": "TX", "POSTAL_CODE": 79902, "OPEN_HOURS": { "Mon": [ [ "7:30", "13:00" ] ], "Tue": [ [ "7:30", "13:00" ] ], "Wed": [ [ "7:30", "13:00" ] ], "Thu": [ [ "7:30", "13:00" ] ], "Fri": [ [ "7:30", "13:00" ] ], "Sat": [ ], "Sun": [ ] }, "CATEGORY_TAGS": null, "OPENED_ON": null, "CLOSED_ON": null, "TRACKING_CLOSED_SINCE": null, "GEOMETRY_TYPE": "POLYGON", "POLYGON_CLASS": "SHARED_POLYGON", "ENCLOSED": "False", "PHONE_NUMBER": 19155326146.0, "IS_SYNTHETIC": "False", "INCLUDES_PARKING_LOT": "False", "WKT_AREA_SQ_METERS": 663.0, "DOMAINS": [ ], "WEBSITE": null }, "geometry": { "type": "Polygon", "coordinates": [ [ [ -106.483029899999963, 31.768850800000052 ], [ -106.482797651999988, 31.768591513000047 ], [ -106.482992385999978, 31.76846447500003 ], [ -106.483115923999947, 31.76860027500004 ], [ -106.48302683299994, 31.768658395000045 ], [ -106.483137799999952, 31.76878350000004 ], [ -106.483029899999963, 31.768850800000052 ] ] ] } },
{ "type": "Feature", "properties": { "PLACEKEY": "23b-222@8tf-p3j-hkf", "PARENT_PLACEKEY": "22c-229@8tf-p3j-hkf", "LOCATION_NAME": "Dr. Ingrid Chowdhury PhD", "BRANDS": null, "TOP_CATEGORY": "Offices of Physicians", "SUB_CATEGORY": "Offices of Physicians, Mental Health Specialists", "NAICS_CODE": 621112, "LATITUDE": 31.771916, "LONGITUDE": -106.480062, "STREET_ADDRESS": "1401 Montana Ave Ste L", "CITY": "El Paso", "REGION": "TX", "POSTAL_CODE": 79902, "OPEN_HOURS": null, "CATEGORY_TAGS": null, "OPENED_ON": null, "CLOSED_ON": null, "TRACKING_CLOSED_SINCE": null, "GEOMETRY_TYPE": "POLYGON", "POLYGON_CLASS": "SHARED_POLYGON", "ENCLOSED": "False", "PHONE_NUMBER": 19155871091.0, "IS_SYNTHETIC": "False", "INCLUDES_PARKING_LOT": "False", "WKT_AREA_SQ_METERS": 1241.0, "DOMAINS": [ ], "WEBSITE": null }, "geometry": { "type": "Polygon", "coordinates": [ [ [ -106.479830697999944, 31.771844360000046 ], [ -106.48000972899996, 31.771729053000058 ], [ -106.480019941999956, 31.77174042300004 ], [ -106.480100505999985, 31.771688535000067 ], [ -106.480352416999949, 31.771969001000059 ], [ -106.480092820999971, 31.772136196000076 ], [ -106.479830697999944, 31.771844360000046 ] ] ] } },
{ "type": "Feature", "properties": { "PLACEKEY": "226-224@8tf-p3j-jn5", "PARENT_PLACEKEY": "226-222@8tf-p3j-jn5", "LOCATION_NAME": "Valentina Isaac", "BRANDS": null, "TOP_CATEGORY": "Offices of Other Health Practitioners", "SUB_CATEGORY": "Offices of All Other Miscellaneous Health Practitioners", "NAICS_CODE": 621399, "LATITUDE": 31.772985, "LONGITUDE": -106.476833, "STREET_ADDRESS": "1600 Montana Ave", "CITY": "El Paso", "REGION": "TX", "POSTAL_CODE": 79902, "OPEN_HOURS": null, "CATEGORY_TAGS": null, "OPENED_ON": null, "CLOSED_ON": null, "TRACKING_CLOSED_SINCE": null, "GEOMETRY_TYPE": "POLYGON", "POLYGON_CLASS": "SHARED_POLYGON", "ENCLOSED": "False", "PHONE_NUMBER": 19158873410.0, "IS_SYNTHETIC": "False", "INCLUDES_PARKING_LOT": "False", "WKT_AREA_SQ_METERS": 1317.0, "DOMAINS": [ ], "WEBSITE": null }, "geometry": { "type": "Polygon", "coordinates": [ [ [ -106.476783027999943, 31.773188924000067 ], [ -106.476647432999982, 31.77303102500008 ], [ -106.47672474999996, 31.772983417000034 ], [ -106.476708213999984, 31.772964161000061 ], [ -106.47673550199994, 31.772947358000067 ], [ -106.47674872999994, 31.772962763000066 ], [ -106.477098927999975, 31.77274712600007 ], [ -106.47723121599995, 31.772901174000026 ], [ -106.477099323999937, 31.77298238700007 ], [ -106.477148930999988, 31.773040156000036 ], [ -106.47696246299995, 31.773154975000068 ], [ -106.476919468999938, 31.773104910000029 ], [ -106.476783027999943, 31.773188924000067 ] ] ] } },
{ "type": "Feature", "properties": { "PLACEKEY": "zzw-222@8tf-p3j-hnq", "PARENT_PLACEKEY": null, "LOCATION_NAME": "Fine Arts Museum Foundation", "BRANDS": null, "TOP_CATEGORY": "Museums, Historical Sites, and Similar Institutions", "SUB_CATEGORY": "Museums", "NAICS_CODE": 712110, "LATITUDE": 31.770653, "LONGITUDE": -106.481916, "STREET_ADDRESS": "1211 Montana Ave", "CITY": "El Paso", "REGION": "TX", "POSTAL_CODE": 79902, "OPEN_HOURS": null, "CATEGORY_TAGS": null, "OPENED_ON": null, "CLOSED_ON": null, "TRACKING_CLOSED_SINCE": null, "GEOMETRY_TYPE": "POLYGON", "POLYGON_CLASS": "OWNED_POLYGON", "ENCLOSED": "False", "PHONE_NUMBER": 19155436747.0, "IS_SYNTHETIC": "False", "INCLUDES_PARKING_LOT": "False", "WKT_AREA_SQ_METERS": 1420.0, "DOMAINS": [ ], "WEBSITE": null }, "geometry": { "type": "Polygon", "coordinates": [ [ [ -106.481958000519398, 31.770457923253559 ], [ -106.482134802421456, 31.770659070686879 ], [ -106.482034061174375, 31.770721655851581 ], [ -106.482005897979718, 31.770691156676229 ], [ -106.481972035090905, 31.770711679486904 ], [ -106.482053507189732, 31.770803747039981 ], [ -106.481904110272012, 31.77089729308905 ], [ -106.481832696456991, 31.770815772061049 ], [ -106.481806544919095, 31.770831734226025 ], [ -106.481831355352483, 31.770864798701876 ], [ -106.48179112221726, 31.770891592320186 ], [ -106.481853197841815, 31.770966604413541 ], [ -106.481742556719951, 31.771037293865177 ], [ -106.481600092294343, 31.770871955574695 ], [ -106.481626243832238, 31.770856278455206 ], [ -106.481517279091008, 31.770732001559466 ], [ -106.481633841144628, 31.770660505232687 ], [ -106.481732074391687, 31.770771818730683 ], [ -106.48177230752691, 31.770745595155496 ], [ -106.481750849854791, 31.770722792040569 ], [ -106.481901003577832, 31.770631213636598 ], [ -106.481916426279668, 31.770644895519762 ], [ -106.481945930578831, 31.77063007347957 ], [ -106.481855406024579, 31.77052063198558 ], [ -106.481958000519398, 31.770457923253559 ] ] ] } },
{ "type": "Feature", "properties": { "PLACEKEY": "22c-22d@8tf-p3j-hkf", "PARENT_PLACEKEY": null, "LOCATION_NAME": "Texas Save A Life CPR and First Aid LLC", "BRANDS": null, "TOP_CATEGORY": "Other Ambulatory Health Care Services", "SUB_CATEGORY": "All Other Miscellaneous Ambulatory Health Care Services", "NAICS_CODE": 621999, "LATITUDE": 31.771896, "LONGITUDE": -106.480004, "STREET_ADDRESS": "1401 Montana El Paso", "CITY": "El Paso", "REGION": "TX", "POSTAL_CODE": 79902, "OPEN_HOURS": { "Mon": [ [ "6:00", "21:00" ] ], "Tue": [ [ "6:00", "17:00" ] ], "Wed": [ [ "6:00", "17:00" ] ], "Thu": [ [ "6:00", "17:00" ] ], "Fri": [ [ "6:00", "17:00" ] ], "Sat": [ [ "6:00", "19:00" ] ], "Sun": [ [ "6:00", "16:00" ] ] }, "CATEGORY_TAGS": null, "OPENED_ON": null, "CLOSED_ON": null, "TRACKING_CLOSED_SINCE": null, "GEOMETRY_TYPE": "POLYGON", "POLYGON_CLASS": "SHARED_POLYGON", "ENCLOSED": "False", "PHONE_NUMBER": 19155398137.0, "IS_SYNTHETIC": "False", "INCLUDES_PARKING_LOT": "False", "WKT_AREA_SQ_METERS": 1241.0, "DOMAINS": [ "txsavealife.com" ], "WEBSITE": null }, "geometry": { "type": "Polygon", "coordinates": [ [ [ -106.479830697999944, 31.771844360000046 ], [ -106.48000972899996, 31.771729053000058 ], [ -106.480019941999956, 31.77174042300004 ], [ -106.480100505999985, 31.771688535000067 ], [ -106.480352416999949, 31.771969001000059 ], [ -106.480092820999971, 31.772136196000076 ], [ -106.479830697999944, 31.771844360000046 ] ] ] } },
{ "type": "Feature", "properties": { "PLACEKEY": "222-226@8tf-p3j-k2k", "PARENT_PLACEKEY": null, "LOCATION_NAME": "Emery Advertising", "BRANDS": null, "TOP_CATEGORY": "Advertising, Public Relations, and Related Services", "SUB_CATEGORY": null, "NAICS_CODE": 5418, "LATITUDE": 31.772919, "LONGITUDE": -106.478304, "STREET_ADDRESS": "1519 Montana Ave", "CITY": "El Paso", "REGION": "TX", "POSTAL_CODE": 79902, "OPEN_HOURS": null, "CATEGORY_TAGS": null, "OPENED_ON": null, "CLOSED_ON": null, "TRACKING_CLOSED_SINCE": null, "GEOMETRY_TYPE": "POLYGON", "POLYGON_CLASS": "SHARED_POLYGON", "ENCLOSED": "False", "PHONE_NUMBER": 19155323636.0, "IS_SYNTHETIC": "False", "INCLUDES_PARKING_LOT": "False", "WKT_AREA_SQ_METERS": 246.0, "DOMAINS": [ "emery.com" ], "WEBSITE": null }, "geometry": { "type": "Polygon", "coordinates": [ [ [ -106.478178312999944, 31.772882025000058 ], [ -106.47828994799994, 31.772809670000072 ], [ -106.478409573999954, 31.772942015000069 ], [ -106.478297937999969, 31.773014369000066 ], [ -106.478178312999944, 31.772882025000058 ] ] ] } },
{ "type": "Feature", "properties": { "PLACEKEY": "zzy-223@8tf-p3j-k2k", "PARENT_PLACEKEY": null, "LOCATION_NAME": "Sun Metro Montana Langtry", "BRANDS": null, "TOP_CATEGORY": "Urban Transit Systems", "SUB_CATEGORY": "Bus and Other Motor Vehicle Transit Systems", "NAICS_CODE": 485113, "LATITUDE": 31.772199, "LONGITUDE": -106.478604, "STREET_ADDRESS": "Sun Metro Montana Langtry", "CITY": "El Paso", "REGION": "TX", "POSTAL_CODE": 79902, "OPEN_HOURS": null, "CATEGORY_TAGS": "Bus Station,Buses", "OPENED_ON": null, "CLOSED_ON": null, "TRACKING_CLOSED_SINCE": null, "GEOMETRY_TYPE": "POINT", "POLYGON_CLASS": null, "ENCLOSED": null, "PHONE_NUMBER": null, "IS_SYNTHETIC": null, "INCLUDES_PARKING_LOT": null, "WKT_AREA_SQ_METERS": null, "DOMAINS": [ ], "WEBSITE": null }, "geometry": { "type": "Polygon", "coordinates": [ [ [ -106.478574, 31.772199 ], [ -106.478574144458207, 31.77219605948579 ], [ -106.478574576441588, 31.772193147290341 ], [ -106.478575291789937, 31.772190291459683 ], [ -106.478576283614032, 31.772187519497031 ], [ -106.478577542362075, 31.772184858097894 ], [ -106.478579055911638, 31.77218233289301 ], [ -106.478580809686406, 31.772179968201474 ], [ -106.478582786796565, 31.772177786796565 ], [ -106.478584968201474, 31.772175809686399 ], [ -106.478587332893014, 31.772174055911631 ], [ -106.478589858097905, 31.772172542362071 ], [ -106.478592519497028, 31.772171283614025 ], [ -106.478595291459683, 31.77217029178993 ], [ -106.478598147290342, 31.772169576441588 ], [ -106.478601059485797, 31.7721691444582 ], [ -106.478604, 31.772169 ], [ -106.478606940514211, 31.7721691444582 ], [ -106.478609852709667, 31.772169576441588 ], [ -106.478612708540325, 31.77217029178993 ], [ -106.478615480502981, 31.772171283614025 ], [ -106.478618141902103, 31.772172542362071 ], [ -106.478620667106995, 31.772174055911631 ], [ -106.478623031798534, 31.772175809686399 ], [ -106.478625213203443, 31.772177786796565 ], [ -106.478627190313603, 31.772179968201474 ], [ -106.478628944088371, 31.77218233289301 ], [ -106.478630457637934, 31.772184858097894 ], [ -106.478631716385976, 31.772187519497031 ], [ -106.478632708210071, 31.772190291459683 ], [ -106.478633423558421, 31.772193147290341 ], [ -106.478633855541801, 31.77219605948579 ], [ -106.478634, 31.772199 ], [ -106.478633855541801, 31.772201940514211 ], [ -106.478633423558421, 31.77220485270966 ], [ -106.478632708210071, 31.772207708540318 ], [ -106.478631716385976, 31.77221048050297 ], [ -106.478630457637934, 31.772213141902107 ], [ -106.478628944088371, 31.772215667106991 ], [ -106.478627190313603, 31.772218031798527 ], [ -106.478625213203443, 31.772220213203436 ], [ -106.478623031798534, 31.772222190313602 ], [ -106.478620667106995, 31.77222394408837 ], [ -106.478618141902103, 31.77222545763793 ], [ -106.478615480502981, 31.772226716385976 ], [ -106.478612708540325, 31.772227708210071 ], [ -106.478609852709667, 31.772228423558413 ], [ -106.478606940514211, 31.772228855541801 ], [ -106.478604, 31.772229 ], [ -106.478601059485797, 31.772228855541801 ], [ -106.478598147290342, 31.772228423558413 ], [ -106.478595291459683, 31.772227708210071 ], [ -106.478592519497028, 31.772226716385976 ], [ -106.478589858097905, 31.77222545763793 ], [ -106.478587332893014, 31.77222394408837 ], [ -106.478584968201474, 31.772222190313602 ], [ -106.478582786796565, 31.772220213203436 ], [ -106.478580809686406, 31.772218031798527 ], [ -106.478579055911638, 31.772215667106991 ], [ -106.478577542362075, 31.772213141902107 ], [ -106.478576283614032, 31.77221048050297 ], [ -106.478575291789937, 31.772207708540318 ], [ -106.478574576441588, 31.77220485270966 ], [ -106.478574144458207, 31.772201940514211 ], [ -106.478574, 31.772199 ] ] ] } },
{ "type": "Feature", "properties": { "PLACEKEY": "22m-222@8tf-p3j-jvz", "PARENT_PLACEKEY": null, "LOCATION_NAME": "Sun City Income Tax Service", "BRANDS": null, "TOP_CATEGORY": "Accounting, Tax Preparation, Bookkeeping, and Payroll Services", "SUB_CATEGORY": "Tax Preparation Services", "NAICS_CODE": 541213, "LATITUDE": 31.773507, "LONGITUDE": -106.477398, "STREET_ADDRESS": "1607 Montana Ave", "CITY": "El Paso", "REGION": "TX", "POSTAL_CODE": 79902, "OPEN_HOURS": null, "CATEGORY_TAGS": null, "OPENED_ON": null, "CLOSED_ON": null, "TRACKING_CLOSED_SINCE": null, "GEOMETRY_TYPE": "POLYGON", "POLYGON_CLASS": "SHARED_POLYGON", "ENCLOSED": "False", "PHONE_NUMBER": 19152084972.0, "IS_SYNTHETIC": "False", "INCLUDES_PARKING_LOT": "False", "WKT_AREA_SQ_METERS": 1533.0, "DOMAINS": [ ], "WEBSITE": "http://www.suncitytrioinc.vpweb.com" }, "geometry": { "type": "Polygon", "coordinates": [ [ [ -106.476875930999938, 31.773747857000046 ], [ -106.477572686999963, 31.773299144000077 ], [ -106.477450137999938, 31.773162699000068 ], [ -106.477464694, 31.773153324000077 ], [ -106.477697599999942, 31.773418800000059 ], [ -106.477535899999964, 31.773522400000047 ], [ -106.477376199999981, 31.773628200000076 ], [ -106.477185, 31.773753100000079 ], [ -106.476991399999974, 31.773875300000043 ], [ -106.476875930999938, 31.773747857000046 ] ] ] } },
{ "type": "Feature", "properties": { "PLACEKEY": "22k-222@8tf-p3j-hnq", "PARENT_PLACEKEY": null, "LOCATION_NAME": "El Paso Staffing Services", "BRANDS": null, "TOP_CATEGORY": "Employment Services", "SUB_CATEGORY": "Employment Placement Agencies", "NAICS_CODE": 561311, "LATITUDE": 31.769576, "LONGITUDE": -106.481524, "STREET_ADDRESS": "1207 E Yandell Dr", "CITY": "El Paso", "REGION": "TX", "POSTAL_CODE": 79902, "OPEN_HOURS": { "Mon": [ [ "8:00", "17:00" ] ], "Tue": [ [ "8:00", "17:00" ] ], "Wed": [ [ "8:00", "17:00" ] ], "Thu": [ [ "8:00", "17:00" ] ], "Fri": [ [ "8:00", "17:00" ] ], "Sat": [ ], "Sun": [ ] }, "CATEGORY_TAGS": null, "OPENED_ON": null, "CLOSED_ON": null, "TRACKING_CLOSED_SINCE": null, "GEOMETRY_TYPE": "POLYGON", "POLYGON_CLASS": "SHARED_POLYGON", "ENCLOSED": "False", "PHONE_NUMBER": 19156132324.0, "IS_SYNTHETIC": "False", "INCLUDES_PARKING_LOT": "False", "WKT_AREA_SQ_METERS": 377.0, "DOMAINS": [ "elpasostaffingservices.com" ], "WEBSITE": "https://www.elpasostaffingservices.com" }, "geometry": { "type": "Polygon", "coordinates": [ [ [ -106.481590956, 31.769761779000078 ], [ -106.481418641999937, 31.769555866000076 ], [ -106.481505810999977, 31.769503554000039 ], [ -106.481622855999944, 31.769643420000079 ], [ -106.481682497999941, 31.769607629000063 ], [ -106.481702005999978, 31.769630939000024 ], [ -106.48174329699998, 31.769606160000023 ], [ -106.481727040999942, 31.769586734000029 ], [ -106.481763743999977, 31.769564709000065 ], [ -106.481812511999976, 31.769622986000059 ], [ -106.481684050999945, 31.769700076000049 ], [ -106.481690553999954, 31.769707847000063 ], [ -106.481649262999952, 31.769732626000064 ], [ -106.481584237999982, 31.769654923000076 ], [ -106.481561298999964, 31.769668689000071 ], [ -106.481623072, 31.769742506000057 ], [ -106.481590956, 31.769761779000078 ] ] ] } },
{ "type": "Feature", "properties": { "PLACEKEY": "22q-222@8tf-p3j-jvz", "PARENT_PLACEKEY": null, "LOCATION_NAME": "Labor Ready", "BRANDS": "Labor Ready", "TOP_CATEGORY": "Employment Services", "SUB_CATEGORY": "Employment Placement Agencies", "NAICS_CODE": 561311, "LATITUDE": 31.773809, "LONGITUDE": -106.476956, "STREET_ADDRESS": "1621 Montana Ave", "CITY": "El Paso", "REGION": "TX", "POSTAL_CODE": 79902, "OPEN_HOURS": { "Mon": [ [ "5:30", "18:00" ] ], "Tue": [ [ "5:30", "18:00" ] ], "Wed": [ [ "5:30", "18:00" ] ], "Thu": [ [ "5:30", "18:00" ] ], "Fri": [ [ "5:30", "18:00" ] ], "Sat": [ [ "7:00", "11:00" ] ], "Sun": [ ] }, "CATEGORY_TAGS": null, "OPENED_ON": null, "CLOSED_ON": null, "TRACKING_CLOSED_SINCE": null, "GEOMETRY_TYPE": "POLYGON", "POLYGON_CLASS": "OWNED_POLYGON", "ENCLOSED": "False", "PHONE_NUMBER": 19155421725.0, "IS_SYNTHETIC": "False", "INCLUDES_PARKING_LOT": "False", "WKT_AREA_SQ_METERS": 155.0, "DOMAINS": [ "peopleready.com" ], "WEBSITE": null }, "geometry": { "type": "Polygon", "coordinates": [ [ [ -106.476865009087902, 31.773774791276072 ], [ -106.476942793149334, 31.773722915880207 ], [ -106.477046728748661, 31.773843198347059 ], [ -106.476968944687229, 31.773895073675504 ], [ -106.476865009087902, 31.773774791276072 ] ] ] } },
{ "type": "Feature", "properties": { "PLACEKEY": "222-222@8tf-p3j-5pv", "PARENT_PLACEKEY": null, "LOCATION_NAME": "Aguirre Rafael", "BRANDS": null, "TOP_CATEGORY": "Offices of Other Health Practitioners", "SUB_CATEGORY": "Offices of Mental Health Practitioners (except Physicians)", "NAICS_CODE": 621330, "LATITUDE": 31.770356, "LONGITUDE": -106.48234, "STREET_ADDRESS": "905 Noble St", "CITY": "El Paso", "REGION": "TX", "POSTAL_CODE": 79902, "OPEN_HOURS": null, "CATEGORY_TAGS": "Mental Health", "OPENED_ON": null, "CLOSED_ON": null, "TRACKING_CLOSED_SINCE": null, "GEOMETRY_TYPE": "POLYGON", "POLYGON_CLASS": "SHARED_POLYGON", "ENCLOSED": "False", "PHONE_NUMBER": 19153513988.0, "IS_SYNTHETIC": "False", "INCLUDES_PARKING_LOT": "False", "WKT_AREA_SQ_METERS": 122.0, "DOMAINS": [ ], "WEBSITE": null }, "geometry": { "type": "Polygon", "coordinates": [ [ [ -106.482453760999988, 31.770351988000073 ], [ -106.482336839999959, 31.770426379000071 ], [ -106.482279924999943, 31.770365379000054 ], [ -106.482394641999974, 31.770288625000035 ], [ -106.482453760999988, 31.770351988000073 ] ] ] } },
{ "type": "Feature", "properties": { "PLACEKEY": "224-225@8tf-p3j-5zz", "PARENT_PLACEKEY": null, "LOCATION_NAME": "The Marketing Hunters", "BRANDS": null, "TOP_CATEGORY": "Advertising, Public Relations, and Related Services", "SUB_CATEGORY": "Advertising Agencies", "NAICS_CODE": 541810, "LATITUDE": 31.768992, "LONGITUDE": -106.483131, "STREET_ADDRESS": "1100 Montana Ave", "CITY": "El Paso", "REGION": "TX", "POSTAL_CODE": 79902, "OPEN_HOURS": { "Mon": [ [ "8:00", "17:00" ] ], "Tue": [ [ "8:00", "17:00" ] ], "Wed": [ [ "8:00", "17:00" ] ], "Thu": [ [ "8:00", "17:00" ] ], "Fri": [ [ "8:00", "17:00" ] ], "Sat": [ ], "Sun": [ ] }, "CATEGORY_TAGS": null, "OPENED_ON": null, "CLOSED_ON": null, "TRACKING_CLOSED_SINCE": null, "GEOMETRY_TYPE": "POLYGON", "POLYGON_CLASS": "SHARED_POLYGON", "ENCLOSED": "False", "PHONE_NUMBER": 17143459541.0, "IS_SYNTHETIC": "False", "INCLUDES_PARKING_LOT": "False", "WKT_AREA_SQ_METERS": 898.0, "DOMAINS": [ "themarketinghunters.com" ], "WEBSITE": "http://www.themarketinghunters.com/" }, "geometry": { "type": "Polygon", "coordinates": [ [ [ -106.482981904999974, 31.768995542000027 ], [ -106.483232533999967, 31.768834106000043 ], [ -106.483426574999953, 31.769050136000033 ], [ -106.48317594699995, 31.769211573000064 ], [ -106.482981904999974, 31.768995542000027 ] ] ] } },
{ "type": "Feature", "properties": { "PLACEKEY": "222-222@8tf-p3j-5zz", "PARENT_PLACEKEY": null, "LOCATION_NAME": "Valor Personal Assistance Service", "BRANDS": null, "TOP_CATEGORY": "Medical and Diagnostic Laboratories", "SUB_CATEGORY": "Diagnostic Imaging Centers", "NAICS_CODE": 621512, "LATITUDE": 31.768518, "LONGITUDE": -106.484014, "STREET_ADDRESS": "1014 Montana Ave", "CITY": "El Paso", "REGION": "TX", "POSTAL_CODE": 79902, "OPEN_HOURS": null, "CATEGORY_TAGS": null, "OPENED_ON": null, "CLOSED_ON": null, "TRACKING_CLOSED_SINCE": null, "GEOMETRY_TYPE": "POLYGON", "POLYGON_CLASS": "OWNED_POLYGON", "ENCLOSED": "False", "PHONE_NUMBER": 19155410033.0, "IS_SYNTHETIC": "False", "INCLUDES_PARKING_LOT": "False", "WKT_AREA_SQ_METERS": 223.0, "DOMAINS": [ ], "WEBSITE": null }, "geometry": { "type": "Polygon", "coordinates": [ [ [ -106.483903253999983, 31.768481132000034 ], [ -106.484001713999987, 31.768417709000062 ], [ -106.48412426699997, 31.768554149000067 ], [ -106.484025806999966, 31.76861757100005 ], [ -106.483903253999983, 31.768481132000034 ] ] ] } },
{ "type": "Feature", "properties": { "PLACEKEY": "zzy-223@8tf-p3j-hqz", "PARENT_PLACEKEY": null, "LOCATION_NAME": "Sun Metro Rio Grande Noble", "BRANDS": null, "TOP_CATEGORY": "Urban Transit Systems", "SUB_CATEGORY": "Bus and Other Motor Vehicle Transit Systems", "NAICS_CODE": 485113, "LATITUDE": 31.770966, "LONGITUDE": -106.482339, "STREET_ADDRESS": "Rio Grande Noble", "CITY": "El Paso", "REGION": "TX", "POSTAL_CODE": 79902, "OPEN_HOURS": null, "CATEGORY_TAGS": "Bus Station,Buses", "OPENED_ON": null, "CLOSED_ON": null, "TRACKING_CLOSED_SINCE": null, "GEOMETRY_TYPE": "POINT", "POLYGON_CLASS": null, "ENCLOSED": null, "PHONE_NUMBER": null, "IS_SYNTHETIC": null, "INCLUDES_PARKING_LOT": null, "WKT_AREA_SQ_METERS": null, "DOMAINS": [ ], "WEBSITE": null }, "geometry": { "type": "Polygon", "coordinates": [ [ [ -106.482309, 31.770966 ], [ -106.482309144458199, 31.770963059485791 ], [ -106.48230957644158, 31.770960147290342 ], [ -106.482310291789929, 31.770957291459684 ], [ -106.482311283614024, 31.770954519497032 ], [ -106.482312542362067, 31.770951858097895 ], [ -106.48231405591163, 31.770949332893011 ], [ -106.482315809686398, 31.770946968201475 ], [ -106.482317786796557, 31.770944786796566 ], [ -106.482319968201466, 31.770942809686399 ], [ -106.482322332893006, 31.770941055911631 ], [ -106.482324858097897, 31.770939542362072 ], [ -106.482327519497019, 31.770938283614026 ], [ -106.482330291459675, 31.770937291789931 ], [ -106.482333147290333, 31.770936576441589 ], [ -106.482336059485789, 31.770936144458201 ], [ -106.482339, 31.770936 ], [ -106.482341940514203, 31.770936144458201 ], [ -106.482344852709659, 31.770936576441589 ], [ -106.482347708540317, 31.770937291789931 ], [ -106.482350480502973, 31.770938283614026 ], [ -106.482353141902095, 31.770939542362072 ], [ -106.482355667106987, 31.770941055911631 ], [ -106.482358031798526, 31.770942809686399 ], [ -106.482360213203435, 31.770944786796566 ], [ -106.482362190313594, 31.770946968201475 ], [ -106.482363944088362, 31.770949332893011 ], [ -106.482365457637925, 31.770951858097895 ], [ -106.482366716385968, 31.770954519497032 ], [ -106.482367708210063, 31.770957291459684 ], [ -106.482368423558412, 31.770960147290342 ], [ -106.482368855541793, 31.770963059485791 ], [ -106.482369, 31.770966 ], [ -106.482368855541793, 31.770968940514212 ], [ -106.482368423558412, 31.770971852709661 ], [ -106.482367708210063, 31.770974708540319 ], [ -106.482366716385968, 31.770977480502971 ], [ -106.482365457637925, 31.770980141902108 ], [ -106.482363944088362, 31.770982667106992 ], [ -106.482362190313594, 31.770985031798528 ], [ -106.482360213203435, 31.770987213203437 ], [ -106.482358031798526, 31.770989190313603 ], [ -106.482355667106987, 31.770990944088371 ], [ -106.482353141902095, 31.770992457637931 ], [ -106.482350480502973, 31.770993716385977 ], [ -106.482347708540317, 31.770994708210072 ], [ -106.482344852709659, 31.770995423558414 ], [ -106.482341940514203, 31.770995855541802 ], [ -106.482339, 31.770996 ], [ -106.482336059485789, 31.770995855541802 ], [ -106.482333147290333, 31.770995423558414 ], [ -106.482330291459675, 31.770994708210072 ], [ -106.482327519497019, 31.770993716385977 ], [ -106.482324858097897, 31.770992457637931 ], [ -106.482322332893006, 31.770990944088371 ], [ -106.482319968201466, 31.770989190313603 ], [ -106.482317786796557, 31.770987213203437 ], [ -106.482315809686398, 31.770985031798528 ], [ -106.48231405591163, 31.770982667106992 ], [ -106.482312542362067, 31.770980141902108 ], [ -106.482311283614024, 31.770977480502971 ], [ -106.482310291789929, 31.770974708540319 ], [ -106.48230957644158, 31.770971852709661 ], [ -106.482309144458199, 31.770968940514212 ], [ -106.482309, 31.770966 ] ] ] } },
{ "type": "Feature", "properties": { "PLACEKEY": "22v-222@8tf-p3j-jsq", "PARENT_PLACEKEY": null, "LOCATION_NAME": "Nova Body Design", "BRANDS": null, "TOP_CATEGORY": "Personal Care Services", "SUB_CATEGORY": "Other Personal Care Services", "NAICS_CODE": 812199, "LATITUDE": 31.772639, "LONGITUDE": -106.475193, "STREET_ADDRESS": "706 Dallas St", "CITY": "El Paso", "REGION": "TX", "POSTAL_CODE": 79902, "OPEN_HOURS": null, "CATEGORY_TAGS": null, "OPENED_ON": null, "CLOSED_ON": null, "TRACKING_CLOSED_SINCE": null, "GEOMETRY_TYPE": "POLYGON", "POLYGON_CLASS": "OWNED_POLYGON", "ENCLOSED": "False", "PHONE_NUMBER": 19158205389.0, "IS_SYNTHETIC": "False", "INCLUDES_PARKING_LOT": "False", "WKT_AREA_SQ_METERS": 375.0, "DOMAINS": [ "novabodydesign.com" ], "WEBSITE": "http://novabodydesign.com/" }, "geometry": { "type": "Polygon", "coordinates": [ [ [ -106.475191950999942, 31.772690118000071 ], [ -106.475027281999985, 31.772521193000046 ], [ -106.475118352999971, 31.772457536000047 ], [ -106.475218585999983, 31.772560360000057 ], [ -106.475235932999965, 31.772548234000055 ], [ -106.475271730999964, 31.772584957000049 ], [ -106.475224027999957, 31.77261830100008 ], [ -106.475256244999969, 31.772651352000025 ], [ -106.475290939, 31.772627101000069 ], [ -106.475337476, 31.772674841000025 ], [ -106.475216048, 31.772759717000042 ], [ -106.475165931, 31.772708306000027 ], [ -106.475191950999942, 31.772690118000071 ] ] ] } },
{ "type": "Feature", "properties": { "PLACEKEY": "22c-222@8tf-p3j-grk", "PARENT_PLACEKEY": null, "LOCATION_NAME": "Marisela Franco", "BRANDS": null, "TOP_CATEGORY": "Offices of Physicians", "SUB_CATEGORY": "Offices of Physicians, Mental Health Specialists", "NAICS_CODE": 621112, "LATITUDE": 31.76991, "LONGITUDE": -106.478291, "STREET_ADDRESS": "1406 Wyoming Ave", "CITY": "El Paso", "REGION": "TX", "POSTAL_CODE": 79902, "OPEN_HOURS": null, "CATEGORY_TAGS": null, "OPENED_ON": null, "CLOSED_ON": null, "TRACKING_CLOSED_SINCE": null, "GEOMETRY_TYPE": "POLYGON", "POLYGON_CLASS": "OWNED_POLYGON", "ENCLOSED": "False", "PHONE_NUMBER": 19155323650.0, "IS_SYNTHETIC": "False", "INCLUDES_PARKING_LOT": "False", "WKT_AREA_SQ_METERS": 215.0, "DOMAINS": [ ], "WEBSITE": null }, "geometry": { "type": "Polygon", "coordinates": [ [ [ -106.478242605999981, 31.769934441000032 ], [ -106.478137496999977, 31.769814401000076 ], [ -106.478162357999963, 31.769792965000079 ], [ -106.478274689999978, 31.769886390000067 ], [ -106.478302270999961, 31.769862609000029 ], [ -106.478418614999953, 31.769959370000038 ], [ -106.478347691999943, 31.770020522000038 ], [ -106.478242605999981, 31.769934441000032 ] ] ] } },
{ "type": "Feature", "properties": { "PLACEKEY": "229-225@8tf-p3j-hnq", "PARENT_PLACEKEY": null, "LOCATION_NAME": "Velarde Ray Attorney at Law", "BRANDS": null, "TOP_CATEGORY": "Legal Services", "SUB_CATEGORY": "Offices of Lawyers", "NAICS_CODE": 541110, "LATITUDE": 31.770106, "LONGITUDE": -106.481471, "STREET_ADDRESS": "1216 Montana Ave", "CITY": "El Paso", "REGION": "TX", "POSTAL_CODE": 79902, "OPEN_HOURS": { "Mon": [ [ "9:00", "17:00" ] ], "Tue": [ [ "9:00", "17:00" ] ], "Wed": [ [ "9:00", "17:00" ] ], "Thu": [ [ "9:00", "17:00" ] ], "Fri": [ [ "9:00", "17:00" ] ], "Sat": [ ], "Sun": [ ] }, "CATEGORY_TAGS": null, "OPENED_ON": null, "CLOSED_ON": null, "TRACKING_CLOSED_SINCE": null, "GEOMETRY_TYPE": "POLYGON", "POLYGON_CLASS": "SHARED_POLYGON", "ENCLOSED": "False", "PHONE_NUMBER": 19155326003.0, "IS_SYNTHETIC": "False", "INCLUDES_PARKING_LOT": "False", "WKT_AREA_SQ_METERS": 106.0, "DOMAINS": [ ], "WEBSITE": null }, "geometry": { "type": "Polygon", "coordinates": [ [ [ -106.481517514882668, 31.770103485117335 ], [ -106.48144378901425, 31.77017721098575 ], [ -106.481369442999949, 31.770102365000071 ], [ -106.481455506999964, 31.77004106000004 ], [ -106.481517514882668, 31.770103485117335 ] ] ] } },
{ "type": "Feature", "properties": { "PLACEKEY": "226-238@8tf-p3j-jn5", "PARENT_PLACEKEY": "226-222@8tf-p3j-jn5", "LOCATION_NAME": "Mr. Hector Hernandez Lpc", "BRANDS": null, "TOP_CATEGORY": "Offices of Physicians", "SUB_CATEGORY": "Offices of Physicians, Mental Health Specialists", "NAICS_CODE": 621112, "LATITUDE": 31.772997, "LONGITUDE": -106.476813, "STREET_ADDRESS": "1600 Montana Ave", "CITY": "El Paso", "REGION": "TX", "POSTAL_CODE": 79902, "OPEN_HOURS": null, "CATEGORY_TAGS": null, "OPENED_ON": null, "CLOSED_ON": null, "TRACKING_CLOSED_SINCE": null, "GEOMETRY_TYPE": "POLYGON", "POLYGON_CLASS": "SHARED_POLYGON", "ENCLOSED": "False", "PHONE_NUMBER": 19155994700.0, "IS_SYNTHETIC": "False", "INCLUDES_PARKING_LOT": "False", "WKT_AREA_SQ_METERS": 1317.0, "DOMAINS": [ ], "WEBSITE": null }, "geometry": { "type": "Polygon", "coordinates": [ [ [ -106.476783027999943, 31.773188924000067 ], [ -106.476647432999982, 31.77303102500008 ], [ -106.47672474999996, 31.772983417000034 ], [ -106.476708213999984, 31.772964161000061 ], [ -106.47673550199994, 31.772947358000067 ], [ -106.47674872999994, 31.772962763000066 ], [ -106.477098927999975, 31.77274712600007 ], [ -106.47723121599995, 31.772901174000026 ], [ -106.477099323999937, 31.77298238700007 ], [ -106.477148930999988, 31.773040156000036 ], [ -106.47696246299995, 31.773154975000068 ], [ -106.476919468999938, 31.773104910000029 ], [ -106.476783027999943, 31.773188924000067 ] ] ] } },
{ "type": "Feature", "properties": { "PLACEKEY": "222-223@8tf-p3j-k2k", "PARENT_PLACEKEY": null, "LOCATION_NAME": "Emery Group", "BRANDS": null, "TOP_CATEGORY": "Advertising, Public Relations, and Related Services", "SUB_CATEGORY": null, "NAICS_CODE": 5418, "LATITUDE": 31.772903, "LONGITUDE": -106.478279, "STREET_ADDRESS": "1519 Montana Ave", "CITY": "El Paso", "REGION": "TX", "POSTAL_CODE": 79902, "OPEN_HOURS": { "Mon": [ [ "8:30", "17:00" ] ], "Tue": [ [ "8:30", "17:00" ] ], "Wed": [ [ "8:30", "17:00" ] ], "Thu": [ [ "8:30", "17:00" ] ], "Fri": [ [ "8:30", "17:00" ] ], "Sat": [ ], "Sun": [ ] }, "CATEGORY_TAGS": "Advertising,Graphic Design,Marketing", "OPENED_ON": null, "CLOSED_ON": null, "TRACKING_CLOSED_SINCE": null, "GEOMETRY_TYPE": "POLYGON", "POLYGON_CLASS": "SHARED_POLYGON", "ENCLOSED": "False", "PHONE_NUMBER": 19155323636.0, "IS_SYNTHETIC": "False", "INCLUDES_PARKING_LOT": "False", "WKT_AREA_SQ_METERS": 246.0, "DOMAINS": [ "emerygroup.com", "emery.com" ], "WEBSITE": null }, "geometry": { "type": "Polygon", "coordinates": [ [ [ -106.478178312999944, 31.772882025000058 ], [ -106.47828994799994, 31.772809670000072 ], [ -106.478409573999954, 31.772942015000069 ], [ -106.478297937999969, 31.773014369000066 ], [ -106.478178312999944, 31.772882025000058 ] ] ] } },
{ "type": "Feature", "properties": { "PLACEKEY": "229-223@8tf-p3j-ht9", "PARENT_PLACEKEY": null, "LOCATION_NAME": "L & K Spa", "BRANDS": null, "TOP_CATEGORY": "Personal Care Services", "SUB_CATEGORY": "Other Personal Care Services", "NAICS_CODE": 812199, "LATITUDE": 31.770374, "LONGITUDE": -106.480345, "STREET_ADDRESS": "1309 E Yandell Dr", "CITY": "El Paso", "REGION": "TX", "POSTAL_CODE": 79902, "OPEN_HOURS": null, "CATEGORY_TAGS": null, "OPENED_ON": null, "CLOSED_ON": null, "TRACKING_CLOSED_SINCE": null, "GEOMETRY_TYPE": "POLYGON", "POLYGON_CLASS": "OWNED_POLYGON", "ENCLOSED": "False", "PHONE_NUMBER": 19153196740.0, "IS_SYNTHETIC": "False", "INCLUDES_PARKING_LOT": "False", "WKT_AREA_SQ_METERS": 249.0, "DOMAINS": [ ], "WEBSITE": null }, "geometry": { "type": "Polygon", "coordinates": [ [ [ -106.480233323999983, 31.770317611000053 ], [ -106.480308873999945, 31.770268015000056 ], [ -106.480457017999981, 31.770429841000066 ], [ -106.480430352999974, 31.770447345000036 ], [ -106.480478584999958, 31.770500032000029 ], [ -106.480429699999945, 31.770532124000056 ], [ -106.480233323999983, 31.770317611000053 ] ] ] } },
{ "type": "Feature", "properties": { "PLACEKEY": "22p-223@8tf-p3j-5zz", "PARENT_PLACEKEY": null, "LOCATION_NAME": "Omar Torres Lmsw-acp", "BRANDS": null, "TOP_CATEGORY": "Offices of Physicians", "SUB_CATEGORY": "Offices of Physicians, Mental Health Specialists", "NAICS_CODE": 621112, "LATITUDE": 31.768546, "LONGITUDE": -106.484852, "STREET_ADDRESS": "1001 Montana Ave", "CITY": "El Paso", "REGION": "TX", "POSTAL_CODE": 79902, "OPEN_HOURS": null, "CATEGORY_TAGS": null, "OPENED_ON": null, "CLOSED_ON": null, "TRACKING_CLOSED_SINCE": null, "GEOMETRY_TYPE": "POLYGON", "POLYGON_CLASS": "SHARED_POLYGON", "ENCLOSED": "False", "PHONE_NUMBER": 19155347227.0, "IS_SYNTHETIC": "False", "INCLUDES_PARKING_LOT": "False", "WKT_AREA_SQ_METERS": 175.0, "DOMAINS": [ ], "WEBSITE": null }, "geometry": { "type": "Polygon", "coordinates": [ [ [ -106.484777437999981, 31.768552525000075 ], [ -106.484883581999952, 31.768481950000023 ], [ -106.48497386799994, 31.768579327000054 ], [ -106.484867722999979, 31.768649903000039 ], [ -106.484777437999981, 31.768552525000075 ] ] ] } },
{ "type": "Feature", "properties": { "PLACEKEY": "23c-222@8tf-p3j-kzz", "PARENT_PLACEKEY": "224-224@8tf-p3j-kzz", "LOCATION_NAME": "Eduardo Mariscal Pmhnp-bc", "BRANDS": null, "TOP_CATEGORY": "Offices of Other Health Practitioners", "SUB_CATEGORY": "Offices of All Other Miscellaneous Health Practitioners", "NAICS_CODE": 621399, "LATITUDE": 31.769435, "LONGITUDE": -106.482715, "STREET_ADDRESS": "1122 Montana Ave Ste A", "CITY": "El Paso", "REGION": "TX", "POSTAL_CODE": 79902, "OPEN_HOURS": null, "CATEGORY_TAGS": null, "OPENED_ON": null, "CLOSED_ON": null, "TRACKING_CLOSED_SINCE": null, "GEOMETRY_TYPE": "POLYGON", "POLYGON_CLASS": "SHARED_POLYGON", "ENCLOSED": "False", "PHONE_NUMBER": 19153075796.0, "IS_SYNTHETIC": "False", "INCLUDES_PARKING_LOT": "False", "WKT_AREA_SQ_METERS": 229.0, "DOMAINS": [ ], "WEBSITE": null }, "geometry": { "type": "Polygon", "coordinates": [ [ [ -106.482553476999954, 31.769347663000076 ], [ -106.482657546999974, 31.769274905000032 ], [ -106.482779265999966, 31.769399755000052 ], [ -106.482675195999946, 31.769472513000039 ], [ -106.482553476999954, 31.769347663000076 ] ] ] } },
{ "type": "Feature", "properties": { "PLACEKEY": "228-226@8tf-p3j-hh5", "PARENT_PLACEKEY": "228-222@8tf-p3j-hh5", "LOCATION_NAME": "Cesiah Garcia", "BRANDS": null, "TOP_CATEGORY": "Offices of Physicians", "SUB_CATEGORY": "Offices of Physicians, Mental Health Specialists", "NAICS_CODE": 621112, "LATITUDE": 31.771661, "LONGITUDE": -106.479207, "STREET_ADDRESS": "1418 Montana Ave", "CITY": "El Paso", "REGION": "TX", "POSTAL_CODE": 79902, "OPEN_HOURS": null, "CATEGORY_TAGS": null, "OPENED_ON": null, "CLOSED_ON": null, "TRACKING_CLOSED_SINCE": null, "GEOMETRY_TYPE": "POLYGON", "POLYGON_CLASS": "SHARED_POLYGON", "ENCLOSED": "False", "PHONE_NUMBER": 19153514431.0, "IS_SYNTHETIC": "False", "INCLUDES_PARKING_LOT": "False", "WKT_AREA_SQ_METERS": 217.0, "DOMAINS": [ ], "WEBSITE": null }, "geometry": { "type": "Polygon", "coordinates": [ [ [ -106.479074608999952, 31.771574753000039 ], [ -106.479177272999948, 31.771516301000077 ], [ -106.479287088999968, 31.771654606000027 ], [ -106.479184424999971, 31.771713059000035 ], [ -106.479074608999952, 31.771574753000039 ] ] ] } },
{ "type": "Feature", "properties": { "PLACEKEY": "222-222@8tf-p3j-k4v", "PARENT_PLACEKEY": null, "LOCATION_NAME": "Efficio Construction Services", "BRANDS": null, "TOP_CATEGORY": "Other Specialty Trade Contractors", "SUB_CATEGORY": null, "NAICS_CODE": 2389, "LATITUDE": 31.772133, "LONGITUDE": -106.476679, "STREET_ADDRESS": "1600 E Yandell Dr", "CITY": "El Paso", "REGION": "TX", "POSTAL_CODE": 79902, "OPEN_HOURS": { "Mon": [ [ "8:00", "17:00" ] ], "Tue": [ [ "8:00", "17:00" ] ], "Wed": [ [ "8:00", "17:00" ] ], "Thu": [ [ "8:00", "17:00" ] ], "Fri": [ [ "8:00", "17:00" ] ], "Sat": [ ], "Sun": [ ] }, "CATEGORY_TAGS": "Contractors", "OPENED_ON": null, "CLOSED_ON": null, "TRACKING_CLOSED_SINCE": null, "GEOMETRY_TYPE": "POLYGON", "POLYGON_CLASS": "SHARED_POLYGON", "ENCLOSED": "False", "PHONE_NUMBER": 19159957119.0, "IS_SYNTHETIC": "False", "INCLUDES_PARKING_LOT": "False", "WKT_AREA_SQ_METERS": 266.0, "DOMAINS": [ "efficiollc.com" ], "WEBSITE": null }, "geometry": { "type": "Polygon", "coordinates": [ [ [ -106.476552433999984, 31.772128726000062 ], [ -106.476594357999943, 31.772101727000063 ], [ -106.476628399, 31.772139628000048 ], [ -106.476713440999958, 31.772084861000053 ], [ -106.476811399999974, 31.772196200000053 ], [ -106.476678399999969, 31.772281200000066 ], [ -106.476552433999984, 31.772128726000062 ] ] ] } },
{ "type": "Feature", "properties": { "PLACEKEY": "22f-222@8tf-p3j-gx5", "PARENT_PLACEKEY": null, "LOCATION_NAME": "Fire Service Equipment", "BRANDS": null, "TOP_CATEGORY": "Justice, Public Order, and Safety Activities", "SUB_CATEGORY": "Fire Protection", "NAICS_CODE": 922160, "LATITUDE": 31.770598, "LONGITUDE": -106.477189, "STREET_ADDRESS": "1500 Wyoming Ave", "CITY": "El Paso", "REGION": "TX", "POSTAL_CODE": 79902, "OPEN_HOURS": null, "CATEGORY_TAGS": null, "OPENED_ON": null, "CLOSED_ON": null, "TRACKING_CLOSED_SINCE": null, "GEOMETRY_TYPE": "POLYGON", "POLYGON_CLASS": "OWNED_POLYGON", "ENCLOSED": "False", "PHONE_NUMBER": null, "IS_SYNTHETIC": "False", "INCLUDES_PARKING_LOT": "False", "WKT_AREA_SQ_METERS": 292.0, "DOMAINS": [ ], "WEBSITE": null }, "geometry": { "type": "Polygon", "coordinates": [ [ [ -106.477063099999953, 31.770568513000057 ], [ -106.47718969999994, 31.77048810000008 ], [ -106.477315067999939, 31.770627825000076 ], [ -106.47718918299995, 31.770708899000056 ], [ -106.477063099999953, 31.770568513000057 ] ] ] } },
{ "type": "Feature", "properties": { "PLACEKEY": "238-227@8tf-p3j-jy9", "PARENT_PLACEKEY": "226-222@8tf-p3j-jn5", "LOCATION_NAME": "Gabriela Marquez Lpc", "BRANDS": null, "TOP_CATEGORY": "Offices of Physicians", "SUB_CATEGORY": "Offices of Physicians, Mental Health Specialists", "NAICS_CODE": 621112, "LATITUDE": 31.772924, "LONGITUDE": -106.476874, "STREET_ADDRESS": "1601 E Yandell Dr", "CITY": "El Paso", "REGION": "TX", "POSTAL_CODE": 79902, "OPEN_HOURS": null, "CATEGORY_TAGS": null, "OPENED_ON": null, "CLOSED_ON": null, "TRACKING_CLOSED_SINCE": null, "GEOMETRY_TYPE": "POLYGON", "POLYGON_CLASS": "SHARED_POLYGON", "ENCLOSED": "False", "PHONE_NUMBER": 19158873410.0, "IS_SYNTHETIC": "False", "INCLUDES_PARKING_LOT": "False", "WKT_AREA_SQ_METERS": 1317.0, "DOMAINS": [ ], "WEBSITE": null }, "geometry": { "type": "Polygon", "coordinates": [ [ [ -106.476783027999943, 31.773188924000067 ], [ -106.476647432999982, 31.77303102500008 ], [ -106.47672474999996, 31.772983417000034 ], [ -106.476708213999984, 31.772964161000061 ], [ -106.47673550199994, 31.772947358000067 ], [ -106.47674872999994, 31.772962763000066 ], [ -106.477098927999975, 31.77274712600007 ], [ -106.47723121599995, 31.772901174000026 ], [ -106.477099323999937, 31.77298238700007 ], [ -106.477148930999988, 31.773040156000036 ], [ -106.47696246299995, 31.773154975000068 ], [ -106.476919468999938, 31.773104910000029 ], [ -106.476783027999943, 31.773188924000067 ] ] ] } },
{ "type": "Feature", "properties": { "PLACEKEY": "22d-224@8tf-p3j-hnq", "PARENT_PLACEKEY": null, "LOCATION_NAME": "Sandra Prieto Law Office", "BRANDS": null, "TOP_CATEGORY": "Legal Services", "SUB_CATEGORY": "Offices of Lawyers", "NAICS_CODE": 541110, "LATITUDE": 31.769909, "LONGITUDE": -106.481848, "STREET_ADDRESS": "1210 Montana Ave", "CITY": "El Paso", "REGION": "TX", "POSTAL_CODE": 79902, "OPEN_HOURS": null, "CATEGORY_TAGS": null, "OPENED_ON": null, "CLOSED_ON": null, "TRACKING_CLOSED_SINCE": null, "GEOMETRY_TYPE": "POLYGON", "POLYGON_CLASS": "SHARED_POLYGON", "ENCLOSED": "False", "PHONE_NUMBER": 19158552600.0, "IS_SYNTHETIC": "False", "INCLUDES_PARKING_LOT": "False", "WKT_AREA_SQ_METERS": 243.0, "DOMAINS": [ "sandraprietortega.com" ], "WEBSITE": null }, "geometry": { "type": "Polygon", "coordinates": [ [ [ -106.481746232999967, 31.769875290000073 ], [ -106.481853144999945, 31.769805547000033 ], [ -106.481976681999981, 31.769941349000078 ], [ -106.481869769999946, 31.770011093000051 ], [ -106.481746232999967, 31.769875290000073 ] ] ] } },
{ "type": "Feature", "properties": { "PLACEKEY": "226-222@8tf-p3j-m6k", "PARENT_PLACEKEY": null, "LOCATION_NAME": "Flores Tile Service", "BRANDS": null, "TOP_CATEGORY": "Building Finishing Contractors", "SUB_CATEGORY": "Flooring Contractors", "NAICS_CODE": 238330, "LATITUDE": 31.768548, "LONGITUDE": -106.480503, "STREET_ADDRESS": "1212 Wyoming Ave", "CITY": "El Paso", "REGION": "TX", "POSTAL_CODE": 79902, "OPEN_HOURS": null, "CATEGORY_TAGS": "Tiling", "OPENED_ON": null, "CLOSED_ON": null, "TRACKING_CLOSED_SINCE": null, "GEOMETRY_TYPE": "POLYGON", "POLYGON_CLASS": "OWNED_POLYGON", "ENCLOSED": "False", "PHONE_NUMBER": 19155321810.0, "IS_SYNTHETIC": "False", "INCLUDES_PARKING_LOT": "False", "WKT_AREA_SQ_METERS": 179.0, "DOMAINS": [ ], "WEBSITE": null }, "geometry": { "type": "Polygon", "coordinates": [ [ [ -106.480458295999938, 31.768449731000032 ], [ -106.480462208999938, 31.768446784000048 ], [ -106.480600477999985, 31.768578432000027 ], [ -106.480518976999974, 31.768639819000043 ], [ -106.48041128999995, 31.768516999000042 ], [ -106.480430473999945, 31.768502550000051 ], [ -106.480411788999959, 31.768484759000046 ], [ -106.480458295999938, 31.768449731000032 ] ] ] } },
{ "type": "Feature", "properties": { "PLACEKEY": "226-223@8tf-p3j-5zz", "PARENT_PLACEKEY": null, "LOCATION_NAME": "Papa Burgers", "BRANDS": null, "TOP_CATEGORY": "Restaurants and Other Eating Places", "SUB_CATEGORY": "Full-Service Restaurants", "NAICS_CODE": 722511, "LATITUDE": 31.768306, "LONGITUDE": -106.48341, "STREET_ADDRESS": "1023 E Yandell Dr", "CITY": "El Paso", "REGION": "TX", "POSTAL_CODE": 79902, "OPEN_HOURS": { "Mon": [ [ "11:00", "16:00" ] ], "Tue": [ [ "11:00", "16:00" ] ], "Wed": [ [ "11:00", "16:00" ] ], "Thu": [ [ "11:00", "16:00" ] ], "Fri": [ [ "11:00", "16:00" ] ], "Sat": [ [ "11:00", "17:00" ] ], "Sun": [ ] }, "CATEGORY_TAGS": "Burgers", "OPENED_ON": null, "CLOSED_ON": null, "TRACKING_CLOSED_SINCE": null, "GEOMETRY_TYPE": "POLYGON", "POLYGON_CLASS": null, "ENCLOSED": "False", "PHONE_NUMBER": 19155337272.0, "IS_SYNTHETIC": "False", "INCLUDES_PARKING_LOT": "False", "WKT_AREA_SQ_METERS": 174.0, "DOMAINS": [ ], "WEBSITE": null }, "geometry": { "type": "Polygon", "coordinates": [ [ [ -106.483354271999985, 31.768293699000026 ], [ -106.483437840999954, 31.76822996900006 ], [ -106.483554488999971, 31.768339662000074 ], [ -106.483470918999956, 31.768403392000039 ], [ -106.483354271999985, 31.768293699000026 ] ] ] } },
{ "type": "Feature", "properties": { "PLACEKEY": "228-223@8tf-p3j-m49", "PARENT_PLACEKEY": null, "LOCATION_NAME": "Trophies Associates", "BRANDS": null, "TOP_CATEGORY": "Architectural, Engineering, and Related Services", "SUB_CATEGORY": "Architectural Services", "NAICS_CODE": 541310, "LATITUDE": 31.767961, "LONGITUDE": -106.480455, "STREET_ADDRESS": "1201 E Missouri Ave", "CITY": "El Paso", "REGION": "TX", "POSTAL_CODE": 79902, "OPEN_HOURS": null, "CATEGORY_TAGS": null, "OPENED_ON": null, "CLOSED_ON": null, "TRACKING_CLOSED_SINCE": null, "GEOMETRY_TYPE": "POLYGON", "POLYGON_CLASS": null, "ENCLOSED": "False", "PHONE_NUMBER": 19155442228.0, "IS_SYNTHETIC": "False", "INCLUDES_PARKING_LOT": "False", "WKT_AREA_SQ_METERS": 481.0, "DOMAINS": [ ], "WEBSITE": null }, "geometry": { "type": "Polygon", "coordinates": [ [ [ -106.480379457999959, 31.768124688000057 ], [ -106.480297120999978, 31.768027406000044 ], [ -106.480305972999986, 31.768028402000027 ], [ -106.480254706999972, 31.767971684000031 ], [ -106.48051368199998, 31.767803814000047 ], [ -106.480612797, 31.767913470000053 ], [ -106.480349356999966, 31.768084234000071 ], [ -106.480383533999941, 31.76812204600003 ], [ -106.480379457999959, 31.768124688000057 ] ] ] } },
{ "type": "Feature", "properties": { "PLACEKEY": "228-224@8tf-p3j-hh5", "PARENT_PLACEKEY": "228-222@8tf-p3j-hh5", "LOCATION_NAME": "MS. Blanca Gadney-moss MA Lpc Lmft Ncc", "BRANDS": null, "TOP_CATEGORY": "Offices of Physicians", "SUB_CATEGORY": "Offices of Physicians, Mental Health Specialists", "NAICS_CODE": 621112, "LATITUDE": 31.771636, "LONGITUDE": -106.479216, "STREET_ADDRESS": "1418 Montana Ave", "CITY": "El Paso", "REGION": "TX", "POSTAL_CODE": 79902, "OPEN_HOURS": null, "CATEGORY_TAGS": null, "OPENED_ON": null, "CLOSED_ON": null, "TRACKING_CLOSED_SINCE": null, "GEOMETRY_TYPE": "POLYGON", "POLYGON_CLASS": "SHARED_POLYGON", "ENCLOSED": "False", "PHONE_NUMBER": 19153518030.0, "IS_SYNTHETIC": "False", "INCLUDES_PARKING_LOT": "False", "WKT_AREA_SQ_METERS": 217.0, "DOMAINS": [ ], "WEBSITE": null }, "geometry": { "type": "Polygon", "coordinates": [ [ [ -106.479074608999952, 31.771574753000039 ], [ -106.479177272999948, 31.771516301000077 ], [ -106.479287088999968, 31.771654606000027 ], [ -106.479184424999971, 31.771713059000035 ], [ -106.479074608999952, 31.771574753000039 ] ] ] } },
{ "type": "Feature", "properties": { "PLACEKEY": "226-222@8tf-p3j-hbk", "PARENT_PLACEKEY": null, "LOCATION_NAME": "Paul Meza CPA", "BRANDS": null, "TOP_CATEGORY": "Accounting, Tax Preparation, Bookkeeping, and Payroll Services", "SUB_CATEGORY": "Offices of Certified Public Accountants", "NAICS_CODE": 541211, "LATITUDE": 31.771464, "LONGITUDE": -106.480401, "STREET_ADDRESS": "1325 Montana Ave", "CITY": "El Paso", "REGION": "TX", "POSTAL_CODE": 79902, "OPEN_HOURS": { "Mon": [ [ "9:00", "18:00" ] ], "Tue": [ [ "9:00", "18:00" ] ], "Wed": [ [ "9:00", "18:00" ] ], "Thu": [ [ "9:00", "18:00" ] ], "Fri": [ [ "9:00", "18:00" ] ], "Sat": [ ], "Sun": [ ] }, "CATEGORY_TAGS": "Accountants,Payroll", "OPENED_ON": null, "CLOSED_ON": null, "TRACKING_CLOSED_SINCE": null, "GEOMETRY_TYPE": "POLYGON", "POLYGON_CLASS": "OWNED_POLYGON", "ENCLOSED": "False", "PHONE_NUMBER": 19155441040.0, "IS_SYNTHETIC": "False", "INCLUDES_PARKING_LOT": "False", "WKT_AREA_SQ_METERS": 288.0, "DOMAINS": [ "paulmezacpa.com" ], "WEBSITE": null }, "geometry": { "type": "Polygon", "coordinates": [ [ [ -106.480273496999985, 31.771422767000047 ], [ -106.480363839999939, 31.771366047000072 ], [ -106.48038728299997, 31.771392824000031 ], [ -106.48041438599995, 31.771375808000073 ], [ -106.480528253999978, 31.771505863000073 ], [ -106.480410805999952, 31.771579598000073 ], [ -106.480273496999985, 31.771422767000047 ] ] ] } },
{ "type": "Feature", "properties": { "PLACEKEY": "22f-222@8tf-p3j-hbk", "PARENT_PLACEKEY": null, "LOCATION_NAME": "Bouchard Wellness", "BRANDS": null, "TOP_CATEGORY": "Offices of Other Health Practitioners", "SUB_CATEGORY": "Offices of All Other Miscellaneous Health Practitioners", "NAICS_CODE": 621399, "LATITUDE": 31.771142, "LONGITUDE": -106.480879, "STREET_ADDRESS": "1315 Montana Ave", "CITY": "El Paso", "REGION": "TX", "POSTAL_CODE": 79902, "OPEN_HOURS": { "Mon": [ ], "Tue": [ [ "7:00", "16:00" ] ], "Wed": [ [ "7:00", "16:00" ] ], "Thu": [ [ "7:00", "16:00" ] ], "Fri": [ [ "7:00", "16:00" ] ], "Sat": [ ], "Sun": [ ] }, "CATEGORY_TAGS": "Acupuncture,Alternative Medicine", "OPENED_ON": null, "CLOSED_ON": null, "TRACKING_CLOSED_SINCE": null, "GEOMETRY_TYPE": "POLYGON", "POLYGON_CLASS": "OWNED_POLYGON", "ENCLOSED": "False", "PHONE_NUMBER": 19152383540.0, "IS_SYNTHETIC": "False", "INCLUDES_PARKING_LOT": "False", "WKT_AREA_SQ_METERS": 197.0, "DOMAINS": [ "bouchardwellness.com" ], "WEBSITE": null }, "geometry": { "type": "Polygon", "coordinates": [ [ [ -106.480842393999978, 31.771049016000063 ], [ -106.480853415999945, 31.771042006000073 ], [ -106.480985106999981, 31.771190506000039 ], [ -106.480904169999974, 31.771241975000066 ], [ -106.480772478999938, 31.771093476000033 ], [ -106.480842393999978, 31.771049016000063 ] ] ] } },
{ "type": "Feature", "properties": { "PLACEKEY": "22w-222@8tf-p3j-j35", "PARENT_PLACEKEY": null, "LOCATION_NAME": "Apartments at 609 N Dallas St", "BRANDS": null, "TOP_CATEGORY": "Lessors of Real Estate", "SUB_CATEGORY": "Lessors of Residential Buildings and Dwellings", "NAICS_CODE": 531110, "LATITUDE": 31.771738, "LONGITUDE": -106.474883, "STREET_ADDRESS": "609 Dallas St", "CITY": "El Paso", "REGION": "TX", "POSTAL_CODE": 79902, "OPEN_HOURS": null, "CATEGORY_TAGS": null, "OPENED_ON": null, "CLOSED_ON": null, "TRACKING_CLOSED_SINCE": null, "GEOMETRY_TYPE": "POLYGON", "POLYGON_CLASS": "OWNED_POLYGON", "ENCLOSED": "False", "PHONE_NUMBER": null, "IS_SYNTHETIC": "False", "INCLUDES_PARKING_LOT": "False", "WKT_AREA_SQ_METERS": 263.0, "DOMAINS": [ ], "WEBSITE": null }, "geometry": { "type": "Polygon", "coordinates": [ [ [ -106.474747288724416, 31.771690465578288 ], [ -106.474833988455984, 31.771613399150247 ], [ -106.474924920999968, 31.771718616000044 ], [ -106.474947609999958, 31.771704555000042 ], [ -106.474994102999972, 31.771758352000063 ], [ -106.474871582, 31.771834282000043 ], [ -106.474747288724416, 31.771690465578288 ] ] ] } },
{ "type": "Feature", "properties": { "PLACEKEY": "22j-222@8tf-p3j-5zz", "PARENT_PLACEKEY": null, "LOCATION_NAME": "Law Office Of Sergio Coronado", "BRANDS": null, "TOP_CATEGORY": "Legal Services", "SUB_CATEGORY": "Offices of Lawyers", "NAICS_CODE": 541110, "LATITUDE": 31.768254, "LONGITUDE": -106.483577, "STREET_ADDRESS": "1019 E Yandell Dr", "CITY": "El Paso", "REGION": "TX", "POSTAL_CODE": 79902, "OPEN_HOURS": null, "CATEGORY_TAGS": null, "OPENED_ON": null, "CLOSED_ON": null, "TRACKING_CLOSED_SINCE": null, "GEOMETRY_TYPE": "POLYGON", "POLYGON_CLASS": "SHARED_POLYGON", "ENCLOSED": "False", "PHONE_NUMBER": 19157408366.0, "IS_SYNTHETIC": "False", "INCLUDES_PARKING_LOT": "False", "WKT_AREA_SQ_METERS": 355.0, "DOMAINS": [ "lawofficeofsergiocoronado.com" ], "WEBSITE": "https://www.lawofficeofsergiocoronado.com" }, "geometry": { "type": "Polygon", "coordinates": [ [ [ -106.483577172999958, 31.768366424000078 ], [ -106.483499351999967, 31.768197063000059 ], [ -106.483556994999958, 31.768178069000044 ], [ -106.483565151, 31.768195819000027 ], [ -106.48361231399997, 31.768180279000035 ], [ -106.483636782999952, 31.768233531000078 ], [ -106.483662983999977, 31.768224897000039 ], [ -106.483701726999982, 31.768309212000077 ], [ -106.483623122999973, 31.768335114000024 ], [ -106.483647592999944, 31.768388366000067 ], [ -106.483631871999989, 31.768393546000027 ], [ -106.483668574999967, 31.768473425000025 ], [ -106.483548048999978, 31.768513140000039 ], [ -106.483515422999972, 31.768442138000069 ], [ -106.483599266999988, 31.768414510000071 ], [ -106.483577172999958, 31.768366424000078 ] ] ] } },
{ "type": "Feature", "properties": { "PLACEKEY": "225-222@8tf-p3j-hnq", "PARENT_PLACEKEY": "zzy-226@8tf-p3j-hnq", "LOCATION_NAME": "Centro De Salud Familiar La Fe", "BRANDS": null, "TOP_CATEGORY": "Specialty (except Psychiatric and Substance Abuse) Hospitals", "SUB_CATEGORY": "Specialty (except Psychiatric and Substance Abuse) Hospitals", "NAICS_CODE": 622310, "LATITUDE": 31.769944, "LONGITUDE": -106.480878, "STREET_ADDRESS": "1225 E Yandell Dr", "CITY": "El Paso", "REGION": "TX", "POSTAL_CODE": 79902, "OPEN_HOURS": null, "CATEGORY_TAGS": null, "OPENED_ON": null, "CLOSED_ON": null, "TRACKING_CLOSED_SINCE": null, "GEOMETRY_TYPE": "POLYGON", "POLYGON_CLASS": "SHARED_POLYGON", "ENCLOSED": "False", "PHONE_NUMBER": 19155329639.0, "IS_SYNTHETIC": "False", "INCLUDES_PARKING_LOT": "False", "WKT_AREA_SQ_METERS": 350.0, "DOMAINS": [ "lafe-ep.org" ], "WEBSITE": "http://www.lafe-ep.org" }, "geometry": { "type": "Polygon", "coordinates": [ [ [ -106.480879307999942, 31.769831443000044 ], [ -106.481028294999987, 31.76999894100004 ], [ -106.480893356999957, 31.77007782700008 ], [ -106.480752792999965, 31.769905406000078 ], [ -106.480879307999942, 31.769831443000044 ] ] ] } },
{ "type": "Feature", "properties": { "PLACEKEY": "222-223@8tf-p3j-jvz", "PARENT_PLACEKEY": null, "LOCATION_NAME": "Iglesia Bautista La Gran Comision", "BRANDS": null, "TOP_CATEGORY": "Religious Organizations", "SUB_CATEGORY": "Religious Organizations", "NAICS_CODE": 813110, "LATITUDE": 31.77352, "LONGITUDE": -106.477387, "STREET_ADDRESS": "1603 Montana Ave Ste 107", "CITY": "El Paso", "REGION": "TX", "POSTAL_CODE": 79902, "OPEN_HOURS": null, "CATEGORY_TAGS": "Churches", "OPENED_ON": null, "CLOSED_ON": null, "TRACKING_CLOSED_SINCE": null, "GEOMETRY_TYPE": "POLYGON", "POLYGON_CLASS": "SHARED_POLYGON", "ENCLOSED": "False", "PHONE_NUMBER": 19152566676.0, "IS_SYNTHETIC": "False", "INCLUDES_PARKING_LOT": "False", "WKT_AREA_SQ_METERS": 1533.0, "DOMAINS": [ "iblgcelpaso.com" ], "WEBSITE": null }, "geometry": { "type": "Polygon", "coordinates": [ [ [ -106.476875930999938, 31.773747857000046 ], [ -106.477572686999963, 31.773299144000077 ], [ -106.477450137999938, 31.773162699000068 ], [ -106.477464694, 31.773153324000077 ], [ -106.477697599999942, 31.773418800000059 ], [ -106.477535899999964, 31.773522400000047 ], [ -106.477376199999981, 31.773628200000076 ], [ -106.477185, 31.773753100000079 ], [ -106.476991399999974, 31.773875300000043 ], [ -106.476875930999938, 31.773747857000046 ] ] ] } },
{ "type": "Feature", "properties": { "PLACEKEY": "226-22s@8tf-p3j-jn5", "PARENT_PLACEKEY": "226-222@8tf-p3j-jn5", "LOCATION_NAME": "Stephen Kahoe Lpc", "BRANDS": null, "TOP_CATEGORY": "Offices of Physicians", "SUB_CATEGORY": "Offices of Physicians, Mental Health Specialists", "NAICS_CODE": 621112, "LATITUDE": 31.772984, "LONGITUDE": -106.476845, "STREET_ADDRESS": "1600 Montana Ave", "CITY": "El Paso", "REGION": "TX", "POSTAL_CODE": 79902, "OPEN_HOURS": null, "CATEGORY_TAGS": null, "OPENED_ON": null, "CLOSED_ON": null, "TRACKING_CLOSED_SINCE": null, "GEOMETRY_TYPE": "POLYGON", "POLYGON_CLASS": "SHARED_POLYGON", "ENCLOSED": "False", "PHONE_NUMBER": 19158873410.0, "IS_SYNTHETIC": "False", "INCLUDES_PARKING_LOT": "False", "WKT_AREA_SQ_METERS": 1317.0, "DOMAINS": [ ], "WEBSITE": null }, "geometry": { "type": "Polygon", "coordinates": [ [ [ -106.476783027999943, 31.773188924000067 ], [ -106.476647432999982, 31.77303102500008 ], [ -106.47672474999996, 31.772983417000034 ], [ -106.476708213999984, 31.772964161000061 ], [ -106.47673550199994, 31.772947358000067 ], [ -106.47674872999994, 31.772962763000066 ], [ -106.477098927999975, 31.77274712600007 ], [ -106.47723121599995, 31.772901174000026 ], [ -106.477099323999937, 31.77298238700007 ], [ -106.477148930999988, 31.773040156000036 ], [ -106.47696246299995, 31.773154975000068 ], [ -106.476919468999938, 31.773104910000029 ], [ -106.476783027999943, 31.773188924000067 ] ] ] } },
{ "type": "Feature", "properties": { "PLACEKEY": "zzy-222@8tf-p3j-66k", "PARENT_PLACEKEY": null, "LOCATION_NAME": "Sun Metro Ange River", "BRANDS": null, "TOP_CATEGORY": "Urban Transit Systems", "SUB_CATEGORY": "Bus and Other Motor Vehicle Transit Systems", "NAICS_CODE": 485113, "LATITUDE": 31.772115, "LONGITUDE": -106.488299, "STREET_ADDRESS": "Sun Metro Ange River", "CITY": "El Paso", "REGION": "TX", "POSTAL_CODE": 79902, "OPEN_HOURS": null, "CATEGORY_TAGS": "Bus Station,Buses", "OPENED_ON": null, "CLOSED_ON": null, "TRACKING_CLOSED_SINCE": null, "GEOMETRY_TYPE": "POINT", "POLYGON_CLASS": null, "ENCLOSED": null, "PHONE_NUMBER": null, "IS_SYNTHETIC": null, "INCLUDES_PARKING_LOT": null, "WKT_AREA_SQ_METERS": null, "DOMAINS": [ ], "WEBSITE": null }, "geometry": { "type": "Polygon", "coordinates": [ [ [ -106.488269, 31.772115 ], [ -106.488269144458201, 31.772112059485789 ], [ -106.488269576441581, 31.77210914729034 ], [ -106.488270291789931, 31.772106291459682 ], [ -106.488271283614026, 31.77210351949703 ], [ -106.488272542362068, 31.772100858097893 ], [ -106.488274055911631, 31.772098332893009 ], [ -106.488275809686399, 31.772095968201473 ], [ -106.488277786796559, 31.772093786796564 ], [ -106.488279968201468, 31.772091809686398 ], [ -106.488282332893007, 31.772090055911629 ], [ -106.488284858097899, 31.77208854236207 ], [ -106.488287519497021, 31.772087283614024 ], [ -106.488290291459677, 31.772086291789929 ], [ -106.488293147290335, 31.772085576441587 ], [ -106.488296059485791, 31.772085144458199 ], [ -106.488299, 31.772085 ], [ -106.488301940514205, 31.772085144458199 ], [ -106.488304852709661, 31.772085576441587 ], [ -106.488307708540319, 31.772086291789929 ], [ -106.488310480502975, 31.772087283614024 ], [ -106.488313141902097, 31.77208854236207 ], [ -106.488315667106988, 31.772090055911629 ], [ -106.488318031798528, 31.772091809686398 ], [ -106.488320213203437, 31.772093786796564 ], [ -106.488322190313596, 31.772095968201473 ], [ -106.488323944088364, 31.772098332893009 ], [ -106.488325457637927, 31.772100858097893 ], [ -106.48832671638597, 31.77210351949703 ], [ -106.488327708210065, 31.772106291459682 ], [ -106.488328423558414, 31.77210914729034 ], [ -106.488328855541795, 31.772112059485789 ], [ -106.488329, 31.772115 ], [ -106.488328855541795, 31.77211794051421 ], [ -106.488328423558414, 31.772120852709659 ], [ -106.488327708210065, 31.772123708540317 ], [ -106.48832671638597, 31.772126480502969 ], [ -106.488325457637927, 31.772129141902106 ], [ -106.488323944088364, 31.77213166710699 ], [ -106.488322190313596, 31.772134031798526 ], [ -106.488320213203437, 31.772136213203435 ], [ -106.488318031798528, 31.772138190313601 ], [ -106.488315667106988, 31.772139944088369 ], [ -106.488313141902097, 31.772141457637929 ], [ -106.488310480502975, 31.772142716385975 ], [ -106.488307708540319, 31.77214370821007 ], [ -106.488304852709661, 31.772144423558412 ], [ -106.488301940514205, 31.7721448555418 ], [ -106.488299, 31.772145 ], [ -106.488296059485791, 31.7721448555418 ], [ -106.488293147290335, 31.772144423558412 ], [ -106.488290291459677, 31.77214370821007 ], [ -106.488287519497021, 31.772142716385975 ], [ -106.488284858097899, 31.772141457637929 ], [ -106.488282332893007, 31.772139944088369 ], [ -106.488279968201468, 31.772138190313601 ], [ -106.488277786796559, 31.772136213203435 ], [ -106.488275809686399, 31.772134031798526 ], [ -106.488274055911631, 31.77213166710699 ], [ -106.488272542362068, 31.772129141902106 ], [ -106.488271283614026, 31.772126480502969 ], [ -106.488270291789931, 31.772123708540317 ], [ -106.488269576441581, 31.772120852709659 ], [ -106.488269144458201, 31.77211794051421 ], [ -106.488269, 31.772115 ] ] ] } },
{ "type": "Feature", "properties": { "PLACEKEY": "zzw-222@8tf-p3j-5zz", "PARENT_PLACEKEY": null, "LOCATION_NAME": "Ke Sabroso", "BRANDS": null, "TOP_CATEGORY": "Restaurants and Other Eating Places", "SUB_CATEGORY": "Full-Service Restaurants", "NAICS_CODE": 722511, "LATITUDE": 31.768162, "LONGITUDE": -106.483771, "STREET_ADDRESS": "1015 1/5 E Yandell Dr", "CITY": "El Paso", "REGION": "TX", "POSTAL_CODE": 79902, "OPEN_HOURS": { "Mon": [ [ "14:00", "20:00" ] ], "Tue": [ [ "14:00", "20:00" ] ], "Wed": [ [ "14:00", "20:00" ] ], "Thu": [ [ "14:00", "20:00" ] ], "Fri": [ [ "14:00", "20:00" ] ], "Sat": [ ], "Sun": [ ] }, "CATEGORY_TAGS": "Seafood", "OPENED_ON": null, "CLOSED_ON": null, "TRACKING_CLOSED_SINCE": null, "GEOMETRY_TYPE": "POLYGON", "POLYGON_CLASS": null, "ENCLOSED": "False", "PHONE_NUMBER": 19153019980.0, "IS_SYNTHETIC": "False", "INCLUDES_PARKING_LOT": "False", "WKT_AREA_SQ_METERS": 357.0, "DOMAINS": [ "kesabroso.com" ], "WEBSITE": null }, "geometry": { "type": "Polygon", "coordinates": [ [ [ -106.483872836999979, 31.768314420000024 ], [ -106.483837134999987, 31.768271481000056 ], [ -106.483754375999979, 31.768320826000036 ], [ -106.483611939999946, 31.768149510000057 ], [ -106.483713089999981, 31.76808919900003 ], [ -106.483690429999967, 31.768061945000056 ], [ -106.483708821, 31.768050979000066 ], [ -106.483912762999978, 31.768296272000043 ], [ -106.483875980999983, 31.768318203000035 ], [ -106.483872836999979, 31.768314420000024 ] ] ] } },
{ "type": "Feature", "properties": { "PLACEKEY": "22c-22p@8tf-p3j-hkf", "PARENT_PLACEKEY": null, "LOCATION_NAME": "FA TRUST Services", "BRANDS": null, "TOP_CATEGORY": "Other Professional, Scientific, and Technical Services", "SUB_CATEGORY": "Photographic Services", "NAICS_CODE": 54192, "LATITUDE": 31.771937, "LONGITUDE": -106.480002, "STREET_ADDRESS": "1401 Montana Ave", "CITY": "El Paso", "REGION": "TX", "POSTAL_CODE": 79902, "OPEN_HOURS": null, "CATEGORY_TAGS": null, "OPENED_ON": null, "CLOSED_ON": null, "TRACKING_CLOSED_SINCE": null, "GEOMETRY_TYPE": "POLYGON", "POLYGON_CLASS": "SHARED_POLYGON", "ENCLOSED": "False", "PHONE_NUMBER": 19154226208.0, "IS_SYNTHETIC": "False", "INCLUDES_PARKING_LOT": "False", "WKT_AREA_SQ_METERS": 1241.0, "DOMAINS": [ ], "WEBSITE": null }, "geometry": { "type": "Polygon", "coordinates": [ [ [ -106.479830697999944, 31.771844360000046 ], [ -106.48000972899996, 31.771729053000058 ], [ -106.480019941999956, 31.77174042300004 ], [ -106.480100505999985, 31.771688535000067 ], [ -106.480352416999949, 31.771969001000059 ], [ -106.480092820999971, 31.772136196000076 ], [ -106.479830697999944, 31.771844360000046 ] ] ] } },
{ "type": "Feature", "properties": { "PLACEKEY": "22v-223@8tf-p3j-k4v", "PARENT_PLACEKEY": null, "LOCATION_NAME": "L&L Roofing and Construction", "BRANDS": null, "TOP_CATEGORY": "Foundation, Structure, and Building Exterior Contractors", "SUB_CATEGORY": "Roofing Contractors", "NAICS_CODE": 238160, "LATITUDE": 31.771994, "LONGITUDE": -106.475931, "STREET_ADDRESS": "1611 Wyoming Ave", "CITY": "El Paso", "REGION": "TX", "POSTAL_CODE": 79902, "OPEN_HOURS": { "Mon": [ [ "7:00", "18:00" ] ], "Tue": [ [ "7:00", "18:00" ] ], "Wed": [ [ "7:00", "18:00" ] ], "Thu": [ [ "7:00", "18:00" ] ], "Fri": [ [ "7:00", "18:00" ] ], "Sat": [ [ "7:00", "18:00" ] ], "Sun": [ [ "7:00", "18:00" ] ] }, "CATEGORY_TAGS": null, "OPENED_ON": null, "CLOSED_ON": null, "TRACKING_CLOSED_SINCE": null, "GEOMETRY_TYPE": "POLYGON", "POLYGON_CLASS": null, "ENCLOSED": "False", "PHONE_NUMBER": 19152763606.0, "IS_SYNTHETIC": "False", "INCLUDES_PARKING_LOT": "False", "WKT_AREA_SQ_METERS": 270.0, "DOMAINS": [ "llroofingcontractors.com" ], "WEBSITE": null }, "geometry": { "type": "Polygon", "coordinates": [ [ [ -106.475827933999938, 31.771966708000036 ], [ -106.475917660999983, 31.771909292000032 ], [ -106.476080392999961, 31.772091644000056 ], [ -106.475990666999962, 31.77214906200004 ], [ -106.475827933999938, 31.771966708000036 ] ] ] } },
{ "type": "Feature", "properties": { "PLACEKEY": "zzy-226@8tf-p3j-hnq", "PARENT_PLACEKEY": null, "LOCATION_NAME": "Mundy Park", "BRANDS": null, "TOP_CATEGORY": "Museums, Historical Sites, and Similar Institutions", "SUB_CATEGORY": "Nature Parks and Other Similar Institutions", "NAICS_CODE": 712190, "LATITUDE": 31.769966, "LONGITUDE": -106.480901, "STREET_ADDRESS": "1299 E Yandell Dr", "CITY": "El Paso", "REGION": "TX", "POSTAL_CODE": 79902, "OPEN_HOURS": null, "CATEGORY_TAGS": null, "OPENED_ON": null, "CLOSED_ON": null, "TRACKING_CLOSED_SINCE": null, "GEOMETRY_TYPE": "POLYGON", "POLYGON_CLASS": "OWNED_POLYGON", "ENCLOSED": "False", "PHONE_NUMBER": null, "IS_SYNTHETIC": "False", "INCLUDES_PARKING_LOT": "False", "WKT_AREA_SQ_METERS": 350.0, "DOMAINS": [ ], "WEBSITE": null }, "geometry": { "type": "Polygon", "coordinates": [ [ [ -106.480879307999942, 31.769831443000044 ], [ -106.481028294999987, 31.76999894100004 ], [ -106.480893356999957, 31.77007782700008 ], [ -106.480752792999965, 31.769905406000078 ], [ -106.480879307999942, 31.769831443000044 ] ] ] } },
{ "type": "Feature", "properties": { "PLACEKEY": "22m-223@8tf-p3j-ht9", "PARENT_PLACEKEY": null, "LOCATION_NAME": "Neil Siegel Attorney At Law", "BRANDS": null, "TOP_CATEGORY": "Legal Services", "SUB_CATEGORY": "Offices of Lawyers", "NAICS_CODE": 541110, "LATITUDE": 31.770833, "LONGITUDE": -106.480451, "STREET_ADDRESS": "1312 Montana Ave", "CITY": "El Paso", "REGION": "TX", "POSTAL_CODE": 79902, "OPEN_HOURS": null, "CATEGORY_TAGS": "Criminal Defense,Personal Injury Law", "OPENED_ON": null, "CLOSED_ON": null, "TRACKING_CLOSED_SINCE": null, "GEOMETRY_TYPE": "POLYGON", "POLYGON_CLASS": "SHARED_POLYGON", "ENCLOSED": "False", "PHONE_NUMBER": 19155333779.0, "IS_SYNTHETIC": "False", "INCLUDES_PARKING_LOT": "False", "WKT_AREA_SQ_METERS": 197.0, "DOMAINS": [ ], "WEBSITE": null }, "geometry": { "type": "Polygon", "coordinates": [ [ [ -106.480302941, 31.77075476300007 ], [ -106.480382363999979, 31.770701627000051 ], [ -106.480518315999973, 31.770847346000039 ], [ -106.480438894999963, 31.770900482000059 ], [ -106.480302941, 31.77075476300007 ] ] ] } },
{ "type": "Feature", "properties": { "PLACEKEY": "22t-222@8tf-p3j-hdv", "PARENT_PLACEKEY": null, "LOCATION_NAME": "Condos at 1309 E Rio Grande Ave", "BRANDS": null, "TOP_CATEGORY": "Lessors of Real Estate", "SUB_CATEGORY": "Lessors of Residential Buildings and Dwellings", "NAICS_CODE": 531110, "LATITUDE": 31.771791, "LONGITUDE": -106.481636, "STREET_ADDRESS": "1309 E Rio Grande Ave", "CITY": "El Paso", "REGION": "TX", "POSTAL_CODE": 79902, "OPEN_HOURS": null, "CATEGORY_TAGS": null, "OPENED_ON": null, "CLOSED_ON": null, "TRACKING_CLOSED_SINCE": null, "GEOMETRY_TYPE": "POLYGON", "POLYGON_CLASS": "OWNED_POLYGON", "ENCLOSED": "False", "PHONE_NUMBER": null, "IS_SYNTHETIC": "False", "INCLUDES_PARKING_LOT": "False", "WKT_AREA_SQ_METERS": 278.0, "DOMAINS": [ ], "WEBSITE": null }, "geometry": { "type": "Polygon", "coordinates": [ [ [ -106.481757516463887, 31.771832063278687 ], [ -106.481639499267231, 31.771900471786299 ], [ -106.481513435443532, 31.77174997300277 ], [ -106.481632793744694, 31.771681564383869 ], [ -106.481757516463887, 31.771832063278687 ] ] ] } },
{ "type": "Feature", "properties": { "PLACEKEY": "226-22g@8tf-p3j-jn5", "PARENT_PLACEKEY": "226-222@8tf-p3j-jn5", "LOCATION_NAME": "Daniel Benuska Lpc", "BRANDS": null, "TOP_CATEGORY": "Offices of Physicians", "SUB_CATEGORY": "Offices of Physicians, Mental Health Specialists", "NAICS_CODE": 621112, "LATITUDE": 31.773, "LONGITUDE": -106.476853, "STREET_ADDRESS": "1600 Montana Ave", "CITY": "El Paso", "REGION": "TX", "POSTAL_CODE": 79902, "OPEN_HOURS": null, "CATEGORY_TAGS": null, "OPENED_ON": null, "CLOSED_ON": null, "TRACKING_CLOSED_SINCE": null, "GEOMETRY_TYPE": "POLYGON", "POLYGON_CLASS": "SHARED_POLYGON", "ENCLOSED": "False", "PHONE_NUMBER": 19158873414.0, "IS_SYNTHETIC": "False", "INCLUDES_PARKING_LOT": "False", "WKT_AREA_SQ_METERS": 1317.0, "DOMAINS": [ ], "WEBSITE": null }, "geometry": { "type": "Polygon", "coordinates": [ [ [ -106.476783027999943, 31.773188924000067 ], [ -106.476647432999982, 31.77303102500008 ], [ -106.47672474999996, 31.772983417000034 ], [ -106.476708213999984, 31.772964161000061 ], [ -106.47673550199994, 31.772947358000067 ], [ -106.47674872999994, 31.772962763000066 ], [ -106.477098927999975, 31.77274712600007 ], [ -106.47723121599995, 31.772901174000026 ], [ -106.477099323999937, 31.77298238700007 ], [ -106.477148930999988, 31.773040156000036 ], [ -106.47696246299995, 31.773154975000068 ], [ -106.476919468999938, 31.773104910000029 ], [ -106.476783027999943, 31.773188924000067 ] ] ] } },
{ "type": "Feature", "properties": { "PLACEKEY": "228-227@8tf-p3j-hh5", "PARENT_PLACEKEY": "228-222@8tf-p3j-hh5", "LOCATION_NAME": "Ruth Fierro-glover", "BRANDS": null, "TOP_CATEGORY": "Offices of Physicians", "SUB_CATEGORY": "Offices of Physicians, Mental Health Specialists", "NAICS_CODE": 621112, "LATITUDE": 31.771615, "LONGITUDE": -106.479186, "STREET_ADDRESS": "1418 Montana Ave", "CITY": "El Paso", "REGION": "TX", "POSTAL_CODE": 79902, "OPEN_HOURS": null, "CATEGORY_TAGS": null, "OPENED_ON": null, "CLOSED_ON": null, "TRACKING_CLOSED_SINCE": null, "GEOMETRY_TYPE": "POLYGON", "POLYGON_CLASS": "SHARED_POLYGON", "ENCLOSED": "False", "PHONE_NUMBER": 19153514431.0, "IS_SYNTHETIC": "False", "INCLUDES_PARKING_LOT": "False", "WKT_AREA_SQ_METERS": 217.0, "DOMAINS": [ ], "WEBSITE": null }, "geometry": { "type": "Polygon", "coordinates": [ [ [ -106.479074608999952, 31.771574753000039 ], [ -106.479177272999948, 31.771516301000077 ], [ -106.479287088999968, 31.771654606000027 ], [ -106.479184424999971, 31.771713059000035 ], [ -106.479074608999952, 31.771574753000039 ] ] ] } },
{ "type": "Feature", "properties": { "PLACEKEY": "227-222@8tf-p3j-hbk", "PARENT_PLACEKEY": null, "LOCATION_NAME": "Creative Gong", "BRANDS": null, "TOP_CATEGORY": "Advertising, Public Relations, and Related Services", "SUB_CATEGORY": null, "NAICS_CODE": 5418, "LATITUDE": 31.771274, "LONGITUDE": -106.480713, "STREET_ADDRESS": "1317 Montana Ave", "CITY": "El Paso", "REGION": "TX", "POSTAL_CODE": 79902, "OPEN_HOURS": { "Mon": [ [ "10:00", "19:00" ] ], "Tue": [ [ "10:00", "19:00" ] ], "Wed": [ [ "10:00", "19:00" ] ], "Thu": [ [ "10:00", "19:00" ] ], "Fri": [ [ "10:00", "19:00" ] ], "Sat": [ [ "13:00", "16:00" ] ], "Sun": [ ] }, "CATEGORY_TAGS": "Graphic Design,Marketing,Web Design", "OPENED_ON": null, "CLOSED_ON": null, "TRACKING_CLOSED_SINCE": null, "GEOMETRY_TYPE": "POLYGON", "POLYGON_CLASS": "SHARED_POLYGON", "ENCLOSED": "False", "PHONE_NUMBER": 19155649960.0, "IS_SYNTHETIC": "False", "INCLUDES_PARKING_LOT": "False", "WKT_AREA_SQ_METERS": 197.0, "DOMAINS": [ "lrcreative.com", "crevado.com" ], "WEBSITE": null }, "geometry": { "type": "Polygon", "coordinates": [ [ [ -106.480670294999982, 31.771261641000024 ], [ -106.480666889999952, 31.771214590000056 ], [ -106.480682765999973, 31.771213766000074 ], [ -106.480679360999943, 31.771166715000049 ], [ -106.480790485999989, 31.771160949000034 ], [ -106.480793404999986, 31.771201278000035 ], [ -106.480848159999937, 31.771242291000078 ], [ -106.480758746, 31.771327893000034 ], [ -106.480670294999982, 31.771261641000024 ] ] ] } },
{ "type": "Feature", "properties": { "PLACEKEY": "22g-222@8tf-p3j-jy9", "PARENT_PLACEKEY": null, "LOCATION_NAME": "La Familia Del Paso", "BRANDS": null, "TOP_CATEGORY": "Offices of Other Health Practitioners", "SUB_CATEGORY": "Offices of Mental Health Practitioners (except Physicians)", "NAICS_CODE": 621330, "LATITUDE": 31.771954, "LONGITUDE": -106.477856, "STREET_ADDRESS": "1511 E Yandell Dr", "CITY": "El Paso", "REGION": "TX", "POSTAL_CODE": 79902, "OPEN_HOURS": { "Mon": [ [ "8:00", "17:00" ] ], "Tue": [ [ "8:00", "17:00" ] ], "Wed": [ [ "8:00", "17:00" ] ], "Thu": [ [ "8:00", "17:00" ] ], "Fri": [ [ "8:00", "17:00" ] ], "Sat": [ ], "Sun": [ ] }, "CATEGORY_TAGS": "Mental Health", "OPENED_ON": null, "CLOSED_ON": null, "TRACKING_CLOSED_SINCE": null, "GEOMETRY_TYPE": "POLYGON", "POLYGON_CLASS": "OWNED_POLYGON", "ENCLOSED": "False", "PHONE_NUMBER": 19152392955.0, "IS_SYNTHETIC": "False", "INCLUDES_PARKING_LOT": "False", "WKT_AREA_SQ_METERS": 192.0, "DOMAINS": [ "lafamiliadelpaso.com" ], "WEBSITE": null }, "geometry": { "type": "Polygon", "coordinates": [ [ [ -106.477749802999938, 31.771910225000056 ], [ -106.477829032999978, 31.771856886000023 ], [ -106.477962011999978, 31.771998526000061 ], [ -106.477882780999948, 31.772051865000037 ], [ -106.477749802999938, 31.771910225000056 ] ] ] } },
{ "type": "Feature", "properties": { "PLACEKEY": "226-22r@8tf-p3j-jn5", "PARENT_PLACEKEY": "226-222@8tf-p3j-jn5", "LOCATION_NAME": "Maria Canizales", "BRANDS": null, "TOP_CATEGORY": "Offices of Physicians", "SUB_CATEGORY": "Offices of Physicians, Mental Health Specialists", "NAICS_CODE": 621112, "LATITUDE": 31.773015, "LONGITUDE": -106.476848, "STREET_ADDRESS": "1600 Montana Ave", "CITY": "El Paso", "REGION": "TX", "POSTAL_CODE": 79902, "OPEN_HOURS": null, "CATEGORY_TAGS": null, "OPENED_ON": null, "CLOSED_ON": null, "TRACKING_CLOSED_SINCE": null, "GEOMETRY_TYPE": "POLYGON", "POLYGON_CLASS": "SHARED_POLYGON", "ENCLOSED": "False", "PHONE_NUMBER": 19158873410.0, "IS_SYNTHETIC": "False", "INCLUDES_PARKING_LOT": "False", "WKT_AREA_SQ_METERS": 1317.0, "DOMAINS": [ ], "WEBSITE": null }, "geometry": { "type": "Polygon", "coordinates": [ [ [ -106.476783027999943, 31.773188924000067 ], [ -106.476647432999982, 31.77303102500008 ], [ -106.47672474999996, 31.772983417000034 ], [ -106.476708213999984, 31.772964161000061 ], [ -106.47673550199994, 31.772947358000067 ], [ -106.47674872999994, 31.772962763000066 ], [ -106.477098927999975, 31.77274712600007 ], [ -106.47723121599995, 31.772901174000026 ], [ -106.477099323999937, 31.77298238700007 ], [ -106.477148930999988, 31.773040156000036 ], [ -106.47696246299995, 31.773154975000068 ], [ -106.476919468999938, 31.773104910000029 ], [ -106.476783027999943, 31.773188924000067 ] ] ] } },
{ "type": "Feature", "properties": { "PLACEKEY": "22v-222@8tf-p3j-5mk", "PARENT_PLACEKEY": null, "LOCATION_NAME": "La Solita Groceries", "BRANDS": null, "TOP_CATEGORY": "Grocery Stores", "SUB_CATEGORY": "Supermarkets and Other Grocery (except Convenience) Stores", "NAICS_CODE": 445110, "LATITUDE": 31.771002, "LONGITUDE": -106.485161, "STREET_ADDRESS": "1110 Octavia St", "CITY": "El Paso", "REGION": "TX", "POSTAL_CODE": 79902, "OPEN_HOURS": null, "CATEGORY_TAGS": null, "OPENED_ON": null, "CLOSED_ON": null, "TRACKING_CLOSED_SINCE": null, "GEOMETRY_TYPE": "POLYGON", "POLYGON_CLASS": null, "ENCLOSED": "False", "PHONE_NUMBER": 19158386600.0, "IS_SYNTHETIC": "False", "INCLUDES_PARKING_LOT": "False", "WKT_AREA_SQ_METERS": 320.0, "DOMAINS": [ ], "WEBSITE": null }, "geometry": { "type": "Polygon", "coordinates": [ [ [ -106.485191587999964, 31.771081167000034 ], [ -106.485164682999937, 31.77105063700003 ], [ -106.485133135999945, 31.771070572000042 ], [ -106.485111207999978, 31.771054722000031 ], [ -106.485078198999986, 31.771016166000038 ], [ -106.48517282399996, 31.770956370000079 ], [ -106.485371244999953, 31.771181532000071 ], [ -106.485281111999939, 31.771238489000041 ], [ -106.485160040999972, 31.771101102000046 ], [ -106.485191587999964, 31.771081167000034 ] ] ] } },
{ "type": "Feature", "properties": { "PLACEKEY": "239-222@8tf-p3j-mc5", "PARENT_PLACEKEY": null, "LOCATION_NAME": "Mando's Automotive", "BRANDS": null, "TOP_CATEGORY": "Automotive Repair and Maintenance", "SUB_CATEGORY": "General Automotive Repair", "NAICS_CODE": 811111, "LATITUDE": 31.767931, "LONGITUDE": -106.483156, "STREET_ADDRESS": "715 Octavia St", "CITY": "El Paso", "REGION": "TX", "POSTAL_CODE": 79902, "OPEN_HOURS": null, "CATEGORY_TAGS": "Auto Repair", "OPENED_ON": null, "CLOSED_ON": null, "TRACKING_CLOSED_SINCE": null, "GEOMETRY_TYPE": "POLYGON", "POLYGON_CLASS": "OWNED_POLYGON", "ENCLOSED": "False", "PHONE_NUMBER": 19155329215.0, "IS_SYNTHETIC": "False", "INCLUDES_PARKING_LOT": "False", "WKT_AREA_SQ_METERS": 708.0, "DOMAINS": [ ], "WEBSITE": null }, "geometry": { "type": "Polygon", "coordinates": [ [ [ -106.483245286999988, 31.767766099000028 ], [ -106.48324759999997, 31.767768700000033 ], [ -106.48314229999994, 31.767835600000069 ], [ -106.48328870499995, 31.76800021300005 ], [ -106.483045847999961, 31.768164766000041 ], [ -106.482936944999949, 31.768049504000032 ], [ -106.483095005999985, 31.767942406000031 ], [ -106.483073927999953, 31.767920098000047 ], [ -106.483131005999951, 31.767881423000063 ], [ -106.483039667999947, 31.767784752000068 ], [ -106.48317577499995, 31.767692528000055 ], [ -106.483245286999988, 31.767766099000028 ] ] ] } },
{ "type": "Feature", "properties": { "PLACEKEY": "222-227@8tf-p3j-5pv", "PARENT_PLACEKEY": null, "LOCATION_NAME": "The Noble House", "BRANDS": null, "TOP_CATEGORY": "Other Schools and Instruction", "SUB_CATEGORY": "Sports and Recreation Instruction", "NAICS_CODE": 611620, "LATITUDE": 31.770354, "LONGITUDE": -106.482337, "STREET_ADDRESS": "905 Noble St", "CITY": "El Paso", "REGION": "TX", "POSTAL_CODE": 79902, "OPEN_HOURS": { "Mon": [ [ "8:00", "18:00" ] ], "Tue": [ [ "9:00", "17:00" ] ], "Wed": [ [ "9:00", "18:00" ] ], "Thu": [ [ "9:00", "21:00" ] ], "Fri": [ [ "9:00", "18:00" ] ], "Sat": [ [ "7:00", "12:00" ] ], "Sun": [ ] }, "CATEGORY_TAGS": "Yoga", "OPENED_ON": null, "CLOSED_ON": null, "TRACKING_CLOSED_SINCE": null, "GEOMETRY_TYPE": "POLYGON", "POLYGON_CLASS": "SHARED_POLYGON", "ENCLOSED": "False", "PHONE_NUMBER": 13107404637.0, "IS_SYNTHETIC": "False", "INCLUDES_PARKING_LOT": "False", "WKT_AREA_SQ_METERS": 122.0, "DOMAINS": [ ], "WEBSITE": null }, "geometry": { "type": "Polygon", "coordinates": [ [ [ -106.482453760999988, 31.770351988000073 ], [ -106.482336839999959, 31.770426379000071 ], [ -106.482279924999943, 31.770365379000054 ], [ -106.482394641999974, 31.770288625000035 ], [ -106.482453760999988, 31.770351988000073 ] ] ] } },
{ "type": "Feature", "properties": { "PLACEKEY": "238-228@8tf-p3j-jy9", "PARENT_PLACEKEY": "226-222@8tf-p3j-jn5", "LOCATION_NAME": "April Corral Lpc", "BRANDS": null, "TOP_CATEGORY": "Offices of Physicians", "SUB_CATEGORY": "Offices of Physicians, Mental Health Specialists", "NAICS_CODE": 621112, "LATITUDE": 31.772987, "LONGITUDE": -106.476965, "STREET_ADDRESS": "1601 E Yandell Dr", "CITY": "El Paso", "REGION": "TX", "POSTAL_CODE": 79902, "OPEN_HOURS": null, "CATEGORY_TAGS": null, "OPENED_ON": null, "CLOSED_ON": null, "TRACKING_CLOSED_SINCE": null, "GEOMETRY_TYPE": "POLYGON", "POLYGON_CLASS": "SHARED_POLYGON", "ENCLOSED": "False", "PHONE_NUMBER": 19155994900.0, "IS_SYNTHETIC": "False", "INCLUDES_PARKING_LOT": "False", "WKT_AREA_SQ_METERS": 1317.0, "DOMAINS": [ ], "WEBSITE": null }, "geometry": { "type": "Polygon", "coordinates": [ [ [ -106.476783027999943, 31.773188924000067 ], [ -106.476647432999982, 31.77303102500008 ], [ -106.47672474999996, 31.772983417000034 ], [ -106.476708213999984, 31.772964161000061 ], [ -106.47673550199994, 31.772947358000067 ], [ -106.47674872999994, 31.772962763000066 ], [ -106.477098927999975, 31.77274712600007 ], [ -106.47723121599995, 31.772901174000026 ], [ -106.477099323999937, 31.77298238700007 ], [ -106.477148930999988, 31.773040156000036 ], [ -106.47696246299995, 31.773154975000068 ], [ -106.476919468999938, 31.773104910000029 ], [ -106.476783027999943, 31.773188924000067 ] ] ] } },
{ "type": "Feature", "properties": { "PLACEKEY": "228-222@8tf-p3j-m49", "PARENT_PLACEKEY": null, "LOCATION_NAME": "Done Right Roofing and Construction", "BRANDS": null, "TOP_CATEGORY": "Building Finishing Contractors", "SUB_CATEGORY": "Other Building Finishing Contractors", "NAICS_CODE": 238390, "LATITUDE": 31.767968, "LONGITUDE": -106.480391, "STREET_ADDRESS": "1201 E Missouri Ave Ste A", "CITY": "El Paso", "REGION": "TX", "POSTAL_CODE": 79902, "OPEN_HOURS": { "Mon": [ [ "8:00", "19:00" ] ], "Tue": [ [ "8:00", "19:00" ] ], "Wed": [ [ "8:00", "19:00" ] ], "Thu": [ [ "8:00", "19:00" ] ], "Fri": [ [ "8:00", "19:00" ] ], "Sat": [ [ "9:00", "14:00" ] ], "Sun": [ ] }, "CATEGORY_TAGS": "Contractors,Insulation Installation,Roofing", "OPENED_ON": null, "CLOSED_ON": null, "TRACKING_CLOSED_SINCE": null, "GEOMETRY_TYPE": "POLYGON", "POLYGON_CLASS": "SHARED_POLYGON", "ENCLOSED": "False", "PHONE_NUMBER": 19154120525.0, "IS_SYNTHETIC": "False", "INCLUDES_PARKING_LOT": "False", "WKT_AREA_SQ_METERS": 481.0, "DOMAINS": [ "donerightroofingandconstruction.com" ], "WEBSITE": null }, "geometry": { "type": "Polygon", "coordinates": [ [ [ -106.480379457999959, 31.768124688000057 ], [ -106.480297120999978, 31.768027406000044 ], [ -106.480305972999986, 31.768028402000027 ], [ -106.480254706999972, 31.767971684000031 ], [ -106.48051368199998, 31.767803814000047 ], [ -106.480612797, 31.767913470000053 ], [ -106.480349356999966, 31.768084234000071 ], [ -106.480383533999941, 31.76812204600003 ], [ -106.480379457999959, 31.768124688000057 ] ] ] } },
{ "type": "Feature", "properties": { "PLACEKEY": "22m-223@8tf-p3j-hnq", "PARENT_PLACEKEY": null, "LOCATION_NAME": "POLARIS Therapeutic Massage & Bodywork", "BRANDS": null, "TOP_CATEGORY": "Personal Care Services", "SUB_CATEGORY": "Other Personal Care Services", "NAICS_CODE": 812199, "LATITUDE": 31.769828, "LONGITUDE": -106.482017, "STREET_ADDRESS": "1204 Montana Ave", "CITY": "El Paso", "REGION": "TX", "POSTAL_CODE": 79902, "OPEN_HOURS": { "Mon": [ [ "19:00", "22:00" ] ], "Tue": [ [ "19:00", "22:00" ] ], "Wed": [ [ "19:00", "22:00" ] ], "Thu": [ [ "19:00", "22:00" ] ], "Fri": [ [ "19:00", "22:00" ] ], "Sat": [ [ "7:00", "22:00" ] ], "Sun": [ [ "7:00", "22:00" ] ] }, "CATEGORY_TAGS": "Massage Therapy", "OPENED_ON": null, "CLOSED_ON": null, "TRACKING_CLOSED_SINCE": null, "GEOMETRY_TYPE": "POLYGON", "POLYGON_CLASS": "SHARED_POLYGON", "ENCLOSED": "False", "PHONE_NUMBER": 19153000272.0, "IS_SYNTHETIC": "False", "INCLUDES_PARKING_LOT": "False", "WKT_AREA_SQ_METERS": 263.0, "DOMAINS": [ "polarismassageelpaso.com" ], "WEBSITE": "https://www.polarismassageelpaso.com" }, "geometry": { "type": "Polygon", "coordinates": [ [ [ -106.481873865999944, 31.769789334000052 ], [ -106.481984453999985, 31.769723831000078 ], [ -106.482110151999962, 31.76987600700005 ], [ -106.481999564999967, 31.76994151100007 ], [ -106.481873865999944, 31.769789334000052 ] ] ] } },
{ "type": "Feature", "properties": { "PLACEKEY": "223-222@8tf-p3j-k2k", "PARENT_PLACEKEY": null, "LOCATION_NAME": "Apartments at 1504 Montana Ave", "BRANDS": null, "TOP_CATEGORY": "Lessors of Real Estate", "SUB_CATEGORY": "Lessors of Residential Buildings and Dwellings", "NAICS_CODE": 531110, "LATITUDE": 31.772183, "LONGITUDE": -106.478395, "STREET_ADDRESS": "1504 Montana Ave", "CITY": "El Paso", "REGION": "TX", "POSTAL_CODE": 79902, "OPEN_HOURS": null, "CATEGORY_TAGS": null, "OPENED_ON": null, "CLOSED_ON": null, "TRACKING_CLOSED_SINCE": null, "GEOMETRY_TYPE": "POLYGON", "POLYGON_CLASS": "OWNED_POLYGON", "ENCLOSED": "False", "PHONE_NUMBER": null, "IS_SYNTHETIC": "False", "INCLUDES_PARKING_LOT": "False", "WKT_AREA_SQ_METERS": 220.0, "DOMAINS": [ ], "WEBSITE": null }, "geometry": { "type": "Polygon", "coordinates": [ [ [ -106.478489676430073, 31.772207293412237 ], [ -106.478397140219059, 31.772268860821647 ], [ -106.478271746947613, 31.772126343607884 ], [ -106.478364283158626, 31.772064776103612 ], [ -106.478489676430073, 31.772207293412237 ] ] ] } },
{ "type": "Feature", "properties": { "PLACEKEY": "22q-223@8tf-p3j-m6k", "PARENT_PLACEKEY": null, "LOCATION_NAME": "Acca", "BRANDS": null, "TOP_CATEGORY": "Restaurants and Other Eating Places", "SUB_CATEGORY": "Full-Service Restaurants", "NAICS_CODE": 722511, "LATITUDE": 31.768747, "LONGITUDE": -106.481262, "STREET_ADDRESS": "710 Noble St", "CITY": "El Paso", "REGION": "TX", "POSTAL_CODE": 79902, "OPEN_HOURS": { "Mon": [ ], "Tue": [ [ "11:00", "15:30" ] ], "Wed": [ [ "11:00", "15:30" ] ], "Thu": [ [ "17:00", "22:00" ] ], "Fri": [ [ "11:00", "15:30" ] ], "Sat": [ [ "17:00", "22:00" ] ], "Sun": [ [ "11:00", "15:30" ] ] }, "CATEGORY_TAGS": "Bar or Pub,Bistro,Cafe,Casual Dining,Coffee,Mexican Food,Sandwiches", "OPENED_ON": null, "CLOSED_ON": null, "TRACKING_CLOSED_SINCE": null, "GEOMETRY_TYPE": "POLYGON", "POLYGON_CLASS": "SHARED_POLYGON", "ENCLOSED": "False", "PHONE_NUMBER": 19152754055.0, "IS_SYNTHETIC": "False", "INCLUDES_PARKING_LOT": "False", "WKT_AREA_SQ_METERS": 212.0, "DOMAINS": [ "accarestaurant.com" ], "WEBSITE": "https://accarestaurant.com" }, "geometry": { "type": "Polygon", "coordinates": [ [ [ -106.481197754999982, 31.768814522000071 ], [ -106.481164563, 31.768773312000064 ], [ -106.48121649999996, 31.768740900000068 ], [ -106.481210799999985, 31.768734300000062 ], [ -106.481240314, 31.768715998000062 ], [ -106.481226806999985, 31.768700767000041 ], [ -106.481258407999974, 31.768680892000077 ], [ -106.481281918999969, 31.768707405000043 ], [ -106.481296132999944, 31.768698365000034 ], [ -106.481374799999969, 31.768788700000073 ], [ -106.4812447, 31.768869600000073 ], [ -106.481197754999982, 31.768814522000071 ] ] ] } },
{ "type": "Feature", "properties": { "PLACEKEY": "22s-226@8tf-p3j-jvz", "PARENT_PLACEKEY": null, "LOCATION_NAME": "Vaqueras Night Club", "BRANDS": null, "TOP_CATEGORY": "Drinking Places (Alcoholic Beverages)", "SUB_CATEGORY": null, "NAICS_CODE": 7224, "LATITUDE": 31.773636, "LONGITUDE": -106.477173, "STREET_ADDRESS": "1615 Montana Ave", "CITY": "El Paso", "REGION": "TX", "POSTAL_CODE": 79902, "OPEN_HOURS": null, "CATEGORY_TAGS": null, "OPENED_ON": null, "CLOSED_ON": null, "TRACKING_CLOSED_SINCE": null, "GEOMETRY_TYPE": "POLYGON", "POLYGON_CLASS": "SHARED_POLYGON", "ENCLOSED": "False", "PHONE_NUMBER": 19153735619.0, "IS_SYNTHETIC": "False", "INCLUDES_PARKING_LOT": "False", "WKT_AREA_SQ_METERS": 1533.0, "DOMAINS": [ ], "WEBSITE": null }, "geometry": { "type": "Polygon", "coordinates": [ [ [ -106.476875930999938, 31.773747857000046 ], [ -106.477572686999963, 31.773299144000077 ], [ -106.477450137999938, 31.773162699000068 ], [ -106.477464694, 31.773153324000077 ], [ -106.477697599999942, 31.773418800000059 ], [ -106.477535899999964, 31.773522400000047 ], [ -106.477376199999981, 31.773628200000076 ], [ -106.477185, 31.773753100000079 ], [ -106.476991399999974, 31.773875300000043 ], [ -106.476875930999938, 31.773747857000046 ] ] ] } },
{ "type": "Feature", "properties": { "PLACEKEY": "22q-225@8tf-p3j-m6k", "PARENT_PLACEKEY": null, "LOCATION_NAME": "Mindfulness Based Somatic Therapy", "BRANDS": null, "TOP_CATEGORY": "Other Amusement and Recreation Industries", "SUB_CATEGORY": "Fitness and Recreational Sports Centers", "NAICS_CODE": 713940, "LATITUDE": 31.768747, "LONGITUDE": -106.481234, "STREET_ADDRESS": "710 Noble St", "CITY": "El Paso", "REGION": "TX", "POSTAL_CODE": 79902, "OPEN_HOURS": null, "CATEGORY_TAGS": null, "OPENED_ON": null, "CLOSED_ON": null, "TRACKING_CLOSED_SINCE": null, "GEOMETRY_TYPE": "POLYGON", "POLYGON_CLASS": "SHARED_POLYGON", "ENCLOSED": "False", "PHONE_NUMBER": 19154747977.0, "IS_SYNTHETIC": "False", "INCLUDES_PARKING_LOT": "False", "WKT_AREA_SQ_METERS": 212.0, "DOMAINS": [ "breathworkandtrauma.com" ], "WEBSITE": null }, "geometry": { "type": "Polygon", "coordinates": [ [ [ -106.481197754999982, 31.768814522000071 ], [ -106.481164563, 31.768773312000064 ], [ -106.48121649999996, 31.768740900000068 ], [ -106.481210799999985, 31.768734300000062 ], [ -106.481240314, 31.768715998000062 ], [ -106.481226806999985, 31.768700767000041 ], [ -106.481258407999974, 31.768680892000077 ], [ -106.481281918999969, 31.768707405000043 ], [ -106.481296132999944, 31.768698365000034 ], [ -106.481374799999969, 31.768788700000073 ], [ -106.4812447, 31.768869600000073 ], [ -106.481197754999982, 31.768814522000071 ] ] ] } },
{ "type": "Feature", "properties": { "PLACEKEY": "22c-229@8tf-p3j-hkf", "PARENT_PLACEKEY": null, "LOCATION_NAME": "4 Gen Therapy Services", "BRANDS": null, "TOP_CATEGORY": "Offices of Other Health Practitioners", "SUB_CATEGORY": "Offices of Physical, Occupational and Speech Therapists, and Audiologists", "NAICS_CODE": 621340, "LATITUDE": 31.771944, "LONGITUDE": -106.480075, "STREET_ADDRESS": "1401 Montana Ave Ste C", "CITY": "El Paso", "REGION": "TX", "POSTAL_CODE": 79902, "OPEN_HOURS": { "Mon": [ [ "9:00", "18:00" ] ], "Tue": [ [ "9:00", "17:00" ] ], "Wed": [ [ "9:00", "18:00" ] ], "Thu": [ [ "9:00", "17:00" ] ], "Fri": [ [ "9:00", "14:00" ] ], "Sat": [ ], "Sun": [ ] }, "CATEGORY_TAGS": "Speech Therapist", "OPENED_ON": null, "CLOSED_ON": null, "TRACKING_CLOSED_SINCE": null, "GEOMETRY_TYPE": "POLYGON", "POLYGON_CLASS": "SHARED_POLYGON", "ENCLOSED": "False", "PHONE_NUMBER": 19152090014.0, "IS_SYNTHETIC": "False", "INCLUDES_PARKING_LOT": "False", "WKT_AREA_SQ_METERS": 1241.0, "DOMAINS": [ "4gentherapy.com" ], "WEBSITE": "http://www.4gentherapy.com" }, "geometry": { "type": "Polygon", "coordinates": [ [ [ -106.479830697999944, 31.771844360000046 ], [ -106.48000972899996, 31.771729053000058 ], [ -106.480019941999956, 31.77174042300004 ], [ -106.480100505999985, 31.771688535000067 ], [ -106.480352416999949, 31.771969001000059 ], [ -106.480092820999971, 31.772136196000076 ], [ -106.479830697999944, 31.771844360000046 ] ] ] } },
{ "type": "Feature", "properties": { "PLACEKEY": "22q-226@8tf-p3j-m6k", "PARENT_PLACEKEY": null, "LOCATION_NAME": "Segunda Division", "BRANDS": null, "TOP_CATEGORY": "Restaurants and Other Eating Places", "SUB_CATEGORY": "Full-Service Restaurants", "NAICS_CODE": 722511, "LATITUDE": 31.768753, "LONGITUDE": -106.481279, "STREET_ADDRESS": "710 Noble St", "CITY": "El Paso", "REGION": "TX", "POSTAL_CODE": 79902, "OPEN_HOURS": null, "CATEGORY_TAGS": "American Food", "OPENED_ON": null, "CLOSED_ON": null, "TRACKING_CLOSED_SINCE": null, "GEOMETRY_TYPE": "POLYGON", "POLYGON_CLASS": "SHARED_POLYGON", "ENCLOSED": "False", "PHONE_NUMBER": 19156370677.0, "IS_SYNTHETIC": "False", "INCLUDES_PARKING_LOT": "False", "WKT_AREA_SQ_METERS": 212.0, "DOMAINS": [ ], "WEBSITE": null }, "geometry": { "type": "Polygon", "coordinates": [ [ [ -106.481197754999982, 31.768814522000071 ], [ -106.481164563, 31.768773312000064 ], [ -106.48121649999996, 31.768740900000068 ], [ -106.481210799999985, 31.768734300000062 ], [ -106.481240314, 31.768715998000062 ], [ -106.481226806999985, 31.768700767000041 ], [ -106.481258407999974, 31.768680892000077 ], [ -106.481281918999969, 31.768707405000043 ], [ -106.481296132999944, 31.768698365000034 ], [ -106.481374799999969, 31.768788700000073 ], [ -106.4812447, 31.768869600000073 ], [ -106.481197754999982, 31.768814522000071 ] ] ] } },
{ "type": "Feature", "properties": { "PLACEKEY": "224-224@8tf-p3j-kzz", "PARENT_PLACEKEY": null, "LOCATION_NAME": "Alfredo H Arellano Pmhcns BC PA", "BRANDS": null, "TOP_CATEGORY": "Offices of Other Health Practitioners", "SUB_CATEGORY": "Offices of Mental Health Practitioners (except Physicians)", "NAICS_CODE": 621330, "LATITUDE": 31.769385, "LONGITUDE": -106.482714, "STREET_ADDRESS": "1122 Montana Ave", "CITY": "El Paso", "REGION": "TX", "POSTAL_CODE": 79902, "OPEN_HOURS": null, "CATEGORY_TAGS": "Mental Health", "OPENED_ON": null, "CLOSED_ON": null, "TRACKING_CLOSED_SINCE": null, "GEOMETRY_TYPE": "POLYGON", "POLYGON_CLASS": "SHARED_POLYGON", "ENCLOSED": "False", "PHONE_NUMBER": 19153075796.0, "IS_SYNTHETIC": "False", "INCLUDES_PARKING_LOT": "False", "WKT_AREA_SQ_METERS": 229.0, "DOMAINS": [ "aapsychiatry.com" ], "WEBSITE": null }, "geometry": { "type": "Polygon", "coordinates": [ [ [ -106.482553476999954, 31.769347663000076 ], [ -106.482657546999974, 31.769274905000032 ], [ -106.482779265999966, 31.769399755000052 ], [ -106.482675195999946, 31.769472513000039 ], [ -106.482553476999954, 31.769347663000076 ] ] ] } },
{ "type": "Feature", "properties": { "PLACEKEY": "229-222@8tf-p3j-j35", "PARENT_PLACEKEY": null, "LOCATION_NAME": "Las Palmas Cafe", "BRANDS": null, "TOP_CATEGORY": "Restaurants and Other Eating Places", "SUB_CATEGORY": "Full-Service Restaurants", "NAICS_CODE": 722511, "LATITUDE": 31.771782, "LONGITUDE": -106.475441, "STREET_ADDRESS": "1620 Wyoming Ave", "CITY": "El Paso", "REGION": "TX", "POSTAL_CODE": 79902, "OPEN_HOURS": null, "CATEGORY_TAGS": "American Food,Cafe,Coffee,Latin American Food,Mexican Food", "OPENED_ON": null, "CLOSED_ON": null, "TRACKING_CLOSED_SINCE": null, "GEOMETRY_TYPE": "POLYGON", "POLYGON_CLASS": "OWNED_POLYGON", "ENCLOSED": "False", "PHONE_NUMBER": 19152199141.0, "IS_SYNTHETIC": "False", "INCLUDES_PARKING_LOT": "False", "WKT_AREA_SQ_METERS": 255.0, "DOMAINS": [ "laspalmasep.com" ], "WEBSITE": null }, "geometry": { "type": "Polygon", "coordinates": [ [ [ -106.475432117999958, 31.771673627000041 ], [ -106.475560129999963, 31.771822083000075 ], [ -106.475523502999977, 31.771849159000055 ], [ -106.475512407999986, 31.771838398000057 ], [ -106.475440392999985, 31.771891633000052 ], [ -106.475355336999939, 31.771809129000076 ], [ -106.475372280999977, 31.771796603000041 ], [ -106.475327903999982, 31.771753556000078 ], [ -106.475387210999941, 31.771709715000043 ], [ -106.475446379999937, 31.771767110000042 ], [ -106.475459088999969, 31.771757714000046 ], [ -106.475392522999982, 31.771693145000029 ], [ -106.47542641299998, 31.771668093000073 ], [ -106.475432117999958, 31.771673627000041 ] ] ] } },
{ "type": "Feature", "properties": { "PLACEKEY": "226-23k@8tf-p3j-jn5", "PARENT_PLACEKEY": "226-222@8tf-p3j-jn5", "LOCATION_NAME": "Dianne Barraza", "BRANDS": null, "TOP_CATEGORY": "Offices of Other Health Practitioners", "SUB_CATEGORY": "Offices of All Other Miscellaneous Health Practitioners", "NAICS_CODE": 621399, "LATITUDE": 31.772987, "LONGITUDE": -106.47684, "STREET_ADDRESS": "1600 Montana Ave", "CITY": "El Paso", "REGION": "TX", "POSTAL_CODE": 79902, "OPEN_HOURS": null, "CATEGORY_TAGS": null, "OPENED_ON": null, "CLOSED_ON": null, "TRACKING_CLOSED_SINCE": null, "GEOMETRY_TYPE": "POLYGON", "POLYGON_CLASS": "SHARED_POLYGON", "ENCLOSED": "False", "PHONE_NUMBER": 19158873410.0, "IS_SYNTHETIC": "False", "INCLUDES_PARKING_LOT": "False", "WKT_AREA_SQ_METERS": 1317.0, "DOMAINS": [ ], "WEBSITE": null }, "geometry": { "type": "Polygon", "coordinates": [ [ [ -106.476783027999943, 31.773188924000067 ], [ -106.476647432999982, 31.77303102500008 ], [ -106.47672474999996, 31.772983417000034 ], [ -106.476708213999984, 31.772964161000061 ], [ -106.47673550199994, 31.772947358000067 ], [ -106.47674872999994, 31.772962763000066 ], [ -106.477098927999975, 31.77274712600007 ], [ -106.47723121599995, 31.772901174000026 ], [ -106.477099323999937, 31.77298238700007 ], [ -106.477148930999988, 31.773040156000036 ], [ -106.47696246299995, 31.773154975000068 ], [ -106.476919468999938, 31.773104910000029 ], [ -106.476783027999943, 31.773188924000067 ] ] ] } },
{ "type": "Feature", "properties": { "PLACEKEY": "229-223@8tf-p3j-hkf", "PARENT_PLACEKEY": null, "LOCATION_NAME": "Sun City Analytical Inc", "BRANDS": null, "TOP_CATEGORY": "Architectural, Engineering, and Related Services", "SUB_CATEGORY": "Engineering Services", "NAICS_CODE": 541330, "LATITUDE": 31.772073, "LONGITUDE": -106.479586, "STREET_ADDRESS": "1409 Montana Ave", "CITY": "El Paso", "REGION": "TX", "POSTAL_CODE": 79902, "OPEN_HOURS": { "Mon": [ [ "8:00", "17:00" ] ], "Tue": [ [ "8:00", "17:00" ] ], "Wed": [ [ "8:00", "17:00" ] ], "Thu": [ [ "8:00", "17:00" ] ], "Fri": [ [ "8:00", "17:00" ] ], "Sat": [ ], "Sun": [ ] }, "CATEGORY_TAGS": null, "OPENED_ON": null, "CLOSED_ON": null, "TRACKING_CLOSED_SINCE": null, "GEOMETRY_TYPE": "POLYGON", "POLYGON_CLASS": "OWNED_POLYGON", "ENCLOSED": "False", "PHONE_NUMBER": 19155338840.0, "IS_SYNTHETIC": "False", "INCLUDES_PARKING_LOT": "False", "WKT_AREA_SQ_METERS": 212.0, "DOMAINS": [ "suncityair.org", "scaitc.com" ], "WEBSITE": "http://www.scaitc.com/" }, "geometry": { "type": "Polygon", "coordinates": [ [ [ -106.479506782999977, 31.772021693000056 ], [ -106.479573288999973, 31.771977759000038 ], [ -106.47970126599995, 31.772116673000028 ], [ -106.479608157999962, 31.772178181000072 ], [ -106.479494016, 31.772054285000024 ], [ -106.479520617999981, 31.772036710000066 ], [ -106.479506782999977, 31.772021693000056 ] ] ] } },
{ "type": "Feature", "properties": { "PLACEKEY": "22h-222@8tf-p3j-hh5", "PARENT_PLACEKEY": null, "LOCATION_NAME": "Ztex Construction", "BRANDS": null, "TOP_CATEGORY": "Residential Building Construction", "SUB_CATEGORY": "Residential Remodelers", "NAICS_CODE": 236118, "LATITUDE": 31.771798, "LONGITUDE": -106.478882, "STREET_ADDRESS": "1444 Montana Ave", "CITY": "El Paso", "REGION": "TX", "POSTAL_CODE": 79902, "OPEN_HOURS": null, "CATEGORY_TAGS": "Contractors", "OPENED_ON": null, "CLOSED_ON": null, "TRACKING_CLOSED_SINCE": null, "GEOMETRY_TYPE": "POLYGON", "POLYGON_CLASS": "SHARED_POLYGON", "ENCLOSED": "False", "PHONE_NUMBER": 19153519222.0, "IS_SYNTHETIC": "False", "INCLUDES_PARKING_LOT": "False", "WKT_AREA_SQ_METERS": 827.0, "DOMAINS": [ "ztexconst.com" ], "WEBSITE": null }, "geometry": { "type": "Polygon", "coordinates": [ [ [ -106.478633072999969, 31.771778685000072 ], [ -106.478852898999946, 31.771638006000046 ], [ -106.479056322999952, 31.77186594300008 ], [ -106.478836495999985, 31.77200662100006 ], [ -106.478633072999969, 31.771778685000072 ] ] ] } },
{ "type": "Feature", "properties": { "PLACEKEY": "23h-222@8tf-p3j-jvz", "PARENT_PLACEKEY": "22w-222@8tf-p3j-jvz", "LOCATION_NAME": "United Transportation Union Local 18", "BRANDS": null, "TOP_CATEGORY": "Agriculture, Forestry, Fishing and Hunting", "SUB_CATEGORY": null, "NAICS_CODE": 11, "LATITUDE": 31.773943, "LONGITUDE": -106.476784, "STREET_ADDRESS": "905 Dallas St", "CITY": "El Paso", "REGION": "TX", "POSTAL_CODE": 79902, "OPEN_HOURS": null, "CATEGORY_TAGS": null, "OPENED_ON": null, "CLOSED_ON": null, "TRACKING_CLOSED_SINCE": null, "GEOMETRY_TYPE": "POLYGON", "POLYGON_CLASS": "SHARED_POLYGON", "ENCLOSED": "False", "PHONE_NUMBER": 19155321818.0, "IS_SYNTHETIC": "False", "INCLUDES_PARKING_LOT": "False", "WKT_AREA_SQ_METERS": 716.0, "DOMAINS": [ "utu.org" ], "WEBSITE": null }, "geometry": { "type": "Polygon", "coordinates": [ [ [ -106.476875930999938, 31.773747857000046 ], [ -106.476991399999974, 31.773875300000043 ], [ -106.476802339999949, 31.773998928000026 ], [ -106.476601337999966, 31.773775132000026 ], [ -106.476646097999947, 31.773746308000057 ], [ -106.476629077999974, 31.773727357000041 ], [ -106.476687266999988, 31.773689884000078 ], [ -106.476700881999989, 31.773705044000053 ], [ -106.476781450999965, 31.773653159000048 ], [ -106.476869957999952, 31.773751703000073 ], [ -106.476875930999938, 31.773747857000046 ] ] ] } },
{ "type": "Feature", "properties": { "PLACEKEY": "22n-222@8tf-p3j-hdv", "PARENT_PLACEKEY": null, "LOCATION_NAME": "Brave Books", "BRANDS": null, "TOP_CATEGORY": "Book Stores and News Dealers", "SUB_CATEGORY": "Book Stores", "NAICS_CODE": 451211, "LATITUDE": 31.772516, "LONGITUDE": -106.482217, "STREET_ADDRESS": "1307 Arizona Ave", "CITY": "El Paso", "REGION": "TX", "POSTAL_CODE": 79902, "OPEN_HOURS": { "Mon": [ [ "12:00", "17:00" ] ], "Tue": [ [ "12:00", "17:00" ] ], "Wed": [ [ "12:00", "17:00" ] ], "Thu": [ [ "12:00", "17:00" ] ], "Fri": [ [ "12:00", "17:00" ] ], "Sat": [ [ "12:00", "17:00" ] ], "Sun": [ [ "12:00", "17:00" ] ] }, "CATEGORY_TAGS": "Books", "OPENED_ON": null, "CLOSED_ON": null, "TRACKING_CLOSED_SINCE": null, "GEOMETRY_TYPE": "POLYGON", "POLYGON_CLASS": "SHARED_POLYGON", "ENCLOSED": "False", "PHONE_NUMBER": 19152047074.0, "IS_SYNTHETIC": "False", "INCLUDES_PARKING_LOT": "False", "WKT_AREA_SQ_METERS": 177.0, "DOMAINS": [ ], "WEBSITE": null }, "geometry": { "type": "Polygon", "coordinates": [ [ [ -106.482214144999944, 31.772416064000026 ], [ -106.48233247099995, 31.772549242000025 ], [ -106.482251533999943, 31.772600712000042 ], [ -106.482133345999955, 31.772467444000029 ], [ -106.482214144999944, 31.772416064000026 ] ] ] } },
{ "type": "Feature", "properties": { "PLACEKEY": "22h-222@8tf-p3j-jy9", "PARENT_PLACEKEY": null, "LOCATION_NAME": "Marian Graphics Inc", "BRANDS": null, "TOP_CATEGORY": "Other Miscellaneous Manufacturing", "SUB_CATEGORY": null, "NAICS_CODE": 3399, "LATITUDE": 31.771101, "LONGITUDE": -106.477413, "STREET_ADDRESS": "1501 Wyoming Ave", "CITY": "El Paso", "REGION": "TX", "POSTAL_CODE": 79902, "OPEN_HOURS": null, "CATEGORY_TAGS": null, "OPENED_ON": null, "CLOSED_ON": null, "TRACKING_CLOSED_SINCE": null, "GEOMETRY_TYPE": "POLYGON", "POLYGON_CLASS": "SHARED_POLYGON", "ENCLOSED": "False", "PHONE_NUMBER": 19155420033.0, "IS_SYNTHETIC": "False", "INCLUDES_PARKING_LOT": "False", "WKT_AREA_SQ_METERS": 724.0, "DOMAINS": [ ], "WEBSITE": null }, "geometry": { "type": "Polygon", "coordinates": [ [ [ -106.477297646999943, 31.771029246000069 ], [ -106.477492484999971, 31.770905354000035 ], [ -106.47769169999998, 31.771130013000061 ], [ -106.477494359, 31.771255495000048 ], [ -106.477297646999943, 31.771029246000069 ] ] ] } },
{ "type": "Feature", "properties": { "PLACEKEY": "228-225@8tf-p3j-jn5", "PARENT_PLACEKEY": null, "LOCATION_NAME": "Candy's Cake & Baking Supplies", "BRANDS": null, "TOP_CATEGORY": "Other Schools and Instruction", "SUB_CATEGORY": "All Other Miscellaneous Schools and Instruction", "NAICS_CODE": 611699, "LATITUDE": 31.773237, "LONGITUDE": -106.477624, "STREET_ADDRESS": "1601 Montana Ave", "CITY": "El Paso", "REGION": "TX", "POSTAL_CODE": 79902, "OPEN_HOURS": { "Mon": [ ], "Tue": [ [ "9:00", "17:00" ] ], "Wed": [ [ "9:00", "17:00" ] ], "Thu": [ [ "9:00", "17:00" ] ], "Fri": [ [ "9:00", "17:00" ] ], "Sat": [ [ "9:00", "17:00" ] ], "Sun": [ ] }, "CATEGORY_TAGS": "Cooking Classes", "OPENED_ON": null, "CLOSED_ON": null, "TRACKING_CLOSED_SINCE": null, "GEOMETRY_TYPE": "POLYGON", "POLYGON_CLASS": "SHARED_POLYGON", "ENCLOSED": "False", "PHONE_NUMBER": 19153511744.0, "IS_SYNTHETIC": "False", "INCLUDES_PARKING_LOT": "False", "WKT_AREA_SQ_METERS": 527.0, "DOMAINS": [ "wwwcandyselpaso.com" ], "WEBSITE": null }, "geometry": { "type": "Polygon", "coordinates": [ [ [ -106.477464694, 31.773153324000077 ], [ -106.477584414999967, 31.773076222000043 ], [ -106.477818010999954, 31.773336304000054 ], [ -106.477697599999942, 31.773418800000059 ], [ -106.477464694, 31.773153324000077 ] ] ] } },
{ "type": "Feature", "properties": { "PLACEKEY": "22d-222@8tf-p3j-kxq", "PARENT_PLACEKEY": null, "LOCATION_NAME": "American Business Forms", "BRANDS": null, "TOP_CATEGORY": "Office Supplies, Stationery, and Gift Stores", "SUB_CATEGORY": "Office Supplies and Stationery Stores", "NAICS_CODE": 453210, "LATITUDE": 31.768429, "LONGITUDE": -106.481627, "STREET_ADDRESS": "1127 Wyoming Ave", "CITY": "El Paso", "REGION": "TX", "POSTAL_CODE": 79902, "OPEN_HOURS": null, "CATEGORY_TAGS": "Office Equipment", "OPENED_ON": null, "CLOSED_ON": null, "TRACKING_CLOSED_SINCE": null, "GEOMETRY_TYPE": "POLYGON", "POLYGON_CLASS": null, "ENCLOSED": "False", "PHONE_NUMBER": 19158389170.0, "IS_SYNTHETIC": "False", "INCLUDES_PARKING_LOT": "False", "WKT_AREA_SQ_METERS": 212.0, "DOMAINS": [ ], "WEBSITE": null }, "geometry": { "type": "Polygon", "coordinates": [ [ [ -106.481592066999951, 31.768278677000069 ], [ -106.481713667999941, 31.768427799000051 ], [ -106.481630238999969, 31.768482572000039 ], [ -106.48149932299998, 31.76833956300004 ], [ -106.481592066999951, 31.768278677000069 ] ] ] } },
{ "type": "Feature", "properties": { "PLACEKEY": "225-224@8tf-p3j-kzz", "PARENT_PLACEKEY": null, "LOCATION_NAME": "LCR Resource", "BRANDS": null, "TOP_CATEGORY": "Other Professional, Scientific, and Technical Services", "SUB_CATEGORY": "Photographic Services", "NAICS_CODE": 54192, "LATITUDE": 31.769261, "LONGITUDE": -106.482788, "STREET_ADDRESS": "1116 Montana Ave", "CITY": "El Paso", "REGION": "TX", "POSTAL_CODE": 79902, "OPEN_HOURS": null, "CATEGORY_TAGS": null, "OPENED_ON": null, "CLOSED_ON": null, "TRACKING_CLOSED_SINCE": null, "GEOMETRY_TYPE": "POLYGON", "POLYGON_CLASS": "SHARED_POLYGON", "ENCLOSED": "False", "PHONE_NUMBER": 19152223714.0, "IS_SYNTHETIC": "False", "INCLUDES_PARKING_LOT": "False", "WKT_AREA_SQ_METERS": 155.0, "DOMAINS": [ ], "WEBSITE": null }, "geometry": { "type": "Polygon", "coordinates": [ [ [ -106.482881298701813, 31.769271796724581 ], [ -106.482799720221053, 31.769339187643471 ], [ -106.482705765999981, 31.769225443000039 ], [ -106.482797919999939, 31.769170856000073 ], [ -106.482881298701813, 31.769271796724581 ] ] ] } },
{ "type": "Feature", "properties": { "PLACEKEY": "226-223@8tf-p3j-jy9", "PARENT_PLACEKEY": null, "LOCATION_NAME": "Sam's Chinese Restaurant", "BRANDS": null, "TOP_CATEGORY": "Restaurants and Other Eating Places", "SUB_CATEGORY": "Full-Service Restaurants", "NAICS_CODE": 722511, "LATITUDE": 31.771774, "LONGITUDE": -106.478214, "STREET_ADDRESS": "1501 E Yandell Dr", "CITY": "El Paso", "REGION": "TX", "POSTAL_CODE": 79902, "OPEN_HOURS": null, "CATEGORY_TAGS": "Asian Food,Chinese Food", "OPENED_ON": null, "CLOSED_ON": null, "TRACKING_CLOSED_SINCE": null, "GEOMETRY_TYPE": "POLYGON", "POLYGON_CLASS": null, "ENCLOSED": "False", "PHONE_NUMBER": 19155770961.0, "IS_SYNTHETIC": "False", "INCLUDES_PARKING_LOT": "False", "WKT_AREA_SQ_METERS": 382.0, "DOMAINS": [ ], "WEBSITE": null }, "geometry": { "type": "Polygon", "coordinates": [ [ [ -106.478270367, 31.771918709000033 ], [ -106.478172316999974, 31.771811602000071 ], [ -106.478164543, 31.771816705000049 ], [ -106.478116195999974, 31.771758067000064 ], [ -106.47814286199997, 31.771740563000037 ], [ -106.478098075, 31.77169163800005 ], [ -106.478182517, 31.771636209000064 ], [ -106.478241084999979, 31.771700187000079 ], [ -106.478258861999961, 31.771688518000076 ], [ -106.478293312999938, 31.771726153000031 ], [ -106.478271091999943, 31.771740739000052 ], [ -106.478377891999969, 31.771857405000048 ], [ -106.478275671999938, 31.771924505000072 ], [ -106.478270367, 31.771918709000033 ] ] ] } },
{ "type": "Feature", "properties": { "PLACEKEY": "22n-223@8tf-p3j-ht9", "PARENT_PLACEKEY": null, "LOCATION_NAME": "Clifton Espinoza MD", "BRANDS": null, "TOP_CATEGORY": "Offices of Physicians", "SUB_CATEGORY": "Offices of Physicians (except Mental Health Specialists)", "NAICS_CODE": 621111, "LATITUDE": 31.770377, "LONGITUDE": -106.479416, "STREET_ADDRESS": "1330 E Yandell Dr", "CITY": "El Paso", "REGION": "TX", "POSTAL_CODE": 79902, "OPEN_HOURS": null, "CATEGORY_TAGS": null, "OPENED_ON": null, "CLOSED_ON": null, "TRACKING_CLOSED_SINCE": null, "GEOMETRY_TYPE": "POLYGON", "POLYGON_CLASS": "SHARED_POLYGON", "ENCLOSED": "False", "PHONE_NUMBER": 19152250410.0, "IS_SYNTHETIC": "False", "INCLUDES_PARKING_LOT": "False", "WKT_AREA_SQ_METERS": 766.0, "DOMAINS": [ ], "WEBSITE": null }, "geometry": { "type": "Polygon", "coordinates": [ [ [ -106.479387272999986, 31.770488282000031 ], [ -106.479193798999972, 31.770260054000062 ], [ -106.479321702, 31.770182301000034 ], [ -106.479393844999947, 31.770267402000059 ], [ -106.479526317999955, 31.770186872000068 ], [ -106.479647648999958, 31.770329997000033 ], [ -106.479387272999986, 31.770488282000031 ] ] ] } },
{ "type": "Feature", "properties": { "PLACEKEY": "226-222@8tf-p3j-m8v", "PARENT_PLACEKEY": null, "LOCATION_NAME": "American Furniture Outlet", "BRANDS": null, "TOP_CATEGORY": "Furniture Stores", "SUB_CATEGORY": "Furniture Stores", "NAICS_CODE": 442110, "LATITUDE": 31.766918, "LONGITUDE": -106.482322, "STREET_ADDRESS": "1025 E Missouri Ave", "CITY": "El Paso", "REGION": "TX", "POSTAL_CODE": 79902, "OPEN_HOURS": null, "CATEGORY_TAGS": "Appliances,Furniture,Mattresses", "OPENED_ON": null, "CLOSED_ON": null, "TRACKING_CLOSED_SINCE": null, "GEOMETRY_TYPE": "POLYGON", "POLYGON_CLASS": "SHARED_POLYGON", "ENCLOSED": "False", "PHONE_NUMBER": 19157717447.0, "IS_SYNTHETIC": "False", "INCLUDES_PARKING_LOT": "False", "WKT_AREA_SQ_METERS": 1208.0, "DOMAINS": [ "americanfurnitureep.com" ], "WEBSITE": "http://www.americanfurnitureep.com" }, "geometry": { "type": "Polygon", "coordinates": [ [ [ -106.482379388999959, 31.766592290000062 ], [ -106.482606699999963, 31.766846 ], [ -106.482514099999946, 31.766908100000023 ], [ -106.482258427999966, 31.767073585000048 ], [ -106.482038960999944, 31.766842750000023 ], [ -106.48210903599994, 31.766794969000046 ], [ -106.48221130099995, 31.766902531000028 ], [ -106.48231203499995, 31.766833845000065 ], [ -106.482223875999978, 31.766741120000063 ], [ -106.482324608999988, 31.766672435000032 ], [ -106.482299925999939, 31.766646471000058 ], [ -106.482379388999959, 31.766592290000062 ] ] ] } },
{ "type": "Feature", "properties": { "PLACEKEY": "228-22c@8tf-p3j-hh5", "PARENT_PLACEKEY": "228-222@8tf-p3j-hh5", "LOCATION_NAME": "Molly Luevanos Lpc", "BRANDS": null, "TOP_CATEGORY": "Offices of Physicians", "SUB_CATEGORY": "Offices of Physicians, Mental Health Specialists", "NAICS_CODE": 621112, "LATITUDE": 31.771623, "LONGITUDE": -106.479214, "STREET_ADDRESS": "1418 Montana Ave", "CITY": "El Paso", "REGION": "TX", "POSTAL_CODE": 79902, "OPEN_HOURS": null, "CATEGORY_TAGS": null, "OPENED_ON": null, "CLOSED_ON": null, "TRACKING_CLOSED_SINCE": null, "GEOMETRY_TYPE": "POLYGON", "POLYGON_CLASS": "SHARED_POLYGON", "ENCLOSED": "False", "PHONE_NUMBER": 19153514431.0, "IS_SYNTHETIC": "False", "INCLUDES_PARKING_LOT": "False", "WKT_AREA_SQ_METERS": 217.0, "DOMAINS": [ ], "WEBSITE": null }, "geometry": { "type": "Polygon", "coordinates": [ [ [ -106.479074608999952, 31.771574753000039 ], [ -106.479177272999948, 31.771516301000077 ], [ -106.479287088999968, 31.771654606000027 ], [ -106.479184424999971, 31.771713059000035 ], [ -106.479074608999952, 31.771574753000039 ] ] ] } },
{ "type": "Feature", "properties": { "PLACEKEY": "22b-222@8tf-p3j-m49", "PARENT_PLACEKEY": null, "LOCATION_NAME": "Law Office of Santiago D Hernandez", "BRANDS": null, "TOP_CATEGORY": "Legal Services", "SUB_CATEGORY": "Offices of Lawyers", "NAICS_CODE": 541110, "LATITUDE": 31.768291, "LONGITUDE": -106.479956, "STREET_ADDRESS": "1219 E Missouri Ave", "CITY": "El Paso", "REGION": "TX", "POSTAL_CODE": 79902, "OPEN_HOURS": null, "CATEGORY_TAGS": null, "OPENED_ON": null, "CLOSED_ON": null, "TRACKING_CLOSED_SINCE": null, "GEOMETRY_TYPE": "POLYGON", "POLYGON_CLASS": "SHARED_POLYGON", "ENCLOSED": "False", "PHONE_NUMBER": 19153514300.0, "IS_SYNTHETIC": "False", "INCLUDES_PARKING_LOT": "False", "WKT_AREA_SQ_METERS": 213.0, "DOMAINS": [ "santilawyer.com" ], "WEBSITE": null }, "geometry": { "type": "Polygon", "coordinates": [ [ [ -106.479838650999966, 31.768250575000025 ], [ -106.479920690999961, 31.768200376000038 ], [ -106.480059005999976, 31.768362484000079 ], [ -106.479976965, 31.768412683000065 ], [ -106.479838650999966, 31.768250575000025 ] ] ] } },
{ "type": "Feature", "properties": { "PLACEKEY": "229-222@8tf-p3j-ht9", "PARENT_PLACEKEY": "229-223@8tf-p3j-ht9", "LOCATION_NAME": "Townhouses at 1309 Yandell Dr", "BRANDS": null, "TOP_CATEGORY": "Lessors of Real Estate", "SUB_CATEGORY": "Lessors of Residential Buildings and Dwellings", "NAICS_CODE": 531110, "LATITUDE": 31.770361, "LONGITUDE": -106.480297, "STREET_ADDRESS": "1309 E Yandell Dr", "CITY": "El Paso", "REGION": "TX", "POSTAL_CODE": 79902, "OPEN_HOURS": null, "CATEGORY_TAGS": null, "OPENED_ON": null, "CLOSED_ON": null, "TRACKING_CLOSED_SINCE": null, "GEOMETRY_TYPE": "POLYGON", "POLYGON_CLASS": "SHARED_POLYGON", "ENCLOSED": "False", "PHONE_NUMBER": null, "IS_SYNTHETIC": "False", "INCLUDES_PARKING_LOT": "False", "WKT_AREA_SQ_METERS": 249.0, "DOMAINS": [ ], "WEBSITE": null }, "geometry": { "type": "Polygon", "coordinates": [ [ [ -106.480233323999983, 31.770317611000053 ], [ -106.480308873999945, 31.770268015000056 ], [ -106.480457017999981, 31.770429841000066 ], [ -106.480430352999974, 31.770447345000036 ], [ -106.480478584999958, 31.770500032000029 ], [ -106.480429699999945, 31.770532124000056 ], [ -106.480233323999983, 31.770317611000053 ] ] ] } },
{ "type": "Feature", "properties": { "PLACEKEY": "22b-224@8tf-p3j-k2k", "PARENT_PLACEKEY": "226-225@8tf-p3j-k2k", "LOCATION_NAME": "Werge Lawfirm", "BRANDS": null, "TOP_CATEGORY": "Legal Services", "SUB_CATEGORY": "Offices of Lawyers", "NAICS_CODE": 541110, "LATITUDE": 31.772292, "LONGITUDE": -106.479296, "STREET_ADDRESS": "1413 Montana Ave", "CITY": "El Paso", "REGION": "TX", "POSTAL_CODE": 79902, "OPEN_HOURS": { "Mon": [ [ "8:00", "17:00" ] ], "Tue": [ [ "8:00", "17:00" ] ], "Wed": [ [ "8:00", "17:00" ] ], "Thu": [ [ "8:00", "17:00" ] ], "Fri": [ [ "8:00", "17:00" ] ], "Sat": [ ], "Sun": [ ] }, "CATEGORY_TAGS": "Criminal Defense", "OPENED_ON": null, "CLOSED_ON": null, "TRACKING_CLOSED_SINCE": null, "GEOMETRY_TYPE": "POLYGON", "POLYGON_CLASS": "SHARED_POLYGON", "ENCLOSED": "True", "PHONE_NUMBER": 19152604552.0, "IS_SYNTHETIC": "False", "INCLUDES_PARKING_LOT": "False", "WKT_AREA_SQ_METERS": 1417.0, "DOMAINS": [ "wergelaw.com" ], "WEBSITE": "https://www.wergelaw.com" }, "geometry": { "type": "Polygon", "coordinates": [ [ [ -106.479262545999973, 31.772494087000041 ], [ -106.479333484999984, 31.772453698000049 ], [ -106.479317795999975, 31.772433939000052 ], [ -106.479243131999965, 31.772476450000056 ], [ -106.479098799999974, 31.772294677000048 ], [ -106.479341461, 31.772156517000042 ], [ -106.479354010999941, 31.772172323000063 ], [ -106.479428675999941, 31.77212981200006 ], [ -106.479409850999957, 31.772106102000066 ], [ -106.479479847999983, 31.772066248000044 ], [ -106.479652419, 31.772283586000071 ], [ -106.479563753999969, 31.772334068000077 ], [ -106.47954806599995, 31.77231431000007 ], [ -106.479534065999985, 31.772322281000072 ], [ -106.47955916799998, 31.772353893000059 ], [ -106.479465836999964, 31.772407032000046 ], [ -106.479384257999982, 31.772304291000069 ], [ -106.479304925999941, 31.772349459000054 ], [ -106.479386504999979, 31.772452200000032 ], [ -106.479461169999979, 31.772409689000028 ], [ -106.479545887999961, 31.772516383000038 ], [ -106.479370651999943, 31.772616153000058 ], [ -106.479262545999973, 31.772494087000041 ] ] ] } },
{ "type": "Feature", "properties": { "PLACEKEY": "224-223@8tf-p3j-ht9", "PARENT_PLACEKEY": null, "LOCATION_NAME": "El Paso Christian Institute", "BRANDS": null, "TOP_CATEGORY": "Religious Organizations", "SUB_CATEGORY": "Religious Organizations", "NAICS_CODE": 813110, "LATITUDE": 31.770754, "LONGITUDE": -106.480562, "STREET_ADDRESS": "1310 Montana Ave", "CITY": "El Paso", "REGION": "TX", "POSTAL_CODE": 79902, "OPEN_HOURS": null, "CATEGORY_TAGS": "Place of Worship", "OPENED_ON": null, "CLOSED_ON": null, "TRACKING_CLOSED_SINCE": null, "GEOMETRY_TYPE": "POLYGON", "POLYGON_CLASS": "SHARED_POLYGON", "ENCLOSED": "False", "PHONE_NUMBER": null, "IS_SYNTHETIC": "False", "INCLUDES_PARKING_LOT": "False", "WKT_AREA_SQ_METERS": 259.0, "DOMAINS": [ ], "WEBSITE": null }, "geometry": { "type": "Polygon", "coordinates": [ [ [ -106.480557618999967, 31.770846702000028 ], [ -106.48045785, 31.770708594000041 ], [ -106.480424272, 31.770725988000038 ], [ -106.480377321999981, 31.770660995000071 ], [ -106.480444477999981, 31.770626208000067 ], [ -106.480497296999943, 31.770699324000077 ], [ -106.480559347999986, 31.770667179000043 ], [ -106.480630428999973, 31.77074674000005 ], [ -106.480663149999941, 31.770792035000056 ], [ -106.480557618999967, 31.770846702000028 ] ] ] } },
{ "type": "Feature", "properties": { "PLACEKEY": "zzy-222@8tf-p3j-hkf", "PARENT_PLACEKEY": null, "LOCATION_NAME": "Sun Metro Rio Grande Newman", "BRANDS": null, "TOP_CATEGORY": "Urban Transit Systems", "SUB_CATEGORY": "Bus and Other Motor Vehicle Transit Systems", "NAICS_CODE": 485113, "LATITUDE": 31.772209, "LONGITUDE": -106.480371, "STREET_ADDRESS": "Rio Grande Newman", "CITY": "El Paso", "REGION": "TX", "POSTAL_CODE": 79902, "OPEN_HOURS": null, "CATEGORY_TAGS": "Bus Station,Buses", "OPENED_ON": null, "CLOSED_ON": null, "TRACKING_CLOSED_SINCE": null, "GEOMETRY_TYPE": "POINT", "POLYGON_CLASS": null, "ENCLOSED": null, "PHONE_NUMBER": null, "IS_SYNTHETIC": null, "INCLUDES_PARKING_LOT": null, "WKT_AREA_SQ_METERS": null, "DOMAINS": [ ], "WEBSITE": null }, "geometry": { "type": "Polygon", "coordinates": [ [ [ -106.480341, 31.772209 ], [ -106.480341144458208, 31.772206059485789 ], [ -106.480341576441589, 31.772203147290341 ], [ -106.480342291789938, 31.772200291459683 ], [ -106.480343283614033, 31.772197519497031 ], [ -106.480344542362076, 31.772194858097894 ], [ -106.480346055911639, 31.77219233289301 ], [ -106.480347809686407, 31.772189968201474 ], [ -106.480349786796566, 31.772187786796565 ], [ -106.480351968201475, 31.772185809686398 ], [ -106.480354332893015, 31.77218405591163 ], [ -106.480356858097906, 31.772182542362071 ], [ -106.480359519497028, 31.772181283614024 ], [ -106.480362291459684, 31.77218029178993 ], [ -106.480365147290343, 31.772179576441587 ], [ -106.480368059485798, 31.7721791444582 ], [ -106.480371, 31.772179 ], [ -106.480373940514212, 31.7721791444582 ], [ -106.480376852709668, 31.772179576441587 ], [ -106.480379708540326, 31.77218029178993 ], [ -106.480382480502982, 31.772181283614024 ], [ -106.480385141902104, 31.772182542362071 ], [ -106.480387667106996, 31.77218405591163 ], [ -106.480390031798535, 31.772185809686398 ], [ -106.480392213203444, 31.772187786796565 ], [ -106.480394190313604, 31.772189968201474 ], [ -106.480395944088372, 31.77219233289301 ], [ -106.480397457637935, 31.772194858097894 ], [ -106.480398716385977, 31.772197519497031 ], [ -106.480399708210072, 31.772200291459683 ], [ -106.480400423558422, 31.772203147290341 ], [ -106.480400855541802, 31.772206059485789 ], [ -106.480401, 31.772209 ], [ -106.480400855541802, 31.772211940514211 ], [ -106.480400423558422, 31.772214852709659 ], [ -106.480399708210072, 31.772217708540317 ], [ -106.480398716385977, 31.77222048050297 ], [ -106.480397457637935, 31.772223141902106 ], [ -106.480395944088372, 31.772225667106991 ], [ -106.480394190313604, 31.772228031798527 ], [ -106.480392213203444, 31.772230213203436 ], [ -106.480390031798535, 31.772232190313602 ], [ -106.480387667106996, 31.77223394408837 ], [ -106.480385141902104, 31.77223545763793 ], [ -106.480382480502982, 31.772236716385976 ], [ -106.480379708540326, 31.772237708210071 ], [ -106.480376852709668, 31.772238423558413 ], [ -106.480373940514212, 31.772238855541801 ], [ -106.480371, 31.772239 ], [ -106.480368059485798, 31.772238855541801 ], [ -106.480365147290343, 31.772238423558413 ], [ -106.480362291459684, 31.772237708210071 ], [ -106.480359519497028, 31.772236716385976 ], [ -106.480356858097906, 31.77223545763793 ], [ -106.480354332893015, 31.77223394408837 ], [ -106.480351968201475, 31.772232190313602 ], [ -106.480349786796566, 31.772230213203436 ], [ -106.480347809686407, 31.772228031798527 ], [ -106.480346055911639, 31.772225667106991 ], [ -106.480344542362076, 31.772223141902106 ], [ -106.480343283614033, 31.77222048050297 ], [ -106.480342291789938, 31.772217708540317 ], [ -106.480341576441589, 31.772214852709659 ], [ -106.480341144458208, 31.772211940514211 ], [ -106.480341, 31.772209 ] ] ] } },
{ "type": "Feature", "properties": { "PLACEKEY": "22z-222@8tf-p3j-kzz", "PARENT_PLACEKEY": null, "LOCATION_NAME": "Heaven Sent Caskets", "BRANDS": null, "TOP_CATEGORY": "Death Care Services", "SUB_CATEGORY": "Cemeteries and Crematories", "NAICS_CODE": 812220, "LATITUDE": 31.769182, "LONGITUDE": -106.482133, "STREET_ADDRESS": "1131 E Yandell Dr", "CITY": "El Paso", "REGION": "TX", "POSTAL_CODE": 79902, "OPEN_HOURS": { "Mon": [ [ "9:00", "17:00" ] ], "Tue": [ [ "9:00", "17:00" ] ], "Wed": [ [ "9:00", "17:00" ] ], "Thu": [ [ "9:00", "17:00" ] ], "Fri": [ [ "9:00", "17:00" ] ], "Sat": [ [ "9:00", "17:00" ] ], "Sun": [ [ "9:00", "17:00" ] ] }, "CATEGORY_TAGS": null, "OPENED_ON": null, "CLOSED_ON": null, "TRACKING_CLOSED_SINCE": null, "GEOMETRY_TYPE": "POLYGON", "POLYGON_CLASS": null, "ENCLOSED": "False", "PHONE_NUMBER": 19155338350.0, "IS_SYNTHETIC": "False", "INCLUDES_PARKING_LOT": "False", "WKT_AREA_SQ_METERS": 399.0, "DOMAINS": [ "heavensentcaskets.com" ], "WEBSITE": null }, "geometry": { "type": "Polygon", "coordinates": [ [ [ -106.482016753999972, 31.769158219000076 ], [ -106.482107141999961, 31.769086696000045 ], [ -106.482126337999944, 31.769104092000077 ], [ -106.482220834999964, 31.769029318000037 ], [ -106.482328329999973, 31.769126737000079 ], [ -106.482192745999953, 31.769234022000035 ], [ -106.482208102999948, 31.769247939000024 ], [ -106.482158799999979, 31.769286952000073 ], [ -106.482016753999972, 31.769158219000076 ] ] ] } },
{ "type": "Feature", "properties": { "PLACEKEY": "23w-222@8tf-p3j-hnq", "PARENT_PLACEKEY": null, "LOCATION_NAME": "Desert Lotus USA", "BRANDS": null, "TOP_CATEGORY": "Offices of Other Health Practitioners", "SUB_CATEGORY": "Offices of Mental Health Practitioners (except Physicians)", "NAICS_CODE": 621330, "LATITUDE": 31.769887, "LONGITUDE": -106.481849, "STREET_ADDRESS": "1210 Montana Ave Ste 205", "CITY": "El Paso", "REGION": "TX", "POSTAL_CODE": 79902, "OPEN_HOURS": { "Mon": [ [ "10:00", "18:00" ] ], "Tue": [ [ "10:00", "18:00" ] ], "Wed": [ [ "10:00", "18:00" ] ], "Thu": [ [ "10:00", "18:00" ] ], "Fri": [ [ "10:00", "18:00" ] ], "Sat": [ ], "Sun": [ ] }, "CATEGORY_TAGS": "Mental Health,Psychologists", "OPENED_ON": null, "CLOSED_ON": null, "TRACKING_CLOSED_SINCE": null, "GEOMETRY_TYPE": "POLYGON", "POLYGON_CLASS": "SHARED_POLYGON", "ENCLOSED": "False", "PHONE_NUMBER": 19154905440.0, "IS_SYNTHETIC": "False", "INCLUDES_PARKING_LOT": "False", "WKT_AREA_SQ_METERS": 243.0, "DOMAINS": [ ], "WEBSITE": null }, "geometry": { "type": "Polygon", "coordinates": [ [ [ -106.481746232999967, 31.769875290000073 ], [ -106.481853144999945, 31.769805547000033 ], [ -106.481976681999981, 31.769941349000078 ], [ -106.481869769999946, 31.770011093000051 ], [ -106.481746232999967, 31.769875290000073 ] ] ] } },
{ "type": "Feature", "properties": { "PLACEKEY": "22h-222@8tf-p3j-5zz", "PARENT_PLACEKEY": null, "LOCATION_NAME": "Inicia Insurance Group", "BRANDS": null, "TOP_CATEGORY": "Agencies, Brokerages, and Other Insurance Related Activities", "SUB_CATEGORY": "Insurance Agencies and Brokerages", "NAICS_CODE": 524210, "LATITUDE": 31.76907, "LONGITUDE": -106.484062, "STREET_ADDRESS": "1017 Montana Ave", "CITY": "El Paso", "REGION": "TX", "POSTAL_CODE": 79902, "OPEN_HOURS": { "Mon": [ [ "8:00", "20:00" ] ], "Tue": [ [ "8:00", "20:00" ] ], "Wed": [ [ "8:00", "20:00" ] ], "Thu": [ [ "8:00", "20:00" ] ], "Fri": [ [ "8:00", "20:00" ] ], "Sat": [ ], "Sun": [ ] }, "CATEGORY_TAGS": null, "OPENED_ON": null, "CLOSED_ON": null, "TRACKING_CLOSED_SINCE": null, "GEOMETRY_TYPE": "POLYGON", "POLYGON_CLASS": "SHARED_POLYGON", "ENCLOSED": "False", "PHONE_NUMBER": 19154009280.0, "IS_SYNTHETIC": "False", "INCLUDES_PARKING_LOT": "False", "WKT_AREA_SQ_METERS": 342.0, "DOMAINS": [ "iniciausa.com" ], "WEBSITE": null }, "geometry": { "type": "Polygon", "coordinates": [ [ [ -106.484197844999983, 31.769061904000068 ], [ -106.48429509999994, 31.769171700000072 ], [ -106.484241464999968, 31.769206376000056 ], [ -106.484187906999978, 31.769145206000076 ], [ -106.484102084999961, 31.769199092000065 ], [ -106.483971469999972, 31.769049915000039 ], [ -106.484079876999942, 31.768981848000067 ], [ -106.484166952999942, 31.769081300000039 ], [ -106.484197844999983, 31.769061904000068 ] ] ] } },
{ "type": "Feature", "properties": { "PLACEKEY": "233-222@8tf-p3j-hkf", "PARENT_PLACEKEY": null, "LOCATION_NAME": "Thrifty Enterprise", "BRANDS": null, "TOP_CATEGORY": "Automotive Equipment Rental and Leasing", "SUB_CATEGORY": "Passenger Car Rental", "NAICS_CODE": 532111, "LATITUDE": 31.771906, "LONGITUDE": -106.480062, "STREET_ADDRESS": "1401 Montana Ave Ste D", "CITY": "El Paso", "REGION": "TX", "POSTAL_CODE": 79902, "OPEN_HOURS": null, "CATEGORY_TAGS": "Car Rental", "OPENED_ON": null, "CLOSED_ON": null, "TRACKING_CLOSED_SINCE": null, "GEOMETRY_TYPE": "POLYGON", "POLYGON_CLASS": "SHARED_POLYGON", "ENCLOSED": "False", "PHONE_NUMBER": 19153513555.0, "IS_SYNTHETIC": "False", "INCLUDES_PARKING_LOT": "False", "WKT_AREA_SQ_METERS": 1241.0, "DOMAINS": [ ], "WEBSITE": null }, "geometry": { "type": "Polygon", "coordinates": [ [ [ -106.479830697999944, 31.771844360000046 ], [ -106.48000972899996, 31.771729053000058 ], [ -106.480019941999956, 31.77174042300004 ], [ -106.480100505999985, 31.771688535000067 ], [ -106.480352416999949, 31.771969001000059 ], [ -106.480092820999971, 31.772136196000076 ], [ -106.479830697999944, 31.771844360000046 ] ] ] } },
{ "type": "Feature", "properties": { "PLACEKEY": "224-222@8tf-p3j-hbk", "PARENT_PLACEKEY": null, "LOCATION_NAME": "Samajeda Group Llc", "BRANDS": null, "TOP_CATEGORY": "Clothing and Clothing Accessories Stores", "SUB_CATEGORY": null, "NAICS_CODE": 448, "LATITUDE": 31.771658, "LONGITUDE": -106.480907, "STREET_ADDRESS": "1320 E Rio Grande Ave", "CITY": "El Paso", "REGION": "TX", "POSTAL_CODE": 79902, "OPEN_HOURS": null, "CATEGORY_TAGS": null, "OPENED_ON": null, "CLOSED_ON": null, "TRACKING_CLOSED_SINCE": null, "GEOMETRY_TYPE": "POLYGON", "POLYGON_CLASS": "OWNED_POLYGON", "ENCLOSED": "False", "PHONE_NUMBER": null, "IS_SYNTHETIC": "False", "INCLUDES_PARKING_LOT": "False", "WKT_AREA_SQ_METERS": 244.0, "DOMAINS": [ ], "WEBSITE": null }, "geometry": { "type": "Polygon", "coordinates": [ [ [ -106.48087252199997, 31.77152439200006 ], [ -106.480891867999958, 31.771512783000048 ], [ -106.480934134999984, 31.771563291000064 ], [ -106.480906605999962, 31.771579809000059 ], [ -106.481013898999947, 31.771708020000062 ], [ -106.480926724999961, 31.771760330000063 ], [ -106.480799925999975, 31.771608809000043 ], [ -106.480854982999972, 31.771575771000073 ], [ -106.480832223999982, 31.771548574000064 ], [ -106.48087252199997, 31.77152439200006 ] ] ] } },
{ "type": "Feature", "properties": { "PLACEKEY": "223-228@8tf-p3j-gx5", "PARENT_PLACEKEY": null, "LOCATION_NAME": "Abogado Arturo Rodriguez", "BRANDS": null, "TOP_CATEGORY": "Legal Services", "SUB_CATEGORY": "Offices of Lawyers", "NAICS_CODE": 541110, "LATITUDE": 31.77054, "LONGITUDE": -106.476452, "STREET_ADDRESS": "1515 E Missouri Ave", "CITY": "El Paso", "REGION": "TX", "POSTAL_CODE": 79902, "OPEN_HOURS": { "Mon": [ [ "9:00", "18:00" ] ], "Tue": [ [ "9:00", "18:00" ] ], "Wed": [ [ "9:00", "18:00" ] ], "Thu": [ [ "9:00", "18:00" ] ], "Fri": [ [ "9:00", "18:00" ] ], "Sat": [ ], "Sun": [ ] }, "CATEGORY_TAGS": null, "OPENED_ON": null, "CLOSED_ON": null, "TRACKING_CLOSED_SINCE": null, "GEOMETRY_TYPE": "POLYGON", "POLYGON_CLASS": "SHARED_POLYGON", "ENCLOSED": "False", "PHONE_NUMBER": 19155418920.0, "IS_SYNTHETIC": "False", "INCLUDES_PARKING_LOT": "False", "WKT_AREA_SQ_METERS": 309.0, "DOMAINS": [ "abogadorodriguez.com" ], "WEBSITE": "https://abogadorodriguez.com/" }, "geometry": { "type": "Polygon", "coordinates": [ [ [ -106.476611559999981, 31.770714013000031 ], [ -106.47656883999997, 31.770664901000032 ], [ -106.476514508999969, 31.770698789000051 ], [ -106.476377777999971, 31.770541597000033 ], [ -106.476486894999937, 31.770473534000075 ], [ -106.476607314999967, 31.770611331000055 ], [ -106.476597439999978, 31.770617490000063 ], [ -106.476656762999937, 31.770685689000061 ], [ -106.476611559999981, 31.770714013000031 ] ], [ [ -106.476578623999956, 31.770587828000032 ], [ -106.476548609999952, 31.770553323000058 ], [ -106.476544081999975, 31.770556147000036 ], [ -106.476574095999979, 31.770590653000056 ], [ -106.476578623999956, 31.770587828000032 ] ] ] } },
{ "type": "Feature", "properties": { "PLACEKEY": "222-225@8tf-p3j-hbk", "PARENT_PLACEKEY": null, "LOCATION_NAME": "Belle A me Wellness", "BRANDS": null, "TOP_CATEGORY": "Offices of Other Health Practitioners", "SUB_CATEGORY": "Offices of All Other Miscellaneous Health Practitioners", "NAICS_CODE": 621399, "LATITUDE": 31.77135, "LONGITUDE": -106.481397, "STREET_ADDRESS": "1300 E Rio Grande Ave", "CITY": "El Paso", "REGION": "TX", "POSTAL_CODE": 79902, "OPEN_HOURS": null, "CATEGORY_TAGS": null, "OPENED_ON": null, "CLOSED_ON": null, "TRACKING_CLOSED_SINCE": null, "GEOMETRY_TYPE": "POLYGON", "POLYGON_CLASS": "SHARED_POLYGON", "ENCLOSED": "False", "PHONE_NUMBER": 19153456975.0, "IS_SYNTHETIC": "False", "INCLUDES_PARKING_LOT": "False", "WKT_AREA_SQ_METERS": 359.0, "DOMAINS": [ "belleame-wellness.com" ], "WEBSITE": null }, "geometry": { "type": "Polygon", "coordinates": [ [ [ -106.481430935, 31.771437996000031 ], [ -106.481303670999978, 31.771292641000059 ], [ -106.481339807999973, 31.771269953000058 ], [ -106.481323063, 31.771250828000063 ], [ -106.481345649, 31.77123664800007 ], [ -106.481322204999969, 31.771209871000053 ], [ -106.48143965099996, 31.771136136000052 ], [ -106.481419556, 31.771113185000047 ], [ -106.481469244999971, 31.771081989000038 ], [ -106.481536225999946, 31.77115849200004 ], [ -106.481414263999966, 31.771235064000052 ], [ -106.481434356999955, 31.771258014000068 ], [ -106.481402737999986, 31.771277866000048 ], [ -106.481466369999964, 31.771350544000029 ], [ -106.481475404999969, 31.771344872000043 ], [ -106.481512243999987, 31.771386949000032 ], [ -106.481430935, 31.771437996000031 ] ] ] } },
{ "type": "Feature", "properties": { "PLACEKEY": "22c-223@8tf-p3j-hbk", "PARENT_PLACEKEY": null, "LOCATION_NAME": "Breeze Autocare", "BRANDS": null, "TOP_CATEGORY": "Management of Companies and Enterprises", "SUB_CATEGORY": "Corporate, Subsidiary, and Regional Managing Offices", "NAICS_CODE": 551114, "LATITUDE": 31.771312, "LONGITUDE": -106.480634, "STREET_ADDRESS": "1319 Montana Ave", "CITY": "El Paso", "REGION": "TX", "POSTAL_CODE": 79902, "OPEN_HOURS": { "Mon": [ [ "8:00", "17:00" ] ], "Tue": [ [ "8:00", "17:00" ] ], "Wed": [ [ "8:00", "17:00" ] ], "Thu": [ [ "8:00", "17:00" ] ], "Fri": [ [ "8:00", "17:00" ] ], "Sat": [ ], "Sun": [ ] }, "CATEGORY_TAGS": null, "OPENED_ON": null, "CLOSED_ON": null, "TRACKING_CLOSED_SINCE": null, "GEOMETRY_TYPE": "POLYGON", "POLYGON_CLASS": "OWNED_POLYGON", "ENCLOSED": "False", "PHONE_NUMBER": 19157726484.0, "IS_SYNTHETIC": "False", "INCLUDES_PARKING_LOT": "False", "WKT_AREA_SQ_METERS": 202.0, "DOMAINS": [ "breezeautocare.com" ], "WEBSITE": null }, "geometry": { "type": "Polygon", "coordinates": [ [ [ -106.480594323, 31.771217967000041 ], [ -106.480606511999952, 31.77121016600006 ], [ -106.480742130999943, 31.771362122000028 ], [ -106.480661379999958, 31.771413801000051 ], [ -106.480525761999957, 31.771261845000026 ], [ -106.480594323, 31.771217967000041 ] ] ] } },
{ "type": "Feature", "properties": { "PLACEKEY": "22c-22h@8tf-p3j-hkf", "PARENT_PLACEKEY": null, "LOCATION_NAME": "Law Office of Diego A Vazquez", "BRANDS": null, "TOP_CATEGORY": "Legal Services", "SUB_CATEGORY": "Offices of Lawyers", "NAICS_CODE": 541110, "LATITUDE": 31.771895, "LONGITUDE": -106.480011, "STREET_ADDRESS": "1401 Montana Ave", "CITY": "El Paso", "REGION": "TX", "POSTAL_CODE": 79902, "OPEN_HOURS": null, "CATEGORY_TAGS": null, "OPENED_ON": null, "CLOSED_ON": null, "TRACKING_CLOSED_SINCE": null, "GEOMETRY_TYPE": "POLYGON", "POLYGON_CLASS": "SHARED_POLYGON", "ENCLOSED": "False", "PHONE_NUMBER": 19157925555.0, "IS_SYNTHETIC": "False", "INCLUDES_PARKING_LOT": "False", "WKT_AREA_SQ_METERS": 1241.0, "DOMAINS": [ "diegovazquez.us" ], "WEBSITE": "http://www.diegovazquez.us/" }, "geometry": { "type": "Polygon", "coordinates": [ [ [ -106.479830697999944, 31.771844360000046 ], [ -106.48000972899996, 31.771729053000058 ], [ -106.480019941999956, 31.77174042300004 ], [ -106.480100505999985, 31.771688535000067 ], [ -106.480352416999949, 31.771969001000059 ], [ -106.480092820999971, 31.772136196000076 ], [ -106.479830697999944, 31.771844360000046 ] ] ] } },
{ "type": "Feature", "properties": { "PLACEKEY": "22b-225@8tf-p3j-m6k", "PARENT_PLACEKEY": "22b-226@8tf-p3j-m6k", "LOCATION_NAME": "El Paso Opera", "BRANDS": null, "TOP_CATEGORY": "Performing Arts Companies", "SUB_CATEGORY": "Theater Companies and Dinner Theaters", "NAICS_CODE": 711110, "LATITUDE": 31.769358, "LONGITUDE": -106.480996, "STREET_ADDRESS": "1218 E Yandell Dr", "CITY": "El Paso", "REGION": "TX", "POSTAL_CODE": 79902, "OPEN_HOURS": null, "CATEGORY_TAGS": "Opera", "OPENED_ON": null, "CLOSED_ON": null, "TRACKING_CLOSED_SINCE": null, "GEOMETRY_TYPE": "POLYGON", "POLYGON_CLASS": "SHARED_POLYGON", "ENCLOSED": "False", "PHONE_NUMBER": 19155815534.0, "IS_SYNTHETIC": "False", "INCLUDES_PARKING_LOT": "False", "WKT_AREA_SQ_METERS": 235.0, "DOMAINS": [ "epopera.org" ], "WEBSITE": "https://www.epopera.org" }, "geometry": { "type": "Polygon", "coordinates": [ [ [ -106.48096499199994, 31.769242124000073 ], [ -106.480968705999942, 31.769239967000033 ], [ -106.481089561999966, 31.769389192000062 ], [ -106.48098754199998, 31.769448444000034 ], [ -106.480866685999956, 31.769299219000061 ], [ -106.48096499199994, 31.769242124000073 ] ] ] } },
{ "type": "Feature", "properties": { "PLACEKEY": "228-223@8tf-p3h-g6k", "PARENT_PLACEKEY": null, "LOCATION_NAME": "Jorge Bilbao MD", "BRANDS": null, "TOP_CATEGORY": "Offices of Physicians", "SUB_CATEGORY": "Offices of Physicians (except Mental Health Specialists)", "NAICS_CODE": 621111, "LATITUDE": 31.774606, "LONGITUDE": -106.484329, "STREET_ADDRESS": "1301 E River Ave", "CITY": "El Paso", "REGION": "TX", "POSTAL_CODE": 79902, "OPEN_HOURS": null, "CATEGORY_TAGS": null, "OPENED_ON": null, "CLOSED_ON": null, "TRACKING_CLOSED_SINCE": null, "GEOMETRY_TYPE": "POLYGON", "POLYGON_CLASS": "SHARED_POLYGON", "ENCLOSED": "False", "PHONE_NUMBER": 19155333000.0, "IS_SYNTHETIC": "False", "INCLUDES_PARKING_LOT": "False", "WKT_AREA_SQ_METERS": 304.0, "DOMAINS": [ ], "WEBSITE": null }, "geometry": { "type": "Polygon", "coordinates": [ [ [ -106.484253657999943, 31.774563820000026 ], [ -106.484379043, 31.774482545000069 ], [ -106.484502099999986, 31.774618663000069 ], [ -106.484368139999958, 31.77470549700007 ], [ -106.484245083999951, 31.774569378000024 ], [ -106.484253657999943, 31.774563820000026 ] ] ] } },
{ "type": "Feature", "properties": { "PLACEKEY": "22j-222@8tf-p3j-hnq", "PARENT_PLACEKEY": null, "LOCATION_NAME": "Felipe DJ Millan", "BRANDS": null, "TOP_CATEGORY": "Legal Services", "SUB_CATEGORY": "Offices of Lawyers", "NAICS_CODE": 541110, "LATITUDE": 31.770237, "LONGITUDE": -106.482293, "STREET_ADDRESS": "1147 Montana Ave", "CITY": "El Paso", "REGION": "TX", "POSTAL_CODE": 79902, "OPEN_HOURS": { "Mon": [ [ "8:00", "17:00" ] ], "Tue": [ [ "8:00", "17:00" ] ], "Wed": [ [ "8:00", "17:00" ] ], "Thu": [ [ "8:00", "17:00" ] ], "Fri": [ [ "8:00", "17:00" ] ], "Sat": [ ], "Sun": [ ] }, "CATEGORY_TAGS": "Immigration Law", "OPENED_ON": null, "CLOSED_ON": null, "TRACKING_CLOSED_SINCE": null, "GEOMETRY_TYPE": "POLYGON", "POLYGON_CLASS": "SHARED_POLYGON", "ENCLOSED": "False", "PHONE_NUMBER": 19155669977.0, "IS_SYNTHETIC": "False", "INCLUDES_PARKING_LOT": "False", "WKT_AREA_SQ_METERS": 220.0, "DOMAINS": [ "felipemillan.com" ], "WEBSITE": null }, "geometry": { "type": "Polygon", "coordinates": [ [ [ -106.482160947999944, 31.770212461000028 ], [ -106.48229723299994, 31.770145696000043 ], [ -106.482376076999969, 31.770261104000042 ], [ -106.482239791999973, 31.770327871000063 ], [ -106.482160947999944, 31.770212461000028 ] ] ] } },
{ "type": "Feature", "properties": { "PLACEKEY": "22f-222@8tf-p3j-hqz", "PARENT_PLACEKEY": null, "LOCATION_NAME": "Ramos Robert Atty", "BRANDS": null, "TOP_CATEGORY": "Legal Services", "SUB_CATEGORY": "Offices of Lawyers", "NAICS_CODE": 541110, "LATITUDE": 31.770962, "LONGITUDE": -106.482918, "STREET_ADDRESS": "1145 E Rio Grande Ave", "CITY": "El Paso", "REGION": "TX", "POSTAL_CODE": 79902, "OPEN_HOURS": null, "CATEGORY_TAGS": null, "OPENED_ON": null, "CLOSED_ON": null, "TRACKING_CLOSED_SINCE": null, "GEOMETRY_TYPE": "POLYGON", "POLYGON_CLASS": "OWNED_POLYGON", "ENCLOSED": "False", "PHONE_NUMBER": 19155451175.0, "IS_SYNTHETIC": "False", "INCLUDES_PARKING_LOT": "False", "WKT_AREA_SQ_METERS": 264.0, "DOMAINS": [ ], "WEBSITE": null }, "geometry": { "type": "Polygon", "coordinates": [ [ [ -106.482944550999946, 31.771050664000029 ], [ -106.482903573999977, 31.77099940100004 ], [ -106.48286632099996, 31.771020755000052 ], [ -106.482793822999952, 31.770930058000033 ], [ -106.482928867999988, 31.770852651000041 ], [ -106.483042341999976, 31.770994611000049 ], [ -106.482944550999946, 31.771050664000029 ] ] ] } },
{ "type": "Feature", "properties": { "PLACEKEY": "228-223@8tf-p3j-jn5", "PARENT_PLACEKEY": null, "LOCATION_NAME": "Spiritual Worx", "BRANDS": null, "TOP_CATEGORY": "Home Furnishings Stores", "SUB_CATEGORY": "All Other Home Furnishings Stores", "NAICS_CODE": 442299, "LATITUDE": 31.773217, "LONGITUDE": -106.477601, "STREET_ADDRESS": "1601 Montana Ave", "CITY": "El Paso", "REGION": "TX", "POSTAL_CODE": 79902, "OPEN_HOURS": { "Mon": [ [ "10:00", "18:00" ] ], "Tue": [ [ "10:00", "18:00" ] ], "Wed": [ [ "10:00", "18:00" ] ], "Thu": [ [ "10:00", "18:00" ] ], "Fri": [ [ "10:00", "18:00" ] ], "Sat": [ [ "11:00", "18:00" ] ], "Sun": [ ] }, "CATEGORY_TAGS": "Candles", "OPENED_ON": null, "CLOSED_ON": null, "TRACKING_CLOSED_SINCE": null, "GEOMETRY_TYPE": "POLYGON", "POLYGON_CLASS": "SHARED_POLYGON", "ENCLOSED": "False", "PHONE_NUMBER": 19152342782.0, "IS_SYNTHETIC": "False", "INCLUDES_PARKING_LOT": "False", "WKT_AREA_SQ_METERS": 527.0, "DOMAINS": [ ], "WEBSITE": null }, "geometry": { "type": "Polygon", "coordinates": [ [ [ -106.477464694, 31.773153324000077 ], [ -106.477584414999967, 31.773076222000043 ], [ -106.477818010999954, 31.773336304000054 ], [ -106.477697599999942, 31.773418800000059 ], [ -106.477464694, 31.773153324000077 ] ] ] } },
{ "type": "Feature", "properties": { "PLACEKEY": "224-226@8tf-p3j-ht9", "PARENT_PLACEKEY": null, "LOCATION_NAME": "Southwest Polygraph", "BRANDS": null, "TOP_CATEGORY": "Advertising, Public Relations, and Related Services", "SUB_CATEGORY": null, "NAICS_CODE": 5418, "LATITUDE": 31.770762, "LONGITUDE": -106.480562, "STREET_ADDRESS": "1310 Montana Ave", "CITY": "El Paso", "REGION": "TX", "POSTAL_CODE": 79902, "OPEN_HOURS": { "Mon": [ [ "9:00", "19:00" ] ], "Tue": [ [ "9:00", "19:00" ] ], "Wed": [ [ "9:00", "19:00" ] ], "Thu": [ [ "9:00", "19:00" ] ], "Fri": [ [ "9:00", "19:00" ] ], "Sat": [ ], "Sun": [ ] }, "CATEGORY_TAGS": null, "OPENED_ON": null, "CLOSED_ON": null, "TRACKING_CLOSED_SINCE": null, "GEOMETRY_TYPE": "POLYGON", "POLYGON_CLASS": "SHARED_POLYGON", "ENCLOSED": "False", "PHONE_NUMBER": 19152047008.0, "IS_SYNTHETIC": "False", "INCLUDES_PARKING_LOT": "False", "WKT_AREA_SQ_METERS": 259.0, "DOMAINS": [ ], "WEBSITE": null }, "geometry": { "type": "Polygon", "coordinates": [ [ [ -106.480557618999967, 31.770846702000028 ], [ -106.48045785, 31.770708594000041 ], [ -106.480424272, 31.770725988000038 ], [ -106.480377321999981, 31.770660995000071 ], [ -106.480444477999981, 31.770626208000067 ], [ -106.480497296999943, 31.770699324000077 ], [ -106.480559347999986, 31.770667179000043 ], [ -106.480630428999973, 31.77074674000005 ], [ -106.480663149999941, 31.770792035000056 ], [ -106.480557618999967, 31.770846702000028 ] ] ] } },
{ "type": "Feature", "properties": { "PLACEKEY": "22d-224@8tf-p3j-kxq", "PARENT_PLACEKEY": null, "LOCATION_NAME": "Rio Bravo Financial Services", "BRANDS": null, "TOP_CATEGORY": "Other Professional, Scientific, and Technical Services", "SUB_CATEGORY": "Photographic Services", "NAICS_CODE": 54192, "LATITUDE": 31.768398, "LONGITUDE": -106.481621, "STREET_ADDRESS": "1127 Wyoming Ave", "CITY": "El Paso", "REGION": "TX", "POSTAL_CODE": 79902, "OPEN_HOURS": null, "CATEGORY_TAGS": null, "OPENED_ON": null, "CLOSED_ON": null, "TRACKING_CLOSED_SINCE": null, "GEOMETRY_TYPE": "POLYGON", "POLYGON_CLASS": "OWNED_POLYGON", "ENCLOSED": "False", "PHONE_NUMBER": 19153139966.0, "IS_SYNTHETIC": "False", "INCLUDES_PARKING_LOT": "False", "WKT_AREA_SQ_METERS": 159.0, "DOMAINS": [ ], "WEBSITE": null }, "geometry": { "type": "Polygon", "coordinates": [ [ [ -106.481536769525661, 31.768380468543988 ], [ -106.481615830132839, 31.768307818256318 ], [ -106.481713667999941, 31.768427799000051 ], [ -106.481630238999969, 31.768482572000039 ], [ -106.481536769525661, 31.768380468543988 ] ] ] } },
{ "type": "Feature", "properties": { "PLACEKEY": "zzy-224@8tf-p3j-5xq", "PARENT_PLACEKEY": null, "LOCATION_NAME": "Sun Metro 901 Arizona Ange", "BRANDS": null, "TOP_CATEGORY": "Urban Transit Systems", "SUB_CATEGORY": "Bus and Other Motor Vehicle Transit Systems", "NAICS_CODE": 485113, "LATITUDE": 31.769667, "LONGITUDE": -106.486369, "STREET_ADDRESS": "901 Arizona Ave", "CITY": "El Paso", "REGION": "TX", "POSTAL_CODE": 79902, "OPEN_HOURS": null, "CATEGORY_TAGS": "Bus Station,Buses", "OPENED_ON": null, "CLOSED_ON": null, "TRACKING_CLOSED_SINCE": null, "GEOMETRY_TYPE": "POINT", "POLYGON_CLASS": null, "ENCLOSED": null, "PHONE_NUMBER": null, "IS_SYNTHETIC": null, "INCLUDES_PARKING_LOT": null, "WKT_AREA_SQ_METERS": null, "DOMAINS": [ ], "WEBSITE": null }, "geometry": { "type": "Polygon", "coordinates": [ [ [ -106.486339, 31.769667 ], [ -106.486339144458199, 31.769664059485788 ], [ -106.48633957644158, 31.769661147290339 ], [ -106.486340291789929, 31.769658291459681 ], [ -106.486341283614024, 31.769655519497029 ], [ -106.486342542362067, 31.769652858097892 ], [ -106.48634405591163, 31.769650332893008 ], [ -106.486345809686398, 31.769647968201472 ], [ -106.486347786796557, 31.769645786796563 ], [ -106.486349968201466, 31.769643809686396 ], [ -106.486352332893006, 31.769642055911628 ], [ -106.486354858097897, 31.769640542362069 ], [ -106.48635751949702, 31.769639283614023 ], [ -106.486360291459675, 31.769638291789928 ], [ -106.486363147290334, 31.769637576441585 ], [ -106.486366059485789, 31.769637144458198 ], [ -106.486369, 31.769637 ], [ -106.486371940514204, 31.769637144458198 ], [ -106.486374852709659, 31.769637576441585 ], [ -106.486377708540317, 31.769638291789928 ], [ -106.486380480502973, 31.769639283614023 ], [ -106.486383141902095, 31.769640542362069 ], [ -106.486385667106987, 31.769642055911628 ], [ -106.486388031798526, 31.769643809686396 ], [ -106.486390213203435, 31.769645786796563 ], [ -106.486392190313595, 31.769647968201472 ], [ -106.486393944088363, 31.769650332893008 ], [ -106.486395457637926, 31.769652858097892 ], [ -106.486396716385968, 31.769655519497029 ], [ -106.486397708210063, 31.769658291459681 ], [ -106.486398423558413, 31.769661147290339 ], [ -106.486398855541793, 31.769664059485788 ], [ -106.486399, 31.769667 ], [ -106.486398855541793, 31.769669940514209 ], [ -106.486398423558413, 31.769672852709657 ], [ -106.486397708210063, 31.769675708540316 ], [ -106.486396716385968, 31.769678480502968 ], [ -106.486395457637926, 31.769681141902105 ], [ -106.486393944088363, 31.769683667106989 ], [ -106.486392190313595, 31.769686031798525 ], [ -106.486390213203435, 31.769688213203434 ], [ -106.486388031798526, 31.7696901903136 ], [ -106.486385667106987, 31.769691944088368 ], [ -106.486383141902095, 31.769693457637928 ], [ -106.486380480502973, 31.769694716385974 ], [ -106.486377708540317, 31.769695708210069 ], [ -106.486374852709659, 31.769696423558411 ], [ -106.486371940514204, 31.769696855541799 ], [ -106.486369, 31.769697 ], [ -106.486366059485789, 31.769696855541799 ], [ -106.486363147290334, 31.769696423558411 ], [ -106.486360291459675, 31.769695708210069 ], [ -106.48635751949702, 31.769694716385974 ], [ -106.486354858097897, 31.769693457637928 ], [ -106.486352332893006, 31.769691944088368 ], [ -106.486349968201466, 31.7696901903136 ], [ -106.486347786796557, 31.769688213203434 ], [ -106.486345809686398, 31.769686031798525 ], [ -106.48634405591163, 31.769683667106989 ], [ -106.486342542362067, 31.769681141902105 ], [ -106.486341283614024, 31.769678480502968 ], [ -106.486340291789929, 31.769675708540316 ], [ -106.48633957644158, 31.769672852709657 ], [ -106.486339144458199, 31.769669940514209 ], [ -106.486339, 31.769667 ] ] ] } },
{ "type": "Feature", "properties": { "PLACEKEY": "22w-222@8tf-p3j-jvz", "PARENT_PLACEKEY": null, "LOCATION_NAME": "Tien Shan Tzi", "BRANDS": null, "TOP_CATEGORY": "Elementary and Secondary Schools", "SUB_CATEGORY": "Elementary and Secondary Schools", "NAICS_CODE": 611110, "LATITUDE": 31.773825, "LONGITUDE": -106.476796, "STREET_ADDRESS": "1629 Montana Ave", "CITY": "El Paso", "REGION": "TX", "POSTAL_CODE": 79902, "OPEN_HOURS": null, "CATEGORY_TAGS": null, "OPENED_ON": null, "CLOSED_ON": null, "TRACKING_CLOSED_SINCE": null, "GEOMETRY_TYPE": "POLYGON", "POLYGON_CLASS": "OWNED_POLYGON", "ENCLOSED": "False", "PHONE_NUMBER": 19154745462.0, "IS_SYNTHETIC": "False", "INCLUDES_PARKING_LOT": "False", "WKT_AREA_SQ_METERS": 716.0, "DOMAINS": [ "tienshantzi.com" ], "WEBSITE": null }, "geometry": { "type": "Polygon", "coordinates": [ [ [ -106.476875930999938, 31.773747857000046 ], [ -106.476991399999974, 31.773875300000043 ], [ -106.476802339999949, 31.773998928000026 ], [ -106.476601337999966, 31.773775132000026 ], [ -106.476646097999947, 31.773746308000057 ], [ -106.476629077999974, 31.773727357000041 ], [ -106.476687266999988, 31.773689884000078 ], [ -106.476700881999989, 31.773705044000053 ], [ -106.476781450999965, 31.773653159000048 ], [ -106.476869957999952, 31.773751703000073 ], [ -106.476875930999938, 31.773747857000046 ] ] ] } },
{ "type": "Feature", "properties": { "PLACEKEY": "zzw-223@8tf-p3j-jvz", "PARENT_PLACEKEY": "zzy-222@8tf-p3h-tsq", "LOCATION_NAME": "Metro by T-Mobile", "BRANDS": "Metro by T-Mobile", "TOP_CATEGORY": "Wired and Wireless Telecommunications Carriers", "SUB_CATEGORY": "Wireless Telecommunications Carriers (except Satellite)", "NAICS_CODE": 517312, "LATITUDE": 31.773656, "LONGITUDE": -106.476097, "STREET_ADDRESS": "1700 Montana Ave", "CITY": "El Paso", "REGION": "TX", "POSTAL_CODE": 79902, "OPEN_HOURS": { "Mon": [ [ "10:00", "20:00" ] ], "Tue": [ [ "10:00", "20:00" ] ], "Wed": [ [ "10:00", "20:00" ] ], "Thu": [ [ "10:00", "20:00" ] ], "Fri": [ [ "10:00", "20:00" ] ], "Sat": [ [ "10:00", "20:00" ] ], "Sun": [ [ "12:00", "17:00" ] ] }, "CATEGORY_TAGS": "Cell Phone Accessories,Cell Phones,Electronics,IT Services", "OPENED_ON": null, "CLOSED_ON": null, "TRACKING_CLOSED_SINCE": null, "GEOMETRY_TYPE": "POLYGON", "POLYGON_CLASS": "SHARED_POLYGON", "ENCLOSED": "False", "PHONE_NUMBER": 19152718786.0, "IS_SYNTHETIC": "False", "INCLUDES_PARKING_LOT": "False", "WKT_AREA_SQ_METERS": 921.0, "DOMAINS": [ "metrobyt-mobile.com", "metrobytmobile.com", "metropcs.com" ], "WEBSITE": null }, "geometry": { "type": "Polygon", "coordinates": [ [ [ -106.475696888999948, 31.773774789000072 ], [ -106.476071113999978, 31.773530711000035 ], [ -106.476204941, 31.773677836000047 ], [ -106.475830715999962, 31.773921914000027 ], [ -106.475696888999948, 31.773774789000072 ] ] ] } },
{ "type": "Feature", "properties": { "PLACEKEY": "22r-222@8tf-p3j-5s5", "PARENT_PLACEKEY": null, "LOCATION_NAME": "Watson Law Firm", "BRANDS": null, "TOP_CATEGORY": "Legal Services", "SUB_CATEGORY": "Offices of Lawyers", "NAICS_CODE": 541110, "LATITUDE": 31.770541, "LONGITUDE": -106.4836, "STREET_ADDRESS": "1123 E Rio Grande Ave", "CITY": "El Paso", "REGION": "TX", "POSTAL_CODE": 79902, "OPEN_HOURS": { "Mon": [ [ "8:30", "18:00" ] ], "Tue": [ [ "8:30", "18:00" ] ], "Wed": [ [ "8:30", "18:00" ] ], "Thu": [ [ "8:30", "18:00" ] ], "Fri": [ [ "8:30", "18:00" ] ], "Sat": [ ], "Sun": [ ] }, "CATEGORY_TAGS": "Bankruptcy", "OPENED_ON": null, "CLOSED_ON": null, "TRACKING_CLOSED_SINCE": null, "GEOMETRY_TYPE": "POLYGON", "POLYGON_CLASS": "SHARED_POLYGON", "ENCLOSED": "False", "PHONE_NUMBER": 19155624357.0, "IS_SYNTHETIC": "False", "INCLUDES_PARKING_LOT": "False", "WKT_AREA_SQ_METERS": 213.0, "DOMAINS": [ "bankruptcy4elpaso.com" ], "WEBSITE": "http://bankruptcy4elpaso.com" }, "geometry": { "type": "Polygon", "coordinates": [ [ [ -106.483616059999974, 31.770446198000059 ], [ -106.483618301999968, 31.770444808000036 ], [ -106.483727906999945, 31.770571606000033 ], [ -106.483691605999979, 31.770594107000079 ], [ -106.483708212999943, 31.770613319000063 ], [ -106.483649225999955, 31.770649883000033 ], [ -106.483523013999957, 31.770503871000074 ], [ -106.483616059999974, 31.770446198000059 ] ] ] } },
{ "type": "Feature", "properties": { "PLACEKEY": "222-227@8tf-p3j-k2k", "PARENT_PLACEKEY": null, "LOCATION_NAME": "The Rodrigo V Ramos Law Firm P C", "BRANDS": null, "TOP_CATEGORY": "Legal Services", "SUB_CATEGORY": "Offices of Lawyers", "NAICS_CODE": 541110, "LATITUDE": 31.772931, "LONGITUDE": -106.478263, "STREET_ADDRESS": "1519 Montana Ave", "CITY": "El Paso", "REGION": "TX", "POSTAL_CODE": 79902, "OPEN_HOURS": null, "CATEGORY_TAGS": null, "OPENED_ON": null, "CLOSED_ON": null, "TRACKING_CLOSED_SINCE": null, "GEOMETRY_TYPE": "POLYGON", "POLYGON_CLASS": "SHARED_POLYGON", "ENCLOSED": "False", "PHONE_NUMBER": 19155323300.0, "IS_SYNTHETIC": "False", "INCLUDES_PARKING_LOT": "False", "WKT_AREA_SQ_METERS": 246.0, "DOMAINS": [ "rodramoslaw.com" ], "WEBSITE": null }, "geometry": { "type": "Polygon", "coordinates": [ [ [ -106.478178312999944, 31.772882025000058 ], [ -106.47828994799994, 31.772809670000072 ], [ -106.478409573999954, 31.772942015000069 ], [ -106.478297937999969, 31.773014369000066 ], [ -106.478178312999944, 31.772882025000058 ] ] ] } },
{ "type": "Feature", "properties": { "PLACEKEY": "224-227@8tf-p3j-ht9", "PARENT_PLACEKEY": "224-224@8tf-p3j-ht9", "LOCATION_NAME": "Francisco Torres Lpc; Lsotp", "BRANDS": null, "TOP_CATEGORY": "Offices of Physicians", "SUB_CATEGORY": "Offices of Physicians, Mental Health Specialists", "NAICS_CODE": 621112, "LATITUDE": 31.770776, "LONGITUDE": -106.480547, "STREET_ADDRESS": "1310 Montana Ave", "CITY": "El Paso", "REGION": "TX", "POSTAL_CODE": 79902, "OPEN_HOURS": null, "CATEGORY_TAGS": null, "OPENED_ON": null, "CLOSED_ON": null, "TRACKING_CLOSED_SINCE": null, "GEOMETRY_TYPE": "POLYGON", "POLYGON_CLASS": "SHARED_POLYGON", "ENCLOSED": "False", "PHONE_NUMBER": 19155421582.0, "IS_SYNTHETIC": "False", "INCLUDES_PARKING_LOT": "False", "WKT_AREA_SQ_METERS": 259.0, "DOMAINS": [ ], "WEBSITE": null }, "geometry": { "type": "Polygon", "coordinates": [ [ [ -106.480557618999967, 31.770846702000028 ], [ -106.48045785, 31.770708594000041 ], [ -106.480424272, 31.770725988000038 ], [ -106.480377321999981, 31.770660995000071 ], [ -106.480444477999981, 31.770626208000067 ], [ -106.480497296999943, 31.770699324000077 ], [ -106.480559347999986, 31.770667179000043 ], [ -106.480630428999973, 31.77074674000005 ], [ -106.480663149999941, 31.770792035000056 ], [ -106.480557618999967, 31.770846702000028 ] ] ] } },
{ "type": "Feature", "properties": { "PLACEKEY": "229-222@8tf-p3j-6p9", "PARENT_PLACEKEY": null, "LOCATION_NAME": "Apartments at 1001 E Nevada Ave", "BRANDS": null, "TOP_CATEGORY": "Lessors of Real Estate", "SUB_CATEGORY": "Lessors of Residential Buildings and Dwellings", "NAICS_CODE": 531110, "LATITUDE": 31.770762, "LONGITUDE": -106.486806, "STREET_ADDRESS": "1001 E Nevada Ave", "CITY": "El Paso", "REGION": "TX", "POSTAL_CODE": 79902, "OPEN_HOURS": null, "CATEGORY_TAGS": null, "OPENED_ON": null, "CLOSED_ON": null, "TRACKING_CLOSED_SINCE": null, "GEOMETRY_TYPE": "POLYGON", "POLYGON_CLASS": "OWNED_POLYGON", "ENCLOSED": "False", "PHONE_NUMBER": null, "IS_SYNTHETIC": "False", "INCLUDES_PARKING_LOT": "False", "WKT_AREA_SQ_METERS": 604.0, "DOMAINS": [ ], "WEBSITE": null }, "geometry": { "type": "Polygon", "coordinates": [ [ [ -106.486995338582446, 31.77085643646058 ], [ -106.486857204818179, 31.770944228295356 ], [ -106.486621170424868, 31.770667170663295 ], [ -106.486752598666598, 31.770583939196118 ], [ -106.486995338582446, 31.77085643646058 ] ] ] } },
{ "type": "Feature", "properties": { "PLACEKEY": "238-224@8tf-p3j-jy9", "PARENT_PLACEKEY": "226-222@8tf-p3j-jn5", "LOCATION_NAME": "Jessica Cantu MA, Lpc", "BRANDS": null, "TOP_CATEGORY": "Offices of Physicians", "SUB_CATEGORY": "Offices of Physicians, Mental Health Specialists", "NAICS_CODE": 621112, "LATITUDE": 31.772997, "LONGITUDE": -106.476969, "STREET_ADDRESS": "1601 E Yandell Dr", "CITY": "El Paso", "REGION": "TX", "POSTAL_CODE": 79902, "OPEN_HOURS": null, "CATEGORY_TAGS": null, "OPENED_ON": null, "CLOSED_ON": null, "TRACKING_CLOSED_SINCE": null, "GEOMETRY_TYPE": "POLYGON", "POLYGON_CLASS": "SHARED_POLYGON", "ENCLOSED": "False", "PHONE_NUMBER": 19155994900.0, "IS_SYNTHETIC": "False", "INCLUDES_PARKING_LOT": "False", "WKT_AREA_SQ_METERS": 1317.0, "DOMAINS": [ ], "WEBSITE": null }, "geometry": { "type": "Polygon", "coordinates": [ [ [ -106.476783027999943, 31.773188924000067 ], [ -106.476647432999982, 31.77303102500008 ], [ -106.47672474999996, 31.772983417000034 ], [ -106.476708213999984, 31.772964161000061 ], [ -106.47673550199994, 31.772947358000067 ], [ -106.47674872999994, 31.772962763000066 ], [ -106.477098927999975, 31.77274712600007 ], [ -106.47723121599995, 31.772901174000026 ], [ -106.477099323999937, 31.77298238700007 ], [ -106.477148930999988, 31.773040156000036 ], [ -106.47696246299995, 31.773154975000068 ], [ -106.476919468999938, 31.773104910000029 ], [ -106.476783027999943, 31.773188924000067 ] ] ] } },
{ "type": "Feature", "properties": { "PLACEKEY": "226-224@8tf-p3j-k2k", "PARENT_PLACEKEY": "228-222@8tf-p3j-hh5", "LOCATION_NAME": "Danila Jimenez Aprn-cnp", "BRANDS": null, "TOP_CATEGORY": "Offices of Other Health Practitioners", "SUB_CATEGORY": "Offices of All Other Miscellaneous Health Practitioners", "NAICS_CODE": 621399, "LATITUDE": 31.771657, "LONGITUDE": -106.479198, "STREET_ADDRESS": "1411 Montana Ave", "CITY": "El Paso", "REGION": "TX", "POSTAL_CODE": 79902, "OPEN_HOURS": null, "CATEGORY_TAGS": null, "OPENED_ON": null, "CLOSED_ON": null, "TRACKING_CLOSED_SINCE": null, "GEOMETRY_TYPE": "POLYGON", "POLYGON_CLASS": "SHARED_POLYGON", "ENCLOSED": "False", "PHONE_NUMBER": 19152049622.0, "IS_SYNTHETIC": "False", "INCLUDES_PARKING_LOT": "False", "WKT_AREA_SQ_METERS": 217.0, "DOMAINS": [ ], "WEBSITE": null }, "geometry": { "type": "Polygon", "coordinates": [ [ [ -106.479074608999952, 31.771574753000039 ], [ -106.479177272999948, 31.771516301000077 ], [ -106.479287088999968, 31.771654606000027 ], [ -106.479184424999971, 31.771713059000035 ], [ -106.479074608999952, 31.771574753000039 ] ] ] } },
{ "type": "Feature", "properties": { "PLACEKEY": "226-235@8tf-p3j-jn5", "PARENT_PLACEKEY": "226-222@8tf-p3j-jn5", "LOCATION_NAME": "Brie Alford Mnsc, Bsn, RN", "BRANDS": null, "TOP_CATEGORY": "Offices of Other Health Practitioners", "SUB_CATEGORY": "Offices of All Other Miscellaneous Health Practitioners", "NAICS_CODE": 621399, "LATITUDE": 31.772991, "LONGITUDE": -106.476824, "STREET_ADDRESS": "1600 Montana Ave", "CITY": "El Paso", "REGION": "TX", "POSTAL_CODE": 79902, "OPEN_HOURS": null, "CATEGORY_TAGS": null, "OPENED_ON": null, "CLOSED_ON": null, "TRACKING_CLOSED_SINCE": null, "GEOMETRY_TYPE": "POLYGON", "POLYGON_CLASS": "SHARED_POLYGON", "ENCLOSED": "False", "PHONE_NUMBER": 19158873410.0, "IS_SYNTHETIC": "False", "INCLUDES_PARKING_LOT": "False", "WKT_AREA_SQ_METERS": 1317.0, "DOMAINS": [ ], "WEBSITE": null }, "geometry": { "type": "Polygon", "coordinates": [ [ [ -106.476783027999943, 31.773188924000067 ], [ -106.476647432999982, 31.77303102500008 ], [ -106.47672474999996, 31.772983417000034 ], [ -106.476708213999984, 31.772964161000061 ], [ -106.47673550199994, 31.772947358000067 ], [ -106.47674872999994, 31.772962763000066 ], [ -106.477098927999975, 31.77274712600007 ], [ -106.47723121599995, 31.772901174000026 ], [ -106.477099323999937, 31.77298238700007 ], [ -106.477148930999988, 31.773040156000036 ], [ -106.47696246299995, 31.773154975000068 ], [ -106.476919468999938, 31.773104910000029 ], [ -106.476783027999943, 31.773188924000067 ] ] ] } },
{ "type": "Feature", "properties": { "PLACEKEY": "223-225@8tf-p3j-5xq", "PARENT_PLACEKEY": null, "LOCATION_NAME": "El Paso Photo Ops", "BRANDS": null, "TOP_CATEGORY": "Consumer Goods Rental", "SUB_CATEGORY": "All Other Consumer Goods Rental", "NAICS_CODE": 532289, "LATITUDE": 31.769728, "LONGITUDE": -106.485724, "STREET_ADDRESS": "1002 Arizona Ave", "CITY": "El Paso", "REGION": "TX", "POSTAL_CODE": 79902, "OPEN_HOURS": null, "CATEGORY_TAGS": null, "OPENED_ON": null, "CLOSED_ON": null, "TRACKING_CLOSED_SINCE": null, "GEOMETRY_TYPE": "POLYGON", "POLYGON_CLASS": "SHARED_POLYGON", "ENCLOSED": "False", "PHONE_NUMBER": 19155254274.0, "IS_SYNTHETIC": "False", "INCLUDES_PARKING_LOT": "False", "WKT_AREA_SQ_METERS": 204.0, "DOMAINS": [ "elpasophoto-ops.com" ], "WEBSITE": null }, "geometry": { "type": "Polygon", "coordinates": [ [ [ -106.485747454999967, 31.769828821000033 ], [ -106.485621187, 31.769683685000075 ], [ -106.485698975, 31.769635154000071 ], [ -106.4858243, 31.769777900000065 ], [ -106.485842759999969, 31.769793861000039 ], [ -106.485761269999955, 31.769844701000068 ], [ -106.485747454999967, 31.769828821000033 ] ] ] } },
{ "type": "Feature", "properties": { "PLACEKEY": "228-225@8tf-p3j-hqz", "PARENT_PLACEKEY": null, "LOCATION_NAME": "Law Offices of Ruben Ortiz", "BRANDS": null, "TOP_CATEGORY": "Legal Services", "SUB_CATEGORY": "Offices of Lawyers", "NAICS_CODE": 541110, "LATITUDE": 31.770848, "LONGITUDE": -106.483018, "STREET_ADDRESS": "1141 E Rio Grande Ave", "CITY": "El Paso", "REGION": "TX", "POSTAL_CODE": 79902, "OPEN_HOURS": { "Mon": [ [ "8:00", "17:00" ] ], "Tue": [ [ "8:00", "17:00" ] ], "Wed": [ [ "8:00", "17:00" ] ], "Thu": [ [ "8:00", "17:00" ] ], "Fri": [ [ "8:00", "17:00" ] ], "Sat": [ ], "Sun": [ ] }, "CATEGORY_TAGS": "Criminal Defense,Personal Injury Law", "OPENED_ON": null, "CLOSED_ON": null, "TRACKING_CLOSED_SINCE": null, "GEOMETRY_TYPE": "POLYGON", "POLYGON_CLASS": "SHARED_POLYGON", "ENCLOSED": "False", "PHONE_NUMBER": 19155451616.0, "IS_SYNTHETIC": "False", "INCLUDES_PARKING_LOT": "False", "WKT_AREA_SQ_METERS": 186.0, "DOMAINS": [ "rubenortizlaw.com" ], "WEBSITE": null }, "geometry": { "type": "Polygon", "coordinates": [ [ [ -106.482980717999965, 31.770818017000067 ], [ -106.483080767999979, 31.770756400000039 ], [ -106.48317998999994, 31.770871931000045 ], [ -106.483079940999971, 31.770933548000073 ], [ -106.482980717999965, 31.770818017000067 ] ] ] } },
{ "type": "Feature", "properties": { "PLACEKEY": "22n-222@8tf-p3j-ht9", "PARENT_PLACEKEY": null, "LOCATION_NAME": "Jerry W Miller MD", "BRANDS": null, "TOP_CATEGORY": "Offices of Physicians", "SUB_CATEGORY": "Offices of Physicians (except Mental Health Specialists)", "NAICS_CODE": 621111, "LATITUDE": 31.770421, "LONGITUDE": -106.4794, "STREET_ADDRESS": "1330 E Yandell Dr", "CITY": "El Paso", "REGION": "TX", "POSTAL_CODE": 79902, "OPEN_HOURS": { "Mon": [ [ "9:00", "17:00" ] ], "Tue": [ [ "9:00", "17:00" ] ], "Wed": [ [ "9:00", "17:00" ] ], "Thu": [ [ "9:00", "17:00" ] ], "Fri": [ [ "9:00", "17:00" ] ], "Sat": [ ], "Sun": [ ] }, "CATEGORY_TAGS": "Cardiology", "OPENED_ON": null, "CLOSED_ON": null, "TRACKING_CLOSED_SINCE": null, "GEOMETRY_TYPE": "POLYGON", "POLYGON_CLASS": "SHARED_POLYGON", "ENCLOSED": "False", "PHONE_NUMBER": 19152250410.0, "IS_SYNTHETIC": "False", "INCLUDES_PARKING_LOT": "False", "WKT_AREA_SQ_METERS": 766.0, "DOMAINS": [ ], "WEBSITE": null }, "geometry": { "type": "Polygon", "coordinates": [ [ [ -106.479387272999986, 31.770488282000031 ], [ -106.479193798999972, 31.770260054000062 ], [ -106.479321702, 31.770182301000034 ], [ -106.479393844999947, 31.770267402000059 ], [ -106.479526317999955, 31.770186872000068 ], [ -106.479647648999958, 31.770329997000033 ], [ -106.479387272999986, 31.770488282000031 ] ] ] } },
{ "type": "Feature", "properties": { "PLACEKEY": "22j-223@8tf-p3j-hbk", "PARENT_PLACEKEY": null, "LOCATION_NAME": "Farmers Insurance Group", "BRANDS": "Farmers Insurance Group", "TOP_CATEGORY": "Agencies, Brokerages, and Other Insurance Related Activities", "SUB_CATEGORY": "Insurance Agencies and Brokerages", "NAICS_CODE": 524210, "LATITUDE": 31.771057, "LONGITUDE": -106.480999, "STREET_ADDRESS": "1309 Montana Ave", "CITY": "El Paso", "REGION": "TX", "POSTAL_CODE": 79902, "OPEN_HOURS": { "Mon": [ [ "8:30", "17:30" ] ], "Tue": [ [ "8:30", "17:30" ] ], "Wed": [ [ "8:30", "17:30" ] ], "Thu": [ [ "8:30", "17:30" ] ], "Fri": [ [ "8:30", "17:30" ] ], "Sat": [ ], "Sun": [ ] }, "CATEGORY_TAGS": null, "OPENED_ON": null, "CLOSED_ON": null, "TRACKING_CLOSED_SINCE": null, "GEOMETRY_TYPE": "POLYGON", "POLYGON_CLASS": null, "ENCLOSED": "False", "PHONE_NUMBER": 19157405122.0, "IS_SYNTHETIC": "False", "INCLUDES_PARKING_LOT": "False", "WKT_AREA_SQ_METERS": 163.0, "DOMAINS": [ "farmersagent.com" ], "WEBSITE": null }, "geometry": { "type": "Polygon", "coordinates": [ [ [ -106.480886688999988, 31.771034663000023 ], [ -106.48097682599996, 31.770977709000078 ], [ -106.481074348999982, 31.771088386000031 ], [ -106.480984210999964, 31.771145340000032 ], [ -106.480886688999988, 31.771034663000023 ] ] ] } },
{ "type": "Feature", "properties": { "PLACEKEY": "zzy-223@8tf-p3j-kzz", "PARENT_PLACEKEY": null, "LOCATION_NAME": "Deshea Exclusive", "BRANDS": null, "TOP_CATEGORY": "Personal Care Services", "SUB_CATEGORY": "Beauty Salons", "NAICS_CODE": 812112, "LATITUDE": 31.769329, "LONGITUDE": -106.48286, "STREET_ADDRESS": "1116 Montana Ave Ste D", "CITY": "El Paso", "REGION": "TX", "POSTAL_CODE": 79902, "OPEN_HOURS": { "Mon": [ [ "9:00", "17:00" ] ], "Tue": [ [ "9:00", "17:00" ] ], "Wed": [ [ "12:00", "19:30" ] ], "Thu": [ [ "12:00", "19:30" ] ], "Fri": [ [ "12:00", "19:30" ] ], "Sat": [ [ "8:00", "19:30" ] ], "Sun": [ [ "8:00", "19:30" ] ] }, "CATEGORY_TAGS": "Eyelash Services,Hair Salon,Makeup Artist", "OPENED_ON": null, "CLOSED_ON": null, "TRACKING_CLOSED_SINCE": null, "GEOMETRY_TYPE": "POLYGON", "POLYGON_CLASS": "OWNED_POLYGON", "ENCLOSED": "False", "PHONE_NUMBER": 19152443373.0, "IS_SYNTHETIC": "False", "INCLUDES_PARKING_LOT": "False", "WKT_AREA_SQ_METERS": 225.0, "DOMAINS": [ "desheaexclusive.com" ], "WEBSITE": "http://www.desheaexclusive.com" }, "geometry": { "type": "Polygon", "coordinates": [ [ [ -106.482705765999981, 31.769225443000039 ], [ -106.482797919999939, 31.769170856000073 ], [ -106.482926842999973, 31.769326934000048 ], [ -106.482834687999969, 31.769381521000071 ], [ -106.482705765999981, 31.769225443000039 ] ] ] } },
{ "type": "Feature", "properties": { "PLACEKEY": "22b-227@8tf-p3j-5vf", "PARENT_PLACEKEY": null, "LOCATION_NAME": "Spencer Joe A Atty", "BRANDS": null, "TOP_CATEGORY": "Legal Services", "SUB_CATEGORY": "Offices of Lawyers", "NAICS_CODE": 541110, "LATITUDE": 31.768755, "LONGITUDE": -106.484618, "STREET_ADDRESS": "1009 Montana Ave", "CITY": "El Paso", "REGION": "TX", "POSTAL_CODE": 79902, "OPEN_HOURS": null, "CATEGORY_TAGS": null, "OPENED_ON": null, "CLOSED_ON": null, "TRACKING_CLOSED_SINCE": null, "GEOMETRY_TYPE": "POLYGON", "POLYGON_CLASS": "SHARED_POLYGON", "ENCLOSED": "False", "PHONE_NUMBER": 19155325562.0, "IS_SYNTHETIC": "False", "INCLUDES_PARKING_LOT": "False", "WKT_AREA_SQ_METERS": 250.0, "DOMAINS": [ ], "WEBSITE": null }, "geometry": { "type": "Polygon", "coordinates": [ [ [ -106.484513783999944, 31.768709800000067 ], [ -106.484622679999973, 31.768642298000032 ], [ -106.484745568999983, 31.768784466000056 ], [ -106.484636672999954, 31.768851969000025 ], [ -106.484513783999944, 31.768709800000067 ] ] ] } },
{ "type": "Feature", "properties": { "PLACEKEY": "228-224@8tf-p3j-jn5", "PARENT_PLACEKEY": "226-222@8tf-p3j-jn5", "LOCATION_NAME": "Gomecindo Lopez Lpc", "BRANDS": null, "TOP_CATEGORY": "Offices of Physicians", "SUB_CATEGORY": "Offices of Physicians, Mental Health Specialists", "NAICS_CODE": 621112, "LATITUDE": 31.773007, "LONGITUDE": -106.47681, "STREET_ADDRESS": "1601 Montana Ave", "CITY": "El Paso", "REGION": "TX", "POSTAL_CODE": 79902, "OPEN_HOURS": null, "CATEGORY_TAGS": null, "OPENED_ON": null, "CLOSED_ON": null, "TRACKING_CLOSED_SINCE": null, "GEOMETRY_TYPE": "POLYGON", "POLYGON_CLASS": "SHARED_POLYGON", "ENCLOSED": "False", "PHONE_NUMBER": 19158873410.0, "IS_SYNTHETIC": "False", "INCLUDES_PARKING_LOT": "False", "WKT_AREA_SQ_METERS": 1317.0, "DOMAINS": [ ], "WEBSITE": null }, "geometry": { "type": "Polygon", "coordinates": [ [ [ -106.476783027999943, 31.773188924000067 ], [ -106.476647432999982, 31.77303102500008 ], [ -106.47672474999996, 31.772983417000034 ], [ -106.476708213999984, 31.772964161000061 ], [ -106.47673550199994, 31.772947358000067 ], [ -106.47674872999994, 31.772962763000066 ], [ -106.477098927999975, 31.77274712600007 ], [ -106.47723121599995, 31.772901174000026 ], [ -106.477099323999937, 31.77298238700007 ], [ -106.477148930999988, 31.773040156000036 ], [ -106.47696246299995, 31.773154975000068 ], [ -106.476919468999938, 31.773104910000029 ], [ -106.476783027999943, 31.773188924000067 ] ] ] } },
{ "type": "Feature", "properties": { "PLACEKEY": "22f-226@8tf-p3j-5zz", "PARENT_PLACEKEY": null, "LOCATION_NAME": "Dr. Jose Silva MD", "BRANDS": null, "TOP_CATEGORY": "Offices of Physicians", "SUB_CATEGORY": "Offices of Physicians (except Mental Health Specialists)", "NAICS_CODE": 621111, "LATITUDE": 31.768759, "LONGITUDE": -106.483635, "STREET_ADDRESS": "1020 Montana Ave", "CITY": "El Paso", "REGION": "TX", "POSTAL_CODE": 79902, "OPEN_HOURS": null, "CATEGORY_TAGS": null, "OPENED_ON": null, "CLOSED_ON": null, "TRACKING_CLOSED_SINCE": null, "GEOMETRY_TYPE": "POLYGON", "POLYGON_CLASS": "SHARED_POLYGON", "ENCLOSED": "False", "PHONE_NUMBER": 19155009876.0, "IS_SYNTHETIC": "False", "INCLUDES_PARKING_LOT": "False", "WKT_AREA_SQ_METERS": 225.0, "DOMAINS": [ ], "WEBSITE": null }, "geometry": { "type": "Polygon", "coordinates": [ [ [ -106.483565632999955, 31.768740324000078 ], [ -106.483677519999958, 31.768668253000044 ], [ -106.48369794499996, 31.768690992000074 ], [ -106.483733749999942, 31.768667930000049 ], [ -106.483771194999974, 31.768709620000038 ], [ -106.483730915999956, 31.768735565000043 ], [ -106.48377176799994, 31.768781045000026 ], [ -106.483664355999963, 31.768850233000023 ], [ -106.483565632999955, 31.768740324000078 ] ] ] } },
{ "type": "Feature", "properties": { "PLACEKEY": "23d-222@8tf-p3j-hkf", "PARENT_PLACEKEY": null, "LOCATION_NAME": "Julian V Horwitz At Law", "BRANDS": null, "TOP_CATEGORY": "Legal Services", "SUB_CATEGORY": "Offices of Lawyers", "NAICS_CODE": 541110, "LATITUDE": 31.771891, "LONGITUDE": -106.480118, "STREET_ADDRESS": "1401 Montana Ave Ste M", "CITY": "El Paso", "REGION": "TX", "POSTAL_CODE": 79902, "OPEN_HOURS": { "Mon": [ [ "8:30", "17:30" ] ], "Tue": [ [ "8:30", "17:30" ] ], "Wed": [ [ "8:30", "17:30" ] ], "Thu": [ [ "8:30", "17:30" ] ], "Fri": [ [ "8:30", "17:30" ] ], "Sat": [ [ "10:00", "13:00" ] ], "Sun": [ ] }, "CATEGORY_TAGS": "Estate Planning", "OPENED_ON": null, "CLOSED_ON": null, "TRACKING_CLOSED_SINCE": null, "GEOMETRY_TYPE": "POLYGON", "POLYGON_CLASS": "SHARED_POLYGON", "ENCLOSED": "False", "PHONE_NUMBER": 19155421905.0, "IS_SYNTHETIC": "False", "INCLUDES_PARKING_LOT": "False", "WKT_AREA_SQ_METERS": 1241.0, "DOMAINS": [ ], "WEBSITE": null }, "geometry": { "type": "Polygon", "coordinates": [ [ [ -106.479830697999944, 31.771844360000046 ], [ -106.48000972899996, 31.771729053000058 ], [ -106.480019941999956, 31.77174042300004 ], [ -106.480100505999985, 31.771688535000067 ], [ -106.480352416999949, 31.771969001000059 ], [ -106.480092820999971, 31.772136196000076 ], [ -106.479830697999944, 31.771844360000046 ] ] ] } },
{ "type": "Feature", "properties": { "PLACEKEY": "22n-223@8tf-p3j-hdv", "PARENT_PLACEKEY": null, "LOCATION_NAME": "Substance", "BRANDS": null, "TOP_CATEGORY": "Computer Systems Design and Related Services", "SUB_CATEGORY": "Custom Computer Programming Services", "NAICS_CODE": 541511, "LATITUDE": 31.772493, "LONGITUDE": -106.482238, "STREET_ADDRESS": "1307 Arizona Ave", "CITY": "El Paso", "REGION": "TX", "POSTAL_CODE": 79902, "OPEN_HOURS": null, "CATEGORY_TAGS": null, "OPENED_ON": null, "CLOSED_ON": null, "TRACKING_CLOSED_SINCE": null, "GEOMETRY_TYPE": "POLYGON", "POLYGON_CLASS": "SHARED_POLYGON", "ENCLOSED": "False", "PHONE_NUMBER": 19153516420.0, "IS_SYNTHETIC": "False", "INCLUDES_PARKING_LOT": "False", "WKT_AREA_SQ_METERS": 177.0, "DOMAINS": [ ], "WEBSITE": null }, "geometry": { "type": "Polygon", "coordinates": [ [ [ -106.482214144999944, 31.772416064000026 ], [ -106.48233247099995, 31.772549242000025 ], [ -106.482251533999943, 31.772600712000042 ], [ -106.482133345999955, 31.772467444000029 ], [ -106.482214144999944, 31.772416064000026 ] ] ] } },
{ "type": "Feature", "properties": { "PLACEKEY": "22m-226@8tf-p3j-ht9", "PARENT_PLACEKEY": null, "LOCATION_NAME": "Juan A Gonzalez", "BRANDS": null, "TOP_CATEGORY": "Legal Services", "SUB_CATEGORY": "Offices of Lawyers", "NAICS_CODE": 541110, "LATITUDE": 31.770838, "LONGITUDE": -106.480474, "STREET_ADDRESS": "1312 Montana Ave", "CITY": "El Paso", "REGION": "TX", "POSTAL_CODE": 79902, "OPEN_HOURS": { "Mon": [ [ "9:00", "17:00" ] ], "Tue": [ [ "9:00", "17:00" ] ], "Wed": [ [ "9:00", "17:00" ] ], "Thu": [ [ "9:00", "17:00" ] ], "Fri": [ [ "9:00", "17:00" ] ], "Sat": [ ], "Sun": [ ] }, "CATEGORY_TAGS": "Personal Injury Law", "OPENED_ON": null, "CLOSED_ON": null, "TRACKING_CLOSED_SINCE": null, "GEOMETRY_TYPE": "POLYGON", "POLYGON_CLASS": "SHARED_POLYGON", "ENCLOSED": "False", "PHONE_NUMBER": 19155328844.0, "IS_SYNTHETIC": "False", "INCLUDES_PARKING_LOT": "False", "WKT_AREA_SQ_METERS": 197.0, "DOMAINS": [ "juangonzalezlaw1.net" ], "WEBSITE": null }, "geometry": { "type": "Polygon", "coordinates": [ [ [ -106.480302941, 31.77075476300007 ], [ -106.480382363999979, 31.770701627000051 ], [ -106.480518315999973, 31.770847346000039 ], [ -106.480438894999963, 31.770900482000059 ], [ -106.480302941, 31.77075476300007 ] ] ] } },
{ "type": "Feature", "properties": { "PLACEKEY": "22q-224@8tf-p3j-hh5", "PARENT_PLACEKEY": null, "LOCATION_NAME": "Lipson & Dallas PC", "BRANDS": null, "TOP_CATEGORY": "Legal Services", "SUB_CATEGORY": "Offices of Lawyers", "NAICS_CODE": 541110, "LATITUDE": 31.771802, "LONGITUDE": -106.478829, "STREET_ADDRESS": "1444 Montana Ave Ste 200", "CITY": "El Paso", "REGION": "TX", "POSTAL_CODE": 79902, "OPEN_HOURS": null, "CATEGORY_TAGS": null, "OPENED_ON": null, "CLOSED_ON": null, "TRACKING_CLOSED_SINCE": null, "GEOMETRY_TYPE": "POLYGON", "POLYGON_CLASS": "SHARED_POLYGON", "ENCLOSED": "False", "PHONE_NUMBER": 19155442600.0, "IS_SYNTHETIC": "False", "INCLUDES_PARKING_LOT": "False", "WKT_AREA_SQ_METERS": 827.0, "DOMAINS": [ ], "WEBSITE": null }, "geometry": { "type": "Polygon", "coordinates": [ [ [ -106.478633072999969, 31.771778685000072 ], [ -106.478852898999946, 31.771638006000046 ], [ -106.479056322999952, 31.77186594300008 ], [ -106.478836495999985, 31.77200662100006 ], [ -106.478633072999969, 31.771778685000072 ] ] ] } },
{ "type": "Feature", "properties": { "PLACEKEY": "22d-222@8tf-p3j-jn5", "PARENT_PLACEKEY": null, "LOCATION_NAME": "Aim Construction Company", "BRANDS": null, "TOP_CATEGORY": "Residential Building Construction", "SUB_CATEGORY": "Residential Remodelers", "NAICS_CODE": 236118, "LATITUDE": 31.772272, "LONGITUDE": -106.477376, "STREET_ADDRESS": "1523 E Yandell Dr", "CITY": "El Paso", "REGION": "TX", "POSTAL_CODE": 79902, "OPEN_HOURS": { "Mon": [ [ "8:00", "17:00" ] ], "Tue": [ [ "8:00", "17:00" ] ], "Wed": [ [ "8:00", "17:00" ] ], "Thu": [ [ "8:00", "17:00" ] ], "Fri": [ [ "8:00", "17:00" ] ], "Sat": [ ], "Sun": [ ] }, "CATEGORY_TAGS": "Contractors,Painters,Roofing", "OPENED_ON": null, "CLOSED_ON": null, "TRACKING_CLOSED_SINCE": null, "GEOMETRY_TYPE": "POLYGON", "POLYGON_CLASS": "OWNED_POLYGON", "ENCLOSED": "False", "PHONE_NUMBER": 19155452246.0, "IS_SYNTHETIC": "False", "INCLUDES_PARKING_LOT": "False", "WKT_AREA_SQ_METERS": 175.0, "DOMAINS": [ "aimconstructioncompany.com" ], "WEBSITE": null }, "geometry": { "type": "Polygon", "coordinates": [ [ [ -106.47727548599994, 31.772221412000079 ], [ -106.477342842999974, 31.772176067000032 ], [ -106.477479320999976, 31.772321434000048 ], [ -106.477408891999971, 31.772368847000052 ], [ -106.477272414999959, 31.772223479000047 ], [ -106.47727548599994, 31.772221412000079 ] ] ] } },
{ "type": "Feature", "properties": { "PLACEKEY": "226-22w@8tf-p3j-jn5", "PARENT_PLACEKEY": "226-222@8tf-p3j-jn5", "LOCATION_NAME": "Victoria Estrada Lpc, Lcdc", "BRANDS": null, "TOP_CATEGORY": "Offices of Physicians", "SUB_CATEGORY": "Offices of Physicians, Mental Health Specialists", "NAICS_CODE": 621112, "LATITUDE": 31.773022, "LONGITUDE": -106.476844, "STREET_ADDRESS": "1600 Montana Ave", "CITY": "El Paso", "REGION": "TX", "POSTAL_CODE": 79902, "OPEN_HOURS": null, "CATEGORY_TAGS": null, "OPENED_ON": null, "CLOSED_ON": null, "TRACKING_CLOSED_SINCE": null, "GEOMETRY_TYPE": "POLYGON", "POLYGON_CLASS": "SHARED_POLYGON", "ENCLOSED": "False", "PHONE_NUMBER": 19158873410.0, "IS_SYNTHETIC": "False", "INCLUDES_PARKING_LOT": "False", "WKT_AREA_SQ_METERS": 1317.0, "DOMAINS": [ ], "WEBSITE": null }, "geometry": { "type": "Polygon", "coordinates": [ [ [ -106.476783027999943, 31.773188924000067 ], [ -106.476647432999982, 31.77303102500008 ], [ -106.47672474999996, 31.772983417000034 ], [ -106.476708213999984, 31.772964161000061 ], [ -106.47673550199994, 31.772947358000067 ], [ -106.47674872999994, 31.772962763000066 ], [ -106.477098927999975, 31.77274712600007 ], [ -106.47723121599995, 31.772901174000026 ], [ -106.477099323999937, 31.77298238700007 ], [ -106.477148930999988, 31.773040156000036 ], [ -106.47696246299995, 31.773154975000068 ], [ -106.476919468999938, 31.773104910000029 ], [ -106.476783027999943, 31.773188924000067 ] ] ] } },
{ "type": "Feature", "properties": { "PLACEKEY": "22f-222@8tf-p3j-jsq", "PARENT_PLACEKEY": null, "LOCATION_NAME": "Pimen Properties", "BRANDS": null, "TOP_CATEGORY": "Lessors of Real Estate", "SUB_CATEGORY": "Lessors of Residential Buildings and Dwellings", "NAICS_CODE": 531110, "LATITUDE": 31.772589, "LONGITUDE": -106.475152, "STREET_ADDRESS": "1701 Wyoming Ave", "CITY": "El Paso", "REGION": "TX", "POSTAL_CODE": 79902, "OPEN_HOURS": null, "CATEGORY_TAGS": null, "OPENED_ON": null, "CLOSED_ON": null, "TRACKING_CLOSED_SINCE": null, "GEOMETRY_TYPE": "POLYGON", "POLYGON_CLASS": "SHARED_POLYGON", "ENCLOSED": "False", "PHONE_NUMBER": null, "IS_SYNTHETIC": "False", "INCLUDES_PARKING_LOT": "False", "WKT_AREA_SQ_METERS": 437.0, "DOMAINS": [ ], "WEBSITE": null }, "geometry": { "type": "Polygon", "coordinates": [ [ [ -106.475310009437848, 31.772670118538489 ], [ -106.475190651136685, 31.772741946819458 ], [ -106.474988144356061, 31.772521901274519 ], [ -106.475115549284268, 31.772448932688111 ], [ -106.475310009437848, 31.772670118538489 ] ] ] } },
{ "type": "Feature", "properties": { "PLACEKEY": "22j-222@8tf-p3j-m8v", "PARENT_PLACEKEY": null, "LOCATION_NAME": "Maxim's Imports Inc Leather Goods", "BRANDS": null, "TOP_CATEGORY": "Jewelry, Luggage, and Leather Goods Stores", "SUB_CATEGORY": "Luggage and Leather Goods Stores", "NAICS_CODE": 448320, "LATITUDE": 31.766372, "LONGITUDE": -106.482946, "STREET_ADDRESS": "1001 E Missouri Ave", "CITY": "El Paso", "REGION": "TX", "POSTAL_CODE": 79902, "OPEN_HOURS": null, "CATEGORY_TAGS": "Leather", "OPENED_ON": null, "CLOSED_ON": null, "TRACKING_CLOSED_SINCE": null, "GEOMETRY_TYPE": "POLYGON", "POLYGON_CLASS": "OWNED_POLYGON", "ENCLOSED": "False", "PHONE_NUMBER": 19155779228.0, "IS_SYNTHETIC": "False", "INCLUDES_PARKING_LOT": "False", "WKT_AREA_SQ_METERS": 412.0, "DOMAINS": [ ], "WEBSITE": null }, "geometry": { "type": "Polygon", "coordinates": [ [ [ -106.48277851499995, 31.766417382000043 ], [ -106.482923772, 31.766326760000027 ], [ -106.482900426999947, 31.766299923000076 ], [ -106.482950224999968, 31.766268856000067 ], [ -106.483079118999967, 31.766417026000056 ], [ -106.482890299999951, 31.766543200000058 ], [ -106.48277851499995, 31.766417382000043 ] ] ] } },
{ "type": "Feature", "properties": { "PLACEKEY": "22g-222@8tf-p3j-8d9", "PARENT_PLACEKEY": null, "LOCATION_NAME": "Time For You Massage Therapy", "BRANDS": null, "TOP_CATEGORY": "Personal Care Services", "SUB_CATEGORY": "Other Personal Care Services", "NAICS_CODE": 812199, "LATITUDE": 31.767274, "LONGITUDE": -106.484318, "STREET_ADDRESS": "916 E Yandell Dr", "CITY": "El Paso", "REGION": "TX", "POSTAL_CODE": 79902, "OPEN_HOURS": { "Mon": [ [ "9:00", "18:30" ] ], "Tue": [ [ "9:00", "18:30" ] ], "Wed": [ [ "9:00", "15:00" ] ], "Thu": [ [ "9:00", "18:30" ] ], "Fri": [ [ "9:00", "18:30" ] ], "Sat": [ [ "9:00", "14:00" ] ], "Sun": [ [ "14:00", "18:00" ] ] }, "CATEGORY_TAGS": "Massage Therapy", "OPENED_ON": null, "CLOSED_ON": null, "TRACKING_CLOSED_SINCE": null, "GEOMETRY_TYPE": "POLYGON", "POLYGON_CLASS": "SHARED_POLYGON", "ENCLOSED": "False", "PHONE_NUMBER": 19152516947.0, "IS_SYNTHETIC": "False", "INCLUDES_PARKING_LOT": "False", "WKT_AREA_SQ_METERS": 185.0, "DOMAINS": [ ], "WEBSITE": null }, "geometry": { "type": "Polygon", "coordinates": [ [ [ -106.484325291549951, 31.767355946455201 ], [ -106.484251741536539, 31.767241105206192 ], [ -106.484352193999939, 31.767176398000061 ], [ -106.484442099999967, 31.767280700000072 ], [ -106.484325291549951, 31.767355946455201 ] ] ] } },
{ "type": "Feature", "properties": { "PLACEKEY": "22x-222@8tf-p3j-hkf", "PARENT_PLACEKEY": null, "LOCATION_NAME": "El Paso County Democratic Party", "BRANDS": null, "TOP_CATEGORY": "Civic and Social Organizations", "SUB_CATEGORY": "Civic and Social Organizations", "NAICS_CODE": 813410, "LATITUDE": 31.771921, "LONGITUDE": -106.480031, "STREET_ADDRESS": "1401 Montana Ave Ste E", "CITY": "El Paso", "REGION": "TX", "POSTAL_CODE": 79902, "OPEN_HOURS": null, "CATEGORY_TAGS": null, "OPENED_ON": null, "CLOSED_ON": null, "TRACKING_CLOSED_SINCE": null, "GEOMETRY_TYPE": "POLYGON", "POLYGON_CLASS": "SHARED_POLYGON", "ENCLOSED": "False", "PHONE_NUMBER": 19156005040.0, "IS_SYNTHETIC": "False", "INCLUDES_PARKING_LOT": "False", "WKT_AREA_SQ_METERS": 1241.0, "DOMAINS": [ "elpasodemocrats.com" ], "WEBSITE": "http://elpasodemocrats.com/" }, "geometry": { "type": "Polygon", "coordinates": [ [ [ -106.479830697999944, 31.771844360000046 ], [ -106.48000972899996, 31.771729053000058 ], [ -106.480019941999956, 31.77174042300004 ], [ -106.480100505999985, 31.771688535000067 ], [ -106.480352416999949, 31.771969001000059 ], [ -106.480092820999971, 31.772136196000076 ], [ -106.479830697999944, 31.771844360000046 ] ] ] } },
{ "type": "Feature", "properties": { "PLACEKEY": "222-222@8tf-p3j-gx5", "PARENT_PLACEKEY": null, "LOCATION_NAME": "The Law Offices of Rios Parada & Seanez", "BRANDS": null, "TOP_CATEGORY": "Legal Services", "SUB_CATEGORY": "Offices of Lawyers", "NAICS_CODE": 541110, "LATITUDE": 31.770427, "LONGITUDE": -106.476871, "STREET_ADDRESS": "1505 E Missouri Ave", "CITY": "El Paso", "REGION": "TX", "POSTAL_CODE": 79902, "OPEN_HOURS": { "Mon": [ [ "8:30", "17:00" ] ], "Tue": [ [ "8:30", "17:00" ] ], "Wed": [ [ "8:30", "17:00" ] ], "Thu": [ [ "8:30", "17:00" ] ], "Fri": [ [ "8:30", "17:00" ] ], "Sat": [ ], "Sun": [ ] }, "CATEGORY_TAGS": "Divorce,Immigration Law,Personal Injury Law", "OPENED_ON": null, "CLOSED_ON": null, "TRACKING_CLOSED_SINCE": null, "GEOMETRY_TYPE": "POLYGON", "POLYGON_CLASS": "SHARED_POLYGON", "ENCLOSED": "False", "PHONE_NUMBER": 19155322333.0, "IS_SYNTHETIC": "False", "INCLUDES_PARKING_LOT": "False", "WKT_AREA_SQ_METERS": 198.0, "DOMAINS": [ "riosparadalaw.com" ], "WEBSITE": null }, "geometry": { "type": "Polygon", "coordinates": [ [ [ -106.476697839999986, 31.770301743000061 ], [ -106.476770115999955, 31.770256371000073 ], [ -106.47691746299995, 31.770424682000055 ], [ -106.47684518799997, 31.770470055000033 ], [ -106.476697839999986, 31.770301743000061 ] ] ] } },
{ "type": "Feature", "properties": { "PLACEKEY": "225-222@8tf-p3j-ht9", "PARENT_PLACEKEY": null, "LOCATION_NAME": "Apartments at 809 Newman St", "BRANDS": null, "TOP_CATEGORY": "Lessors of Real Estate", "SUB_CATEGORY": "Lessors of Residential Buildings and Dwellings", "NAICS_CODE": 531110, "LATITUDE": 31.77093, "LONGITUDE": -106.479794, "STREET_ADDRESS": "809 Newman St", "CITY": "El Paso", "REGION": "TX", "POSTAL_CODE": 79902, "OPEN_HOURS": null, "CATEGORY_TAGS": null, "OPENED_ON": null, "CLOSED_ON": null, "TRACKING_CLOSED_SINCE": null, "GEOMETRY_TYPE": "POLYGON", "POLYGON_CLASS": "OWNED_POLYGON", "ENCLOSED": "False", "PHONE_NUMBER": null, "IS_SYNTHETIC": "False", "INCLUDES_PARKING_LOT": "False", "WKT_AREA_SQ_METERS": 142.0, "DOMAINS": [ ], "WEBSITE": null }, "geometry": { "type": "Polygon", "coordinates": [ [ [ -106.479831621999949, 31.770809987000064 ], [ -106.479836018999947, 31.770806422000078 ], [ -106.479906023999945, 31.770868327000073 ], [ -106.479792306999968, 31.770960542000068 ], [ -106.479722300999981, 31.770898638000062 ], [ -106.479831621999949, 31.770809987000064 ] ] ] } },
{ "type": "Feature", "properties": { "PLACEKEY": "232-222@8tf-p3j-jn5", "PARENT_PLACEKEY": null, "LOCATION_NAME": "Provident Safety Consulting Services", "BRANDS": null, "TOP_CATEGORY": "Other Schools and Instruction", "SUB_CATEGORY": "All Other Miscellaneous Schools and Instruction", "NAICS_CODE": 611699, "LATITUDE": 31.772413, "LONGITUDE": -106.477369, "STREET_ADDRESS": "801 N Lee St", "CITY": "El Paso", "REGION": "TX", "POSTAL_CODE": 79902, "OPEN_HOURS": { "Mon": [ [ "9:00", "17:00" ] ], "Tue": [ [ "9:00", "17:00" ] ], "Wed": [ [ "9:00", "17:00" ] ], "Thu": [ [ "9:00", "17:00" ] ], "Fri": [ [ "9:00", "17:00" ] ], "Sat": [ ], "Sun": [ ] }, "CATEGORY_TAGS": "Firearm Training", "OPENED_ON": null, "CLOSED_ON": null, "TRACKING_CLOSED_SINCE": null, "GEOMETRY_TYPE": "POLYGON", "POLYGON_CLASS": "OWNED_POLYGON", "ENCLOSED": "False", "PHONE_NUMBER": 19152224187.0, "IS_SYNTHETIC": "False", "INCLUDES_PARKING_LOT": "False", "WKT_AREA_SQ_METERS": 128.0, "DOMAINS": [ "providentscs.com" ], "WEBSITE": "https://providentscs.com" }, "geometry": { "type": "Polygon", "coordinates": [ [ [ -106.477420981999956, 31.772398673000055 ], [ -106.477457199999947, 31.772442800000078 ], [ -106.477361229999985, 31.772504628000036 ], [ -106.477288795, 31.772423979000052 ], [ -106.477382789999979, 31.772363445000053 ], [ -106.477416829999981, 31.772401347000027 ], [ -106.477420981999956, 31.772398673000055 ] ] ] } },
{ "type": "Feature", "properties": { "PLACEKEY": "22c-222@8tf-p3j-hkf", "PARENT_PLACEKEY": null, "LOCATION_NAME": "Apprvd", "BRANDS": null, "TOP_CATEGORY": "Other Financial Investment Activities", "SUB_CATEGORY": "Investment Advice", "NAICS_CODE": 523930, "LATITUDE": 31.771912, "LONGITUDE": -106.480062, "STREET_ADDRESS": "1401 Montana Ave", "CITY": "El Paso", "REGION": "TX", "POSTAL_CODE": 79902, "OPEN_HOURS": { "Mon": [ [ "9:00", "17:00" ] ], "Tue": [ [ "9:00", "17:00" ] ], "Wed": [ [ "9:00", "17:00" ] ], "Thu": [ [ "9:00", "17:00" ] ], "Fri": [ [ "9:00", "17:00" ] ], "Sat": [ [ "9:00", "17:00" ] ], "Sun": [ ] }, "CATEGORY_TAGS": "Debt Relief,Financial Advice", "OPENED_ON": null, "CLOSED_ON": null, "TRACKING_CLOSED_SINCE": null, "GEOMETRY_TYPE": "POLYGON", "POLYGON_CLASS": "SHARED_POLYGON", "ENCLOSED": "False", "PHONE_NUMBER": 19152493141.0, "IS_SYNTHETIC": "False", "INCLUDES_PARKING_LOT": "False", "WKT_AREA_SQ_METERS": 1241.0, "DOMAINS": [ "apprvd.com" ], "WEBSITE": "https://apprvd.com" }, "geometry": { "type": "Polygon", "coordinates": [ [ [ -106.479830697999944, 31.771844360000046 ], [ -106.48000972899996, 31.771729053000058 ], [ -106.480019941999956, 31.77174042300004 ], [ -106.480100505999985, 31.771688535000067 ], [ -106.480352416999949, 31.771969001000059 ], [ -106.480092820999971, 31.772136196000076 ], [ -106.479830697999944, 31.771844360000046 ] ] ] } },
{ "type": "Feature", "properties": { "PLACEKEY": "222-227@8tf-p3j-hbk", "PARENT_PLACEKEY": null, "LOCATION_NAME": "Martinez Azalia", "BRANDS": null, "TOP_CATEGORY": "Offices of Physicians", "SUB_CATEGORY": "Offices of Physicians (except Mental Health Specialists)", "NAICS_CODE": 621111, "LATITUDE": 31.771336, "LONGITUDE": -106.481403, "STREET_ADDRESS": "1300 E Rio Grande Ave", "CITY": "El Paso", "REGION": "TX", "POSTAL_CODE": 79902, "OPEN_HOURS": null, "CATEGORY_TAGS": null, "OPENED_ON": null, "CLOSED_ON": null, "TRACKING_CLOSED_SINCE": null, "GEOMETRY_TYPE": "POLYGON", "POLYGON_CLASS": "SHARED_POLYGON", "ENCLOSED": "False", "PHONE_NUMBER": 19155451261.0, "IS_SYNTHETIC": "False", "INCLUDES_PARKING_LOT": "False", "WKT_AREA_SQ_METERS": 359.0, "DOMAINS": [ "alternativemedicine.com" ], "WEBSITE": "http://www.alternativemedicine.com" }, "geometry": { "type": "Polygon", "coordinates": [ [ [ -106.481430935, 31.771437996000031 ], [ -106.481303670999978, 31.771292641000059 ], [ -106.481339807999973, 31.771269953000058 ], [ -106.481323063, 31.771250828000063 ], [ -106.481345649, 31.77123664800007 ], [ -106.481322204999969, 31.771209871000053 ], [ -106.48143965099996, 31.771136136000052 ], [ -106.481419556, 31.771113185000047 ], [ -106.481469244999971, 31.771081989000038 ], [ -106.481536225999946, 31.77115849200004 ], [ -106.481414263999966, 31.771235064000052 ], [ -106.481434356999955, 31.771258014000068 ], [ -106.481402737999986, 31.771277866000048 ], [ -106.481466369999964, 31.771350544000029 ], [ -106.481475404999969, 31.771344872000043 ], [ -106.481512243999987, 31.771386949000032 ], [ -106.481430935, 31.771437996000031 ] ] ] } },
{ "type": "Feature", "properties": { "PLACEKEY": "226-22z@8tf-p3j-jn5", "PARENT_PLACEKEY": "226-222@8tf-p3j-jn5", "LOCATION_NAME": "MS. Erika Varela", "BRANDS": null, "TOP_CATEGORY": "Offices of Physicians", "SUB_CATEGORY": "Offices of Physicians, Mental Health Specialists", "NAICS_CODE": 621112, "LATITUDE": 31.773016, "LONGITUDE": -106.476854, "STREET_ADDRESS": "1600 Montana Ave", "CITY": "El Paso", "REGION": "TX", "POSTAL_CODE": 79902, "OPEN_HOURS": null, "CATEGORY_TAGS": null, "OPENED_ON": null, "CLOSED_ON": null, "TRACKING_CLOSED_SINCE": null, "GEOMETRY_TYPE": "POLYGON", "POLYGON_CLASS": "SHARED_POLYGON", "ENCLOSED": "False", "PHONE_NUMBER": 19158873410.0, "IS_SYNTHETIC": "False", "INCLUDES_PARKING_LOT": "False", "WKT_AREA_SQ_METERS": 1317.0, "DOMAINS": [ ], "WEBSITE": null }, "geometry": { "type": "Polygon", "coordinates": [ [ [ -106.476783027999943, 31.773188924000067 ], [ -106.476647432999982, 31.77303102500008 ], [ -106.47672474999996, 31.772983417000034 ], [ -106.476708213999984, 31.772964161000061 ], [ -106.47673550199994, 31.772947358000067 ], [ -106.47674872999994, 31.772962763000066 ], [ -106.477098927999975, 31.77274712600007 ], [ -106.47723121599995, 31.772901174000026 ], [ -106.477099323999937, 31.77298238700007 ], [ -106.477148930999988, 31.773040156000036 ], [ -106.47696246299995, 31.773154975000068 ], [ -106.476919468999938, 31.773104910000029 ], [ -106.476783027999943, 31.773188924000067 ] ] ] } },
{ "type": "Feature", "properties": { "PLACEKEY": "224-225@8tf-p3j-ht9", "PARENT_PLACEKEY": null, "LOCATION_NAME": "Sun City Psychological Services PLLC", "BRANDS": null, "TOP_CATEGORY": "Offices of Other Health Practitioners", "SUB_CATEGORY": "Offices of Mental Health Practitioners (except Physicians)", "NAICS_CODE": 621330, "LATITUDE": 31.77077, "LONGITUDE": -106.480569, "STREET_ADDRESS": "1310 Montana Ave", "CITY": "El Paso", "REGION": "TX", "POSTAL_CODE": 79902, "OPEN_HOURS": { "Mon": [ [ "10:00", "19:00" ] ], "Tue": [ [ "10:00", "19:00" ] ], "Wed": [ [ "10:00", "19:00" ] ], "Thu": [ [ "10:00", "19:00" ] ], "Fri": [ [ "10:00", "19:00" ] ], "Sat": [ ], "Sun": [ ] }, "CATEGORY_TAGS": "Mental Health,Psychologists", "OPENED_ON": null, "CLOSED_ON": null, "TRACKING_CLOSED_SINCE": null, "GEOMETRY_TYPE": "POLYGON", "POLYGON_CLASS": "SHARED_POLYGON", "ENCLOSED": "False", "PHONE_NUMBER": 19155253425.0, "IS_SYNTHETIC": "False", "INCLUDES_PARKING_LOT": "False", "WKT_AREA_SQ_METERS": 259.0, "DOMAINS": [ "drjuancontreras.com" ], "WEBSITE": null }, "geometry": { "type": "Polygon", "coordinates": [ [ [ -106.480557618999967, 31.770846702000028 ], [ -106.48045785, 31.770708594000041 ], [ -106.480424272, 31.770725988000038 ], [ -106.480377321999981, 31.770660995000071 ], [ -106.480444477999981, 31.770626208000067 ], [ -106.480497296999943, 31.770699324000077 ], [ -106.480559347999986, 31.770667179000043 ], [ -106.480630428999973, 31.77074674000005 ], [ -106.480663149999941, 31.770792035000056 ], [ -106.480557618999967, 31.770846702000028 ] ] ] } },
{ "type": "Feature", "properties": { "PLACEKEY": "226-23b@8tf-p3j-jn5", "PARENT_PLACEKEY": "226-222@8tf-p3j-jn5", "LOCATION_NAME": "Julio Enriquez Arnp", "BRANDS": null, "TOP_CATEGORY": "Offices of Other Health Practitioners", "SUB_CATEGORY": "Offices of All Other Miscellaneous Health Practitioners", "NAICS_CODE": 621399, "LATITUDE": 31.773013, "LONGITUDE": -106.476816, "STREET_ADDRESS": "1600 Montana Ave", "CITY": "El Paso", "REGION": "TX", "POSTAL_CODE": 79902, "OPEN_HOURS": null, "CATEGORY_TAGS": null, "OPENED_ON": null, "CLOSED_ON": null, "TRACKING_CLOSED_SINCE": null, "GEOMETRY_TYPE": "POLYGON", "POLYGON_CLASS": "SHARED_POLYGON", "ENCLOSED": "False", "PHONE_NUMBER": 19158873410.0, "IS_SYNTHETIC": "False", "INCLUDES_PARKING_LOT": "False", "WKT_AREA_SQ_METERS": 1317.0, "DOMAINS": [ ], "WEBSITE": null }, "geometry": { "type": "Polygon", "coordinates": [ [ [ -106.476783027999943, 31.773188924000067 ], [ -106.476647432999982, 31.77303102500008 ], [ -106.47672474999996, 31.772983417000034 ], [ -106.476708213999984, 31.772964161000061 ], [ -106.47673550199994, 31.772947358000067 ], [ -106.47674872999994, 31.772962763000066 ], [ -106.477098927999975, 31.77274712600007 ], [ -106.47723121599995, 31.772901174000026 ], [ -106.477099323999937, 31.77298238700007 ], [ -106.477148930999988, 31.773040156000036 ], [ -106.47696246299995, 31.773154975000068 ], [ -106.476919468999938, 31.773104910000029 ], [ -106.476783027999943, 31.773188924000067 ] ] ] } },
{ "type": "Feature", "properties": { "PLACEKEY": "226-222@8tf-p3j-m49", "PARENT_PLACEKEY": null, "LOCATION_NAME": "Farah Law", "BRANDS": null, "TOP_CATEGORY": "Legal Services", "SUB_CATEGORY": "Offices of Lawyers", "NAICS_CODE": 541110, "LATITUDE": 31.76856, "LONGITUDE": -106.479637, "STREET_ADDRESS": "1231 E Missouri Ave", "CITY": "El Paso", "REGION": "TX", "POSTAL_CODE": 79902, "OPEN_HOURS": { "Mon": [ [ "9:00", "17:00" ] ], "Tue": [ [ "9:00", "17:00" ] ], "Wed": [ [ "9:00", "17:00" ] ], "Thu": [ [ "9:00", "17:00" ] ], "Fri": [ [ "9:00", "17:00" ] ], "Sat": [ ], "Sun": [ ] }, "CATEGORY_TAGS": "Employment Law,Personal Injury Law", "OPENED_ON": null, "CLOSED_ON": null, "TRACKING_CLOSED_SINCE": null, "GEOMETRY_TYPE": "POLYGON", "POLYGON_CLASS": "OWNED_POLYGON", "ENCLOSED": "False", "PHONE_NUMBER": 19155330880.0, "IS_SYNTHETIC": "False", "INCLUDES_PARKING_LOT": "False", "WKT_AREA_SQ_METERS": 245.0, "DOMAINS": [ "gflawoffices.com" ], "WEBSITE": null }, "geometry": { "type": "Polygon", "coordinates": [ [ [ -106.47959850899997, 31.768442316000062 ], [ -106.479600669999968, 31.768440985000041 ], [ -106.479746183999964, 31.768610435000028 ], [ -106.479700706999949, 31.768638442000054 ], [ -106.479720549999968, 31.768661548000068 ], [ -106.479679620999946, 31.768686753000054 ], [ -106.479527492999978, 31.768509601000062 ], [ -106.479550230999962, 31.768495598000072 ], [ -106.479537001999972, 31.768480194000063 ], [ -106.47959850899997, 31.768442316000062 ] ] ] } },
{ "type": "Feature", "properties": { "PLACEKEY": "226-23m@8tf-p3j-jn5", "PARENT_PLACEKEY": "226-222@8tf-p3j-jn5", "LOCATION_NAME": "Mayra Valenzuela NP", "BRANDS": null, "TOP_CATEGORY": "Offices of Other Health Practitioners", "SUB_CATEGORY": "Offices of All Other Miscellaneous Health Practitioners", "NAICS_CODE": 621399, "LATITUDE": 31.773002, "LONGITUDE": -106.476843, "STREET_ADDRESS": "1600 Montana Ave", "CITY": "El Paso", "REGION": "TX", "POSTAL_CODE": 79902, "OPEN_HOURS": null, "CATEGORY_TAGS": null, "OPENED_ON": null, "CLOSED_ON": null, "TRACKING_CLOSED_SINCE": null, "GEOMETRY_TYPE": "POLYGON", "POLYGON_CLASS": "SHARED_POLYGON", "ENCLOSED": "False", "PHONE_NUMBER": 19158873410.0, "IS_SYNTHETIC": "False", "INCLUDES_PARKING_LOT": "False", "WKT_AREA_SQ_METERS": 1317.0, "DOMAINS": [ ], "WEBSITE": null }, "geometry": { "type": "Polygon", "coordinates": [ [ [ -106.476783027999943, 31.773188924000067 ], [ -106.476647432999982, 31.77303102500008 ], [ -106.47672474999996, 31.772983417000034 ], [ -106.476708213999984, 31.772964161000061 ], [ -106.47673550199994, 31.772947358000067 ], [ -106.47674872999994, 31.772962763000066 ], [ -106.477098927999975, 31.77274712600007 ], [ -106.47723121599995, 31.772901174000026 ], [ -106.477099323999937, 31.77298238700007 ], [ -106.477148930999988, 31.773040156000036 ], [ -106.47696246299995, 31.773154975000068 ], [ -106.476919468999938, 31.773104910000029 ], [ -106.476783027999943, 31.773188924000067 ] ] ] } },
{ "type": "Feature", "properties": { "PLACEKEY": "22b-222@8tf-p3h-gff", "PARENT_PLACEKEY": null, "LOCATION_NAME": "Top That Services", "BRANDS": null, "TOP_CATEGORY": "Foundation, Structure, and Building Exterior Contractors", "SUB_CATEGORY": "Roofing Contractors", "NAICS_CODE": 238160, "LATITUDE": 31.772687, "LONGITUDE": -106.483702, "STREET_ADDRESS": "1205 E Nevada Ave", "CITY": "El Paso", "REGION": "TX", "POSTAL_CODE": 79902, "OPEN_HOURS": { "Mon": [ [ "7:00", "17:00" ] ], "Tue": [ [ "7:00", "17:00" ] ], "Wed": [ [ "7:00", "17:00" ] ], "Thu": [ [ "7:00", "17:00" ] ], "Fri": [ [ "7:00", "17:00" ] ], "Sat": [ ], "Sun": [ ] }, "CATEGORY_TAGS": null, "OPENED_ON": null, "CLOSED_ON": null, "TRACKING_CLOSED_SINCE": null, "GEOMETRY_TYPE": "POLYGON", "POLYGON_CLASS": "OWNED_POLYGON", "ENCLOSED": "False", "PHONE_NUMBER": 19158089864.0, "IS_SYNTHETIC": "False", "INCLUDES_PARKING_LOT": "False", "WKT_AREA_SQ_METERS": 180.0, "DOMAINS": [ ], "WEBSITE": null }, "geometry": { "type": "Polygon", "coordinates": [ [ [ -106.483614744999954, 31.772667824000052 ], [ -106.483704881999984, 31.772610868000072 ], [ -106.483812499999942, 31.772732990000065 ], [ -106.48372236299997, 31.772789946000046 ], [ -106.483614744999954, 31.772667824000052 ] ] ] } },
{ "type": "Feature", "properties": { "PLACEKEY": "226-22p@8tf-p3j-jn5", "PARENT_PLACEKEY": "226-222@8tf-p3j-jn5", "LOCATION_NAME": "Monica Hernandez Lpc", "BRANDS": null, "TOP_CATEGORY": "Offices of Physicians", "SUB_CATEGORY": "Offices of Physicians, Mental Health Specialists", "NAICS_CODE": 621112, "LATITUDE": 31.773029, "LONGITUDE": -106.476825, "STREET_ADDRESS": "1600 Montana Ave", "CITY": "El Paso", "REGION": "TX", "POSTAL_CODE": 79902, "OPEN_HOURS": null, "CATEGORY_TAGS": null, "OPENED_ON": null, "CLOSED_ON": null, "TRACKING_CLOSED_SINCE": null, "GEOMETRY_TYPE": "POLYGON", "POLYGON_CLASS": "SHARED_POLYGON", "ENCLOSED": "False", "PHONE_NUMBER": 19158873410.0, "IS_SYNTHETIC": "False", "INCLUDES_PARKING_LOT": "False", "WKT_AREA_SQ_METERS": 1317.0, "DOMAINS": [ ], "WEBSITE": null }, "geometry": { "type": "Polygon", "coordinates": [ [ [ -106.476783027999943, 31.773188924000067 ], [ -106.476647432999982, 31.77303102500008 ], [ -106.47672474999996, 31.772983417000034 ], [ -106.476708213999984, 31.772964161000061 ], [ -106.47673550199994, 31.772947358000067 ], [ -106.47674872999994, 31.772962763000066 ], [ -106.477098927999975, 31.77274712600007 ], [ -106.47723121599995, 31.772901174000026 ], [ -106.477099323999937, 31.77298238700007 ], [ -106.477148930999988, 31.773040156000036 ], [ -106.47696246299995, 31.773154975000068 ], [ -106.476919468999938, 31.773104910000029 ], [ -106.476783027999943, 31.773188924000067 ] ] ] } },
{ "type": "Feature", "properties": { "PLACEKEY": "226-23f@8tf-p3j-jn5", "PARENT_PLACEKEY": "226-222@8tf-p3j-jn5", "LOCATION_NAME": "Isabel Morales Chavarria M.ed., Lpc", "BRANDS": null, "TOP_CATEGORY": "Offices of Physicians", "SUB_CATEGORY": "Offices of Physicians, Mental Health Specialists", "NAICS_CODE": 621112, "LATITUDE": 31.772985, "LONGITUDE": -106.476816, "STREET_ADDRESS": "1600 Montana Ave", "CITY": "El Paso", "REGION": "TX", "POSTAL_CODE": 79902, "OPEN_HOURS": null, "CATEGORY_TAGS": null, "OPENED_ON": null, "CLOSED_ON": null, "TRACKING_CLOSED_SINCE": null, "GEOMETRY_TYPE": "POLYGON", "POLYGON_CLASS": "SHARED_POLYGON", "ENCLOSED": "False", "PHONE_NUMBER": 19152263646.0, "IS_SYNTHETIC": "False", "INCLUDES_PARKING_LOT": "False", "WKT_AREA_SQ_METERS": 1317.0, "DOMAINS": [ ], "WEBSITE": null }, "geometry": { "type": "Polygon", "coordinates": [ [ [ -106.476783027999943, 31.773188924000067 ], [ -106.476647432999982, 31.77303102500008 ], [ -106.47672474999996, 31.772983417000034 ], [ -106.476708213999984, 31.772964161000061 ], [ -106.47673550199994, 31.772947358000067 ], [ -106.47674872999994, 31.772962763000066 ], [ -106.477098927999975, 31.77274712600007 ], [ -106.47723121599995, 31.772901174000026 ], [ -106.477099323999937, 31.77298238700007 ], [ -106.477148930999988, 31.773040156000036 ], [ -106.47696246299995, 31.773154975000068 ], [ -106.476919468999938, 31.773104910000029 ], [ -106.476783027999943, 31.773188924000067 ] ] ] } },
{ "type": "Feature", "properties": { "PLACEKEY": "zzy-223@8tf-p3j-jvz", "PARENT_PLACEKEY": null, "LOCATION_NAME": "Sun Metro Montana Dallas", "BRANDS": null, "TOP_CATEGORY": "Urban Transit Systems", "SUB_CATEGORY": "Bus and Other Motor Vehicle Transit Systems", "NAICS_CODE": 485113, "LATITUDE": 31.773743, "LONGITUDE": -106.476225, "STREET_ADDRESS": "Sun Metro Montana Dallas", "CITY": "El Paso", "REGION": "TX", "POSTAL_CODE": 79902, "OPEN_HOURS": null, "CATEGORY_TAGS": "Bus Station,Buses", "OPENED_ON": null, "CLOSED_ON": null, "TRACKING_CLOSED_SINCE": null, "GEOMETRY_TYPE": "POINT", "POLYGON_CLASS": null, "ENCLOSED": null, "PHONE_NUMBER": null, "IS_SYNTHETIC": null, "INCLUDES_PARKING_LOT": null, "WKT_AREA_SQ_METERS": null, "DOMAINS": [ ], "WEBSITE": null }, "geometry": { "type": "Polygon", "coordinates": [ [ [ -106.476195, 31.773743 ], [ -106.476195144458202, 31.773740059485789 ], [ -106.476195576441583, 31.77373714729034 ], [ -106.476196291789933, 31.773734291459682 ], [ -106.476197283614027, 31.77373151949703 ], [ -106.47619854236207, 31.773728858097893 ], [ -106.476200055911633, 31.773726332893009 ], [ -106.476201809686401, 31.773723968201473 ], [ -106.47620378679656, 31.773721786796564 ], [ -106.476205968201469, 31.773719809686398 ], [ -106.476208332893009, 31.77371805591163 ], [ -106.4762108580979, 31.77371654236207 ], [ -106.476213519497023, 31.773715283614024 ], [ -106.476216291459679, 31.773714291789929 ], [ -106.476219147290337, 31.773713576441587 ], [ -106.476222059485792, 31.773713144458199 ], [ -106.476225, 31.773713 ], [ -106.476227940514207, 31.773713144458199 ], [ -106.476230852709662, 31.773713576441587 ], [ -106.47623370854032, 31.773714291789929 ], [ -106.476236480502976, 31.773715283614024 ], [ -106.476239141902099, 31.77371654236207 ], [ -106.47624166710699, 31.77371805591163 ], [ -106.476244031798529, 31.773719809686398 ], [ -106.476246213203439, 31.773721786796564 ], [ -106.476248190313598, 31.773723968201473 ], [ -106.476249944088366, 31.773726332893009 ], [ -106.476251457637929, 31.773728858097893 ], [ -106.476252716385972, 31.77373151949703 ], [ -106.476253708210066, 31.773734291459682 ], [ -106.476254423558416, 31.77373714729034 ], [ -106.476254855541796, 31.773740059485789 ], [ -106.476255, 31.773743 ], [ -106.476254855541796, 31.77374594051421 ], [ -106.476254423558416, 31.773748852709659 ], [ -106.476253708210066, 31.773751708540317 ], [ -106.476252716385972, 31.773754480502969 ], [ -106.476251457637929, 31.773757141902106 ], [ -106.476249944088366, 31.77375966710699 ], [ -106.476248190313598, 31.773762031798526 ], [ -106.476246213203439, 31.773764213203435 ], [ -106.476244031798529, 31.773766190313601 ], [ -106.47624166710699, 31.77376794408837 ], [ -106.476239141902099, 31.773769457637929 ], [ -106.476236480502976, 31.773770716385975 ], [ -106.47623370854032, 31.77377170821007 ], [ -106.476230852709662, 31.773772423558412 ], [ -106.476227940514207, 31.7737728555418 ], [ -106.476225, 31.773773 ], [ -106.476222059485792, 31.7737728555418 ], [ -106.476219147290337, 31.773772423558412 ], [ -106.476216291459679, 31.77377170821007 ], [ -106.476213519497023, 31.773770716385975 ], [ -106.4762108580979, 31.773769457637929 ], [ -106.476208332893009, 31.77376794408837 ], [ -106.476205968201469, 31.773766190313601 ], [ -106.47620378679656, 31.773764213203435 ], [ -106.476201809686401, 31.773762031798526 ], [ -106.476200055911633, 31.77375966710699 ], [ -106.47619854236207, 31.773757141902106 ], [ -106.476197283614027, 31.773754480502969 ], [ -106.476196291789933, 31.773751708540317 ], [ -106.476195576441583, 31.773748852709659 ], [ -106.476195144458202, 31.77374594051421 ], [ -106.476195, 31.773743 ] ] ] } },
{ "type": "Feature", "properties": { "PLACEKEY": "225-222@8tf-p3j-mc5", "PARENT_PLACEKEY": null, "LOCATION_NAME": "Spa Auto Collision", "BRANDS": null, "TOP_CATEGORY": "Automotive Repair and Maintenance", "SUB_CATEGORY": "Automotive Body, Paint, and Interior Repair and Maintenance", "NAICS_CODE": 811121, "LATITUDE": 31.768035, "LONGITUDE": -106.482119, "STREET_ADDRESS": "1109 Wyoming Ave", "CITY": "El Paso", "REGION": "TX", "POSTAL_CODE": 79902, "OPEN_HOURS": { "Mon": [ [ "8:30", "18:00" ] ], "Tue": [ [ "8:30", "18:00" ] ], "Wed": [ [ "8:30", "18:00" ] ], "Thu": [ [ "8:30", "18:00" ] ], "Fri": [ [ "8:30", "18:00" ] ], "Sat": [ ], "Sun": [ ] }, "CATEGORY_TAGS": "Car Rental", "OPENED_ON": null, "CLOSED_ON": null, "TRACKING_CLOSED_SINCE": null, "GEOMETRY_TYPE": "POLYGON", "POLYGON_CLASS": "OWNED_POLYGON", "ENCLOSED": "False", "PHONE_NUMBER": 19152082703.0, "IS_SYNTHETIC": "False", "INCLUDES_PARKING_LOT": "False", "WKT_AREA_SQ_METERS": 552.0, "DOMAINS": [ "spaautocollision.com" ], "WEBSITE": null }, "geometry": { "type": "Polygon", "coordinates": [ [ [ -106.481986438999968, 31.768017845000031 ], [ -106.482117130999939, 31.767935259000069 ], [ -106.482275181999967, 31.76811463100006 ], [ -106.482027315999972, 31.768271257000038 ], [ -106.481949972999985, 31.768183480000062 ], [ -106.482067144999974, 31.768109438000067 ], [ -106.481986438999968, 31.768017845000031 ] ] ] } },
{ "type": "Feature", "properties": { "PLACEKEY": "228-222@8tf-p3j-jd9", "PARENT_PLACEKEY": null, "LOCATION_NAME": "Cuidado Casero", "BRANDS": null, "TOP_CATEGORY": "Home Health Care Services", "SUB_CATEGORY": "Home Health Care Services", "NAICS_CODE": 621610, "LATITUDE": 31.7712, "LONGITUDE": -106.475487, "STREET_ADDRESS": "1617 E Missouri Ave", "CITY": "El Paso", "REGION": "TX", "POSTAL_CODE": 79902, "OPEN_HOURS": { "Mon": [ [ "8:00", "17:00" ] ], "Tue": [ [ "8:00", "17:00" ] ], "Wed": [ [ "8:00", "17:00" ] ], "Thu": [ [ "8:00", "17:00" ] ], "Fri": [ [ "8:00", "17:00" ] ], "Sat": [ ], "Sun": [ ] }, "CATEGORY_TAGS": null, "OPENED_ON": null, "CLOSED_ON": null, "TRACKING_CLOSED_SINCE": null, "GEOMETRY_TYPE": "POLYGON", "POLYGON_CLASS": "OWNED_POLYGON", "ENCLOSED": "False", "PHONE_NUMBER": 19157727177.0, "IS_SYNTHETIC": "False", "INCLUDES_PARKING_LOT": "False", "WKT_AREA_SQ_METERS": 709.0, "DOMAINS": [ "cuidadocasero.com" ], "WEBSITE": "https://cuidadocasero.com" }, "geometry": { "type": "Polygon", "coordinates": [ [ [ -106.475466952999966, 31.771427459000051 ], [ -106.475394321999943, 31.771348613000043 ], [ -106.475341115999981, 31.77138375800007 ], [ -106.475251191999973, 31.77128613900004 ], [ -106.475512785999967, 31.771113342000035 ], [ -106.475675341999988, 31.771289805000038 ], [ -106.475466952999966, 31.771427459000051 ] ] ] } },
{ "type": "Feature", "properties": { "PLACEKEY": "222-224@8tf-p3h-fxq", "PARENT_PLACEKEY": null, "LOCATION_NAME": "Brown Street Market", "BRANDS": null, "TOP_CATEGORY": "Grocery Stores", "SUB_CATEGORY": "Supermarkets and Other Grocery (except Convenience) Stores", "NAICS_CODE": 445110, "LATITUDE": 31.772998, "LONGITUDE": -106.483568, "STREET_ADDRESS": "1207 Brown St", "CITY": "El Paso", "REGION": "TX", "POSTAL_CODE": 79902, "OPEN_HOURS": { "Mon": [ [ "9:00", "21:00" ] ], "Tue": [ [ "9:00", "21:00" ] ], "Wed": [ [ "9:00", "18:30" ] ], "Thu": [ [ "9:00", "21:00" ] ], "Fri": [ [ "9:00", "21:00" ] ], "Sat": [ [ "9:00", "21:00" ] ], "Sun": [ ] }, "CATEGORY_TAGS": null, "OPENED_ON": null, "CLOSED_ON": null, "TRACKING_CLOSED_SINCE": null, "GEOMETRY_TYPE": "POLYGON", "POLYGON_CLASS": "OWNED_POLYGON", "ENCLOSED": "False", "PHONE_NUMBER": 19155336652.0, "IS_SYNTHETIC": "False", "INCLUDES_PARKING_LOT": "False", "WKT_AREA_SQ_METERS": 150.0, "DOMAINS": [ "brownstreetmarket.com" ], "WEBSITE": "https://www.brownstreetmarket.com" }, "geometry": { "type": "Polygon", "coordinates": [ [ [ -106.48353829919499, 31.773085246425275 ], [ -106.483465879551588, 31.773003157261407 ], [ -106.483570485703169, 31.772931329183283 ], [ -106.483648940316854, 31.773016838793794 ], [ -106.48353829919499, 31.773085246425275 ] ] ] } },
{ "type": "Feature", "properties": { "PLACEKEY": "222-224@8tf-p3j-hh5", "PARENT_PLACEKEY": null, "LOCATION_NAME": "Tea & Social", "BRANDS": null, "TOP_CATEGORY": "Restaurants and Other Eating Places", "SUB_CATEGORY": "Snack and Nonalcoholic Beverage Bars", "NAICS_CODE": 722515, "LATITUDE": 31.771733, "LONGITUDE": -106.479093, "STREET_ADDRESS": "1420 Montana Ave", "CITY": "El Paso", "REGION": "TX", "POSTAL_CODE": 79902, "OPEN_HOURS": null, "CATEGORY_TAGS": "Cafe,Tea House", "OPENED_ON": null, "CLOSED_ON": null, "TRACKING_CLOSED_SINCE": null, "GEOMETRY_TYPE": "POLYGON", "POLYGON_CLASS": "SHARED_POLYGON", "ENCLOSED": "False", "PHONE_NUMBER": 19159996377.0, "IS_SYNTHETIC": "False", "INCLUDES_PARKING_LOT": "False", "WKT_AREA_SQ_METERS": 197.0, "DOMAINS": [ ], "WEBSITE": null }, "geometry": { "type": "Polygon", "coordinates": [ [ [ -106.478932829999962, 31.771636388000047 ], [ -106.479015950999951, 31.771587478000072 ], [ -106.479141094999989, 31.771739983000032 ], [ -106.479057973999943, 31.771788893000064 ], [ -106.478932829999962, 31.771636388000047 ] ] ] } },
{ "type": "Feature", "properties": { "PLACEKEY": "22b-22c@8tf-p3j-jn5", "PARENT_PLACEKEY": "22b-228@8tf-p3j-jn5", "LOCATION_NAME": "Michelle Cabral Lpc", "BRANDS": null, "TOP_CATEGORY": "Offices of Physicians", "SUB_CATEGORY": "Offices of Physicians, Mental Health Specialists", "NAICS_CODE": 621112, "LATITUDE": 31.773013, "LONGITUDE": -106.477936, "STREET_ADDRESS": "1551 Montana Ave", "CITY": "El Paso", "REGION": "TX", "POSTAL_CODE": 79902, "OPEN_HOURS": null, "CATEGORY_TAGS": null, "OPENED_ON": null, "CLOSED_ON": null, "TRACKING_CLOSED_SINCE": null, "GEOMETRY_TYPE": "POLYGON", "POLYGON_CLASS": "SHARED_POLYGON", "ENCLOSED": "True", "PHONE_NUMBER": 19157473510.0, "IS_SYNTHETIC": "False", "INCLUDES_PARKING_LOT": "False", "WKT_AREA_SQ_METERS": 653.0, "DOMAINS": [ ], "WEBSITE": null }, "geometry": { "type": "Polygon", "coordinates": [ [ [ -106.477805304999947, 31.772985382000059 ], [ -106.478046439999957, 31.772829096000066 ], [ -106.478193407999981, 31.772991691000072 ], [ -106.477952273999961, 31.773147977000065 ], [ -106.477805304999947, 31.772985382000059 ] ] ] } },
{ "type": "Feature", "properties": { "PLACEKEY": "22b-224@8tf-p3j-jn5", "PARENT_PLACEKEY": "22b-228@8tf-p3j-jn5", "LOCATION_NAME": "Alberto Rodriguez Lpc", "BRANDS": null, "TOP_CATEGORY": "Offices of Physicians", "SUB_CATEGORY": "Offices of Physicians, Mental Health Specialists", "NAICS_CODE": 621112, "LATITUDE": 31.772971, "LONGITUDE": -106.477981, "STREET_ADDRESS": "1551 Montana Ave", "CITY": "El Paso", "REGION": "TX", "POSTAL_CODE": 79902, "OPEN_HOURS": null, "CATEGORY_TAGS": null, "OPENED_ON": null, "CLOSED_ON": null, "TRACKING_CLOSED_SINCE": null, "GEOMETRY_TYPE": "POLYGON", "POLYGON_CLASS": "SHARED_POLYGON", "ENCLOSED": "True", "PHONE_NUMBER": 19157742949.0, "IS_SYNTHETIC": "False", "INCLUDES_PARKING_LOT": "False", "WKT_AREA_SQ_METERS": 653.0, "DOMAINS": [ ], "WEBSITE": null }, "geometry": { "type": "Polygon", "coordinates": [ [ [ -106.477805304999947, 31.772985382000059 ], [ -106.478046439999957, 31.772829096000066 ], [ -106.478193407999981, 31.772991691000072 ], [ -106.477952273999961, 31.773147977000065 ], [ -106.477805304999947, 31.772985382000059 ] ] ] } },
{ "type": "Feature", "properties": { "PLACEKEY": "zzy-223@8tf-p3j-hkf", "PARENT_PLACEKEY": null, "LOCATION_NAME": "Setra Law Firm", "BRANDS": null, "TOP_CATEGORY": "Legal Services", "SUB_CATEGORY": "Offices of Lawyers", "NAICS_CODE": 541110, "LATITUDE": 31.771978, "LONGITUDE": -106.480038, "STREET_ADDRESS": "1401 Montana Ave Ste B-1", "CITY": "El Paso", "REGION": "TX", "POSTAL_CODE": 79902, "OPEN_HOURS": { "Mon": [ [ "8:00", "17:00" ] ], "Tue": [ [ "8:00", "17:00" ] ], "Wed": [ [ "8:00", "17:00" ] ], "Thu": [ [ "8:00", "17:00" ] ], "Fri": [ [ "8:00", "17:00" ] ], "Sat": [ ], "Sun": [ ] }, "CATEGORY_TAGS": "Criminal Defense,Divorce", "OPENED_ON": null, "CLOSED_ON": null, "TRACKING_CLOSED_SINCE": null, "GEOMETRY_TYPE": "POLYGON", "POLYGON_CLASS": "SHARED_POLYGON", "ENCLOSED": "False", "PHONE_NUMBER": 19152011000.0, "IS_SYNTHETIC": "False", "INCLUDES_PARKING_LOT": "False", "WKT_AREA_SQ_METERS": 1241.0, "DOMAINS": [ "setralaw.com" ], "WEBSITE": null }, "geometry": { "type": "Polygon", "coordinates": [ [ [ -106.479830697999944, 31.771844360000046 ], [ -106.48000972899996, 31.771729053000058 ], [ -106.480019941999956, 31.77174042300004 ], [ -106.480100505999985, 31.771688535000067 ], [ -106.480352416999949, 31.771969001000059 ], [ -106.480092820999971, 31.772136196000076 ], [ -106.479830697999944, 31.771844360000046 ] ] ] } },
{ "type": "Feature", "properties": { "PLACEKEY": "222-223@8tf-p3j-gx5", "PARENT_PLACEKEY": null, "LOCATION_NAME": "The Law Offices of Rios Parada & Seanez PLLC", "BRANDS": null, "TOP_CATEGORY": "Legal Services", "SUB_CATEGORY": "Offices of Lawyers", "NAICS_CODE": 541110, "LATITUDE": 31.770444, "LONGITUDE": -106.476849, "STREET_ADDRESS": "1505 E Missouri Ave", "CITY": "El Paso", "REGION": "TX", "POSTAL_CODE": 79902, "OPEN_HOURS": { "Mon": [ [ "8:30", "17:00" ] ], "Tue": [ [ "8:30", "17:00" ] ], "Wed": [ [ "8:30", "17:00" ] ], "Thu": [ [ "8:30", "17:00" ] ], "Fri": [ [ "8:30", "17:00" ] ], "Sat": [ ], "Sun": [ ] }, "CATEGORY_TAGS": null, "OPENED_ON": null, "CLOSED_ON": null, "TRACKING_CLOSED_SINCE": null, "GEOMETRY_TYPE": "POLYGON", "POLYGON_CLASS": "SHARED_POLYGON", "ENCLOSED": "False", "PHONE_NUMBER": 19155322333.0, "IS_SYNTHETIC": "False", "INCLUDES_PARKING_LOT": "False", "WKT_AREA_SQ_METERS": 198.0, "DOMAINS": [ "riosparadalaw.com" ], "WEBSITE": null }, "geometry": { "type": "Polygon", "coordinates": [ [ [ -106.476697839999986, 31.770301743000061 ], [ -106.476770115999955, 31.770256371000073 ], [ -106.47691746299995, 31.770424682000055 ], [ -106.47684518799997, 31.770470055000033 ], [ -106.476697839999986, 31.770301743000061 ] ] ] } },
{ "type": "Feature", "properties": { "PLACEKEY": "22b-22f@8tf-p3j-jn5", "PARENT_PLACEKEY": "22b-228@8tf-p3j-jn5", "LOCATION_NAME": "Daniel Ortega Lpc", "BRANDS": null, "TOP_CATEGORY": "Offices of Physicians", "SUB_CATEGORY": "Offices of Physicians, Mental Health Specialists", "NAICS_CODE": 621112, "LATITUDE": 31.77296, "LONGITUDE": -106.47801, "STREET_ADDRESS": "1551 Montana Ave", "CITY": "El Paso", "REGION": "TX", "POSTAL_CODE": 79902, "OPEN_HOURS": null, "CATEGORY_TAGS": null, "OPENED_ON": null, "CLOSED_ON": null, "TRACKING_CLOSED_SINCE": null, "GEOMETRY_TYPE": "POLYGON", "POLYGON_CLASS": "SHARED_POLYGON", "ENCLOSED": "True", "PHONE_NUMBER": 19158873410.0, "IS_SYNTHETIC": "False", "INCLUDES_PARKING_LOT": "False", "WKT_AREA_SQ_METERS": 653.0, "DOMAINS": [ ], "WEBSITE": null }, "geometry": { "type": "Polygon", "coordinates": [ [ [ -106.477805304999947, 31.772985382000059 ], [ -106.478046439999957, 31.772829096000066 ], [ -106.478193407999981, 31.772991691000072 ], [ -106.477952273999961, 31.773147977000065 ], [ -106.477805304999947, 31.772985382000059 ] ] ] } },
{ "type": "Feature", "properties": { "PLACEKEY": "225-222@8tf-p3j-jn5", "PARENT_PLACEKEY": null, "LOCATION_NAME": "Montana Spanish Seventh Day Adventists Church", "BRANDS": null, "TOP_CATEGORY": "Religious Organizations", "SUB_CATEGORY": "Religious Organizations", "NAICS_CODE": 813110, "LATITUDE": 31.772725, "LONGITUDE": -106.477673, "STREET_ADDRESS": "1526 Montana Ave", "CITY": "El Paso", "REGION": "TX", "POSTAL_CODE": 79902, "OPEN_HOURS": null, "CATEGORY_TAGS": "Place of Worship,Church", "OPENED_ON": null, "CLOSED_ON": null, "TRACKING_CLOSED_SINCE": null, "GEOMETRY_TYPE": "POLYGON", "POLYGON_CLASS": "SHARED_POLYGON", "ENCLOSED": "False", "PHONE_NUMBER": 19155325590.0, "IS_SYNTHETIC": "False", "INCLUDES_PARKING_LOT": "False", "WKT_AREA_SQ_METERS": 1077.0, "DOMAINS": [ "adventist.org" ], "WEBSITE": "http://www.adventist.org" }, "geometry": { "type": "Polygon", "coordinates": [ [ [ -106.477640213999962, 31.772800278000034 ], [ -106.477396366999983, 31.772537252000063 ], [ -106.477560141999959, 31.772428381000054 ], [ -106.477591974999939, 31.772408941000037 ], [ -106.477670850999971, 31.772494023000036 ], [ -106.477626619999967, 31.772523427000067 ], [ -106.477640508999968, 31.772538409000049 ], [ -106.477706856999987, 31.77249430300003 ], [ -106.477692966999939, 31.772479321000048 ], [ -106.477737198999989, 31.772449917000074 ], [ -106.477768449999985, 31.772483626000053 ], [ -106.477812681999978, 31.772454223000068 ], [ -106.477916852999954, 31.772566588000075 ], [ -106.477801850999981, 31.77264303700008 ], [ -106.477732403999937, 31.772568127000056 ], [ -106.477719133999983, 31.77257694900004 ], [ -106.477818570999943, 31.772684206000065 ], [ -106.477640213999962, 31.772800278000034 ] ] ] } },
{ "type": "Feature", "properties": { "PLACEKEY": "228-222@8tf-p3j-gx5", "PARENT_PLACEKEY": null, "LOCATION_NAME": "El Paso Bench Ads", "BRANDS": null, "TOP_CATEGORY": "Advertising, Public Relations, and Related Services", "SUB_CATEGORY": null, "NAICS_CODE": 5418, "LATITUDE": 31.770064, "LONGITUDE": -106.477493, "STREET_ADDRESS": "1423 E Missouri Ave Ste A", "CITY": "El Paso", "REGION": "TX", "POSTAL_CODE": 79902, "OPEN_HOURS": { "Mon": [ [ "9:00", "17:00" ] ], "Tue": [ [ "9:00", "17:00" ] ], "Wed": [ [ "9:00", "17:00" ] ], "Thu": [ [ "9:00", "17:00" ] ], "Fri": [ [ "9:00", "17:00" ] ], "Sat": [ ], "Sun": [ ] }, "CATEGORY_TAGS": "Advertising", "OPENED_ON": null, "CLOSED_ON": null, "TRACKING_CLOSED_SINCE": null, "GEOMETRY_TYPE": "POLYGON", "POLYGON_CLASS": "OWNED_POLYGON", "ENCLOSED": "False", "PHONE_NUMBER": 19155333771.0, "IS_SYNTHETIC": "False", "INCLUDES_PARKING_LOT": "False", "WKT_AREA_SQ_METERS": 631.0, "DOMAINS": [ "elpasobenchads.com" ], "WEBSITE": "https://www.elpasobenchads.com" }, "geometry": { "type": "Polygon", "coordinates": [ [ [ -106.477419745999953, 31.770092317000035 ], [ -106.477297201999988, 31.769955871000036 ], [ -106.477274822999959, 31.769970284000067 ], [ -106.477227165999977, 31.769917222000061 ], [ -106.47737486699998, 31.769822097000031 ], [ -106.477606338999976, 31.770079828000064 ], [ -106.477413880999961, 31.770203779000042 ], [ -106.477352608999979, 31.770135556000071 ], [ -106.477419745999953, 31.770092317000035 ] ] ] } },
{ "type": "Feature", "properties": { "PLACEKEY": "22q-222@8tf-p3j-hh5", "PARENT_PLACEKEY": null, "LOCATION_NAME": "Investors Real Estate Bryan Haddad", "BRANDS": null, "TOP_CATEGORY": "Offices of Real Estate Agents and Brokers", "SUB_CATEGORY": "Offices of Real Estate Agents and Brokers", "NAICS_CODE": 531210, "LATITUDE": 31.7718, "LONGITUDE": -106.47888, "STREET_ADDRESS": "1444 Montana Ave Ste 200", "CITY": "El Paso", "REGION": "TX", "POSTAL_CODE": 79902, "OPEN_HOURS": { "Mon": [ [ "9:00", "17:00" ] ], "Tue": [ [ "9:00", "17:00" ] ], "Wed": [ [ "9:00", "17:00" ] ], "Thu": [ [ "9:00", "17:00" ] ], "Fri": [ [ "9:00", "17:00" ] ], "Sat": [ ], "Sun": [ ] }, "CATEGORY_TAGS": null, "OPENED_ON": null, "CLOSED_ON": null, "TRACKING_CLOSED_SINCE": null, "GEOMETRY_TYPE": "POLYGON", "POLYGON_CLASS": "SHARED_POLYGON", "ENCLOSED": "False", "PHONE_NUMBER": 19154782570.0, "IS_SYNTHETIC": "False", "INCLUDES_PARKING_LOT": "False", "WKT_AREA_SQ_METERS": 827.0, "DOMAINS": [ ], "WEBSITE": null }, "geometry": { "type": "Polygon", "coordinates": [ [ [ -106.478633072999969, 31.771778685000072 ], [ -106.478852898999946, 31.771638006000046 ], [ -106.479056322999952, 31.77186594300008 ], [ -106.478836495999985, 31.77200662100006 ], [ -106.478633072999969, 31.771778685000072 ] ] ] } },
{ "type": "Feature", "properties": { "PLACEKEY": "224-222@8tf-p3j-5pv", "PARENT_PLACEKEY": null, "LOCATION_NAME": "Abundant Living Home Health", "BRANDS": null, "TOP_CATEGORY": "Home Health Care Services", "SUB_CATEGORY": "Home Health Care Services", "NAICS_CODE": 621610, "LATITUDE": 31.769679, "LONGITUDE": -106.483205, "STREET_ADDRESS": "1115 Montana Ave", "CITY": "El Paso", "REGION": "TX", "POSTAL_CODE": 79902, "OPEN_HOURS": { "Mon": [ [ "8:00", "17:00" ] ], "Tue": [ [ "8:00", "17:00" ] ], "Wed": [ [ "8:00", "17:00" ] ], "Thu": [ [ "8:00", "17:00" ] ], "Fri": [ [ "8:00", "17:00" ] ], "Sat": [ ], "Sun": [ ] }, "CATEGORY_TAGS": null, "OPENED_ON": null, "CLOSED_ON": null, "TRACKING_CLOSED_SINCE": null, "GEOMETRY_TYPE": "POLYGON", "POLYGON_CLASS": "OWNED_POLYGON", "ENCLOSED": "False", "PHONE_NUMBER": 19155640168.0, "IS_SYNTHETIC": "False", "INCLUDES_PARKING_LOT": "False", "WKT_AREA_SQ_METERS": 355.0, "DOMAINS": [ "abundantlivinghh.com" ], "WEBSITE": null }, "geometry": { "type": "Polygon", "coordinates": [ [ [ -106.483120747999976, 31.76972188700006 ], [ -106.483130867999989, 31.769717033000063 ], [ -106.483086532999948, 31.769650737000063 ], [ -106.483110996999983, 31.769639005000045 ], [ -106.483083287999989, 31.769597569000041 ], [ -106.483210504999988, 31.769536561000052 ], [ -106.483324114999959, 31.769706443000075 ], [ -106.483187111999939, 31.769772146000037 ], [ -106.483209279, 31.769805294000037 ], [ -106.483197318999942, 31.769811029000039 ], [ -106.483120747999976, 31.76972188700006 ] ] ] } },
{ "type": "Feature", "properties": { "PLACEKEY": "22k-222@8tf-p3j-jsq", "PARENT_PLACEKEY": null, "LOCATION_NAME": "Hot Shot Kixxx", "BRANDS": null, "TOP_CATEGORY": "Performing Arts Companies", "SUB_CATEGORY": "Musical Groups and Artists", "NAICS_CODE": 711130, "LATITUDE": 31.772139, "LONGITUDE": -106.476687, "STREET_ADDRESS": "1602 E Yandell Dr", "CITY": "El Paso", "REGION": "TX", "POSTAL_CODE": 79902, "OPEN_HOURS": { "Mon": [ [ "8:00", "18:00" ] ], "Tue": [ [ "8:00", "18:00" ] ], "Wed": [ [ "8:00", "18:00" ] ], "Thu": [ [ "8:00", "18:00" ] ], "Fri": [ [ "8:00", "18:00" ] ], "Sat": [ ], "Sun": [ ] }, "CATEGORY_TAGS": null, "OPENED_ON": null, "CLOSED_ON": null, "TRACKING_CLOSED_SINCE": null, "GEOMETRY_TYPE": "POLYGON", "POLYGON_CLASS": "SHARED_POLYGON", "ENCLOSED": "False", "PHONE_NUMBER": 19157261897.0, "IS_SYNTHETIC": "False", "INCLUDES_PARKING_LOT": "False", "WKT_AREA_SQ_METERS": 266.0, "DOMAINS": [ "hotshotkixxx.com" ], "WEBSITE": "http://www.hotshotkixxx.com" }, "geometry": { "type": "Polygon", "coordinates": [ [ [ -106.476552433999984, 31.772128726000062 ], [ -106.476594357999943, 31.772101727000063 ], [ -106.476628399, 31.772139628000048 ], [ -106.476713440999958, 31.772084861000053 ], [ -106.476811399999974, 31.772196200000053 ], [ -106.476678399999969, 31.772281200000066 ], [ -106.476552433999984, 31.772128726000062 ] ] ] } },
{ "type": "Feature", "properties": { "PLACEKEY": "222-223@8tf-p3j-5pv", "PARENT_PLACEKEY": null, "LOCATION_NAME": "Sage Holistic Wellness", "BRANDS": null, "TOP_CATEGORY": "Personal Care Services", "SUB_CATEGORY": "Other Personal Care Services", "NAICS_CODE": 812199, "LATITUDE": 31.770321, "LONGITUDE": -106.482356, "STREET_ADDRESS": "905 Noble St", "CITY": "El Paso", "REGION": "TX", "POSTAL_CODE": 79902, "OPEN_HOURS": null, "CATEGORY_TAGS": "Massage,Massage Therapy,Reiki", "OPENED_ON": null, "CLOSED_ON": null, "TRACKING_CLOSED_SINCE": null, "GEOMETRY_TYPE": "POLYGON", "POLYGON_CLASS": "SHARED_POLYGON", "ENCLOSED": "False", "PHONE_NUMBER": null, "IS_SYNTHETIC": "False", "INCLUDES_PARKING_LOT": "False", "WKT_AREA_SQ_METERS": 122.0, "DOMAINS": [ ], "WEBSITE": null }, "geometry": { "type": "Polygon", "coordinates": [ [ [ -106.482453760999988, 31.770351988000073 ], [ -106.482336839999959, 31.770426379000071 ], [ -106.482279924999943, 31.770365379000054 ], [ -106.482394641999974, 31.770288625000035 ], [ -106.482453760999988, 31.770351988000073 ] ] ] } },
{ "type": "Feature", "properties": { "PLACEKEY": "226-239@8tf-p3j-jn5", "PARENT_PLACEKEY": "226-222@8tf-p3j-jn5", "LOCATION_NAME": "Veronica Johnson Lpc", "BRANDS": null, "TOP_CATEGORY": "Offices of Physicians", "SUB_CATEGORY": "Offices of Physicians, Mental Health Specialists", "NAICS_CODE": 621112, "LATITUDE": 31.773018, "LONGITUDE": -106.476851, "STREET_ADDRESS": "1600 Montana Ave", "CITY": "El Paso", "REGION": "TX", "POSTAL_CODE": 79902, "OPEN_HOURS": null, "CATEGORY_TAGS": null, "OPENED_ON": null, "CLOSED_ON": null, "TRACKING_CLOSED_SINCE": null, "GEOMETRY_TYPE": "POLYGON", "POLYGON_CLASS": "SHARED_POLYGON", "ENCLOSED": "False", "PHONE_NUMBER": 19158873410.0, "IS_SYNTHETIC": "False", "INCLUDES_PARKING_LOT": "False", "WKT_AREA_SQ_METERS": 1317.0, "DOMAINS": [ ], "WEBSITE": null }, "geometry": { "type": "Polygon", "coordinates": [ [ [ -106.476783027999943, 31.773188924000067 ], [ -106.476647432999982, 31.77303102500008 ], [ -106.47672474999996, 31.772983417000034 ], [ -106.476708213999984, 31.772964161000061 ], [ -106.47673550199994, 31.772947358000067 ], [ -106.47674872999994, 31.772962763000066 ], [ -106.477098927999975, 31.77274712600007 ], [ -106.47723121599995, 31.772901174000026 ], [ -106.477099323999937, 31.77298238700007 ], [ -106.477148930999988, 31.773040156000036 ], [ -106.47696246299995, 31.773154975000068 ], [ -106.476919468999938, 31.773104910000029 ], [ -106.476783027999943, 31.773188924000067 ] ] ] } },
{ "type": "Feature", "properties": { "PLACEKEY": "zzy-225@8tf-p3j-hnq", "PARENT_PLACEKEY": null, "LOCATION_NAME": "Jaime Gandara Jr", "BRANDS": null, "TOP_CATEGORY": "Offices of Other Health Practitioners", "SUB_CATEGORY": "Offices of Mental Health Practitioners (except Physicians)", "NAICS_CODE": 621330, "LATITUDE": 31.769529, "LONGITUDE": -106.48176, "STREET_ADDRESS": "1203 E Yandell Dr", "CITY": "El Paso", "REGION": "TX", "POSTAL_CODE": 79902, "OPEN_HOURS": { "Mon": [ [ "9:00", "17:00" ] ], "Tue": [ [ "9:00", "17:00" ] ], "Wed": [ [ "9:00", "17:00" ] ], "Thu": [ [ "9:00", "17:00" ] ], "Fri": [ [ "9:00", "17:00" ] ], "Sat": [ ], "Sun": [ ] }, "CATEGORY_TAGS": null, "OPENED_ON": null, "CLOSED_ON": null, "TRACKING_CLOSED_SINCE": null, "GEOMETRY_TYPE": "POLYGON", "POLYGON_CLASS": "SHARED_POLYGON", "ENCLOSED": "False", "PHONE_NUMBER": 19154007348.0, "IS_SYNTHETIC": "False", "INCLUDES_PARKING_LOT": "False", "WKT_AREA_SQ_METERS": 167.0, "DOMAINS": [ "jegep.com", "intuit.com" ], "WEBSITE": null }, "geometry": { "type": "Polygon", "coordinates": [ [ [ -106.481699153999955, 31.769393115000071 ], [ -106.481814842999938, 31.769522019000078 ], [ -106.48173522899998, 31.769572326000059 ], [ -106.481620891999967, 31.769442568000045 ], [ -106.481699153999955, 31.769393115000071 ] ] ] } },
{ "type": "Feature", "properties": { "PLACEKEY": "22p-222@8tf-p3j-5zz", "PARENT_PLACEKEY": null, "LOCATION_NAME": "Mrs. Brenda James Lmsw-acp", "BRANDS": null, "TOP_CATEGORY": "Offices of Physicians", "SUB_CATEGORY": "Offices of Physicians, Mental Health Specialists", "NAICS_CODE": 621112, "LATITUDE": 31.768588, "LONGITUDE": -106.484864, "STREET_ADDRESS": "1001 Montana Ave", "CITY": "El Paso", "REGION": "TX", "POSTAL_CODE": 79902, "OPEN_HOURS": null, "CATEGORY_TAGS": null, "OPENED_ON": null, "CLOSED_ON": null, "TRACKING_CLOSED_SINCE": null, "GEOMETRY_TYPE": "POLYGON", "POLYGON_CLASS": "SHARED_POLYGON", "ENCLOSED": "False", "PHONE_NUMBER": 19155347227.0, "IS_SYNTHETIC": "False", "INCLUDES_PARKING_LOT": "False", "WKT_AREA_SQ_METERS": 175.0, "DOMAINS": [ ], "WEBSITE": null }, "geometry": { "type": "Polygon", "coordinates": [ [ [ -106.484777437999981, 31.768552525000075 ], [ -106.484883581999952, 31.768481950000023 ], [ -106.48497386799994, 31.768579327000054 ], [ -106.484867722999979, 31.768649903000039 ], [ -106.484777437999981, 31.768552525000075 ] ] ] } },
{ "type": "Feature", "properties": { "PLACEKEY": "22b-223@8tf-p3j-hh5", "PARENT_PLACEKEY": null, "LOCATION_NAME": "Achilles Photography", "BRANDS": null, "TOP_CATEGORY": "Other Professional, Scientific, and Technical Services", "SUB_CATEGORY": "Photography Studios, Portrait", "NAICS_CODE": 541921, "LATITUDE": 31.771101, "LONGITUDE": -106.480042, "STREET_ADDRESS": "1330 Montana Ave", "CITY": "El Paso", "REGION": "TX", "POSTAL_CODE": 79902, "OPEN_HOURS": { "Mon": [ [ "10:00", "17:00" ] ], "Tue": [ [ "10:00", "17:00" ] ], "Wed": [ [ "10:00", "17:00" ] ], "Thu": [ [ "10:00", "17:00" ] ], "Fri": [ [ "10:00", "17:00" ] ], "Sat": [ [ "10:00", "13:00" ] ], "Sun": [ ] }, "CATEGORY_TAGS": "Photographer,Session Photography", "OPENED_ON": null, "CLOSED_ON": null, "TRACKING_CLOSED_SINCE": null, "GEOMETRY_TYPE": "POLYGON", "POLYGON_CLASS": "OWNED_POLYGON", "ENCLOSED": "False", "PHONE_NUMBER": 19155321311.0, "IS_SYNTHETIC": "False", "INCLUDES_PARKING_LOT": "False", "WKT_AREA_SQ_METERS": 216.0, "DOMAINS": [ "achillesphotography.com" ], "WEBSITE": null }, "geometry": { "type": "Polygon", "coordinates": [ [ [ -106.479947884999945, 31.77108207200007 ], [ -106.480095020999954, 31.770994354000038 ], [ -106.480163, 31.771076119000043 ], [ -106.480089431999943, 31.771119979000048 ], [ -106.48010885399998, 31.771143341000027 ], [ -106.480035285999975, 31.771187200000043 ], [ -106.479947884999945, 31.77108207200007 ] ] ] } },
{ "type": "Feature", "properties": { "PLACEKEY": "22c-224@8tf-p3j-jn5", "PARENT_PLACEKEY": null, "LOCATION_NAME": "IAM Real Estate", "BRANDS": null, "TOP_CATEGORY": "Offices of Real Estate Agents and Brokers", "SUB_CATEGORY": "Offices of Real Estate Agents and Brokers", "NAICS_CODE": 531210, "LATITUDE": 31.772556, "LONGITUDE": -106.477796, "STREET_ADDRESS": "1522 Montana Ave", "CITY": "El Paso", "REGION": "TX", "POSTAL_CODE": 79902, "OPEN_HOURS": null, "CATEGORY_TAGS": null, "OPENED_ON": null, "CLOSED_ON": null, "TRACKING_CLOSED_SINCE": null, "GEOMETRY_TYPE": "POLYGON", "POLYGON_CLASS": "SHARED_POLYGON", "ENCLOSED": "False", "PHONE_NUMBER": 19152681812.0, "IS_SYNTHETIC": "False", "INCLUDES_PARKING_LOT": "False", "WKT_AREA_SQ_METERS": 1077.0, "DOMAINS": [ "iamrealestate.co" ], "WEBSITE": "https://iamrealestate.co/" }, "geometry": { "type": "Polygon", "coordinates": [ [ [ -106.477640213999962, 31.772800278000034 ], [ -106.477396366999983, 31.772537252000063 ], [ -106.477560141999959, 31.772428381000054 ], [ -106.477591974999939, 31.772408941000037 ], [ -106.477670850999971, 31.772494023000036 ], [ -106.477626619999967, 31.772523427000067 ], [ -106.477640508999968, 31.772538409000049 ], [ -106.477706856999987, 31.77249430300003 ], [ -106.477692966999939, 31.772479321000048 ], [ -106.477737198999989, 31.772449917000074 ], [ -106.477768449999985, 31.772483626000053 ], [ -106.477812681999978, 31.772454223000068 ], [ -106.477916852999954, 31.772566588000075 ], [ -106.477801850999981, 31.77264303700008 ], [ -106.477732403999937, 31.772568127000056 ], [ -106.477719133999983, 31.77257694900004 ], [ -106.477818570999943, 31.772684206000065 ], [ -106.477640213999962, 31.772800278000034 ] ] ] } },
{ "type": "Feature", "properties": { "PLACEKEY": "22m-227@8tf-p3j-hnq", "PARENT_PLACEKEY": null, "LOCATION_NAME": "Blanc", "BRANDS": null, "TOP_CATEGORY": "Personal Care Services", "SUB_CATEGORY": "Nail Salons", "NAICS_CODE": 812113, "LATITUDE": 31.769881, "LONGITUDE": -106.482021, "STREET_ADDRESS": "1204 Montana Ave Ste E", "CITY": "El Paso", "REGION": "TX", "POSTAL_CODE": 79902, "OPEN_HOURS": { "Mon": [ [ "9:00", "17:00" ] ], "Tue": [ [ "9:00", "17:00" ] ], "Wed": [ [ "9:00", "17:00" ] ], "Thu": [ [ "9:00", "17:00" ] ], "Fri": [ [ "9:00", "17:00" ] ], "Sat": [ [ "9:00", "13:00" ] ], "Sun": [ ] }, "CATEGORY_TAGS": "Teeth Whitening", "OPENED_ON": null, "CLOSED_ON": null, "TRACKING_CLOSED_SINCE": null, "GEOMETRY_TYPE": "POLYGON", "POLYGON_CLASS": "SHARED_POLYGON", "ENCLOSED": "False", "PHONE_NUMBER": 19155257463.0, "IS_SYNTHETIC": "False", "INCLUDES_PARKING_LOT": "False", "WKT_AREA_SQ_METERS": 263.0, "DOMAINS": [ "blancsmilespa.com" ], "WEBSITE": null }, "geometry": { "type": "Polygon", "coordinates": [ [ [ -106.481873865999944, 31.769789334000052 ], [ -106.481984453999985, 31.769723831000078 ], [ -106.482110151999962, 31.76987600700005 ], [ -106.481999564999967, 31.76994151100007 ], [ -106.481873865999944, 31.769789334000052 ] ] ] } },
{ "type": "Feature", "properties": { "PLACEKEY": "22p-222@8tf-p3j-jvz", "PARENT_PLACEKEY": "22w-222@8tf-p3j-jvz", "LOCATION_NAME": "Health Matters Acupuncture", "BRANDS": null, "TOP_CATEGORY": "Offices of Other Health Practitioners", "SUB_CATEGORY": "Offices of All Other Miscellaneous Health Practitioners", "NAICS_CODE": 621399, "LATITUDE": 31.773796, "LONGITUDE": -106.476769, "STREET_ADDRESS": "1627 Montana Ave", "CITY": "El Paso", "REGION": "TX", "POSTAL_CODE": 79902, "OPEN_HOURS": null, "CATEGORY_TAGS": "Acupuncture", "OPENED_ON": null, "CLOSED_ON": null, "TRACKING_CLOSED_SINCE": null, "GEOMETRY_TYPE": "POLYGON", "POLYGON_CLASS": "SHARED_POLYGON", "ENCLOSED": "False", "PHONE_NUMBER": 19153294857.0, "IS_SYNTHETIC": "False", "INCLUDES_PARKING_LOT": "False", "WKT_AREA_SQ_METERS": 716.0, "DOMAINS": [ "healthmattersacupuncture.com" ], "WEBSITE": null }, "geometry": { "type": "Polygon", "coordinates": [ [ [ -106.476875930999938, 31.773747857000046 ], [ -106.476991399999974, 31.773875300000043 ], [ -106.476802339999949, 31.773998928000026 ], [ -106.476601337999966, 31.773775132000026 ], [ -106.476646097999947, 31.773746308000057 ], [ -106.476629077999974, 31.773727357000041 ], [ -106.476687266999988, 31.773689884000078 ], [ -106.476700881999989, 31.773705044000053 ], [ -106.476781450999965, 31.773653159000048 ], [ -106.476869957999952, 31.773751703000073 ], [ -106.476875930999938, 31.773747857000046 ] ] ] } },
{ "type": "Feature", "properties": { "PLACEKEY": "22j-223@8tf-p3j-kzz", "PARENT_PLACEKEY": null, "LOCATION_NAME": "Smith Johnston", "BRANDS": null, "TOP_CATEGORY": "Building Equipment Contractors", "SUB_CATEGORY": null, "NAICS_CODE": 2382, "LATITUDE": 31.768691, "LONGITUDE": -106.481927, "STREET_ADDRESS": "1120 E Yandell Dr", "CITY": "El Paso", "REGION": "TX", "POSTAL_CODE": 79902, "OPEN_HOURS": null, "CATEGORY_TAGS": null, "OPENED_ON": null, "CLOSED_ON": null, "TRACKING_CLOSED_SINCE": null, "GEOMETRY_TYPE": "POLYGON", "POLYGON_CLASS": "SHARED_POLYGON", "ENCLOSED": "False", "PHONE_NUMBER": 19155328014.0, "IS_SYNTHETIC": "False", "INCLUDES_PARKING_LOT": "False", "WKT_AREA_SQ_METERS": 1568.0, "DOMAINS": [ "sjcasaplumbing.com" ], "WEBSITE": null }, "geometry": { "type": "Polygon", "coordinates": [ [ [ -106.481746425999972, 31.768687822000061 ], [ -106.481762293999964, 31.768677730000036 ], [ -106.481738656999937, 31.768651077000072 ], [ -106.481954480999946, 31.768513823000035 ], [ -106.481930844999965, 31.768487170000071 ], [ -106.482093113999952, 31.768383974000074 ], [ -106.482322599999975, 31.768643500000053 ], [ -106.48214, 31.76876180000005 ], [ -106.481935099999987, 31.768892700000038 ], [ -106.481746425999972, 31.768687822000061 ] ] ] } },
{ "type": "Feature", "properties": { "PLACEKEY": "22b-224@8tf-p3j-5vf", "PARENT_PLACEKEY": null, "LOCATION_NAME": "LAW RHINOS Top Rated Lawyers Licensed in TX & NM", "BRANDS": null, "TOP_CATEGORY": "Legal Services", "SUB_CATEGORY": "Offices of Lawyers", "NAICS_CODE": 541110, "LATITUDE": 31.768755, "LONGITUDE": -106.48463, "STREET_ADDRESS": "1009 Montana Ave", "CITY": "El Paso", "REGION": "TX", "POSTAL_CODE": 79902, "OPEN_HOURS": { "Mon": [ [ "8:00", "17:00" ] ], "Tue": [ [ "8:00", "17:00" ] ], "Wed": [ [ "8:00", "17:00" ] ], "Thu": [ [ "8:00", "17:00" ] ], "Fri": [ [ "8:00", "17:00" ] ], "Sat": [ ], "Sun": [ ] }, "CATEGORY_TAGS": "Criminal Defense,Immigration Law,Personal Injury Law", "OPENED_ON": null, "CLOSED_ON": null, "TRACKING_CLOSED_SINCE": null, "GEOMETRY_TYPE": "POLYGON", "POLYGON_CLASS": "SHARED_POLYGON", "ENCLOSED": "False", "PHONE_NUMBER": 19158000691.0, "IS_SYNTHETIC": "False", "INCLUDES_PARKING_LOT": "False", "WKT_AREA_SQ_METERS": 250.0, "DOMAINS": [ "lawrhinos.net" ], "WEBSITE": "https://lawrhinos.net" }, "geometry": { "type": "Polygon", "coordinates": [ [ [ -106.484513783999944, 31.768709800000067 ], [ -106.484622679999973, 31.768642298000032 ], [ -106.484745568999983, 31.768784466000056 ], [ -106.484636672999954, 31.768851969000025 ], [ -106.484513783999944, 31.768709800000067 ] ] ] } },
{ "type": "Feature", "properties": { "PLACEKEY": "zzy-223@8tf-p3j-hdv", "PARENT_PLACEKEY": null, "LOCATION_NAME": "8 Signal Marketing Agency", "BRANDS": null, "TOP_CATEGORY": "Management, Scientific, and Technical Consulting Services", "SUB_CATEGORY": "Marketing Consulting Services", "NAICS_CODE": 541613, "LATITUDE": 31.771698, "LONGITUDE": -106.481748, "STREET_ADDRESS": "1305 E Rio Grande Ave Ste 1", "CITY": "El Paso", "REGION": "TX", "POSTAL_CODE": 79902, "OPEN_HOURS": { "Mon": [ [ "8:00", "17:00" ] ], "Tue": [ [ "8:00", "17:00" ] ], "Wed": [ [ "8:00", "17:00" ] ], "Thu": [ [ "8:00", "17:00" ] ], "Fri": [ [ "8:00", "17:00" ] ], "Sat": [ ], "Sun": [ ] }, "CATEGORY_TAGS": null, "OPENED_ON": null, "CLOSED_ON": null, "TRACKING_CLOSED_SINCE": null, "GEOMETRY_TYPE": "POLYGON", "POLYGON_CLASS": "OWNED_POLYGON", "ENCLOSED": "False", "PHONE_NUMBER": 19155851919.0, "IS_SYNTHETIC": "False", "INCLUDES_PARKING_LOT": "False", "WKT_AREA_SQ_METERS": 203.0, "DOMAINS": [ "8signal.com" ], "WEBSITE": null }, "geometry": { "type": "Polygon", "coordinates": [ [ [ -106.481641667999952, 31.771658918000071 ], [ -106.481731182999965, 31.771601263000036 ], [ -106.481853736999938, 31.771737705000078 ], [ -106.481764221999981, 31.771795360000056 ], [ -106.481641667999952, 31.771658918000071 ] ] ] } },
{ "type": "Feature", "properties": { "PLACEKEY": "226-227@8tf-p3j-jn5", "PARENT_PLACEKEY": "226-222@8tf-p3j-jn5", "LOCATION_NAME": "Terry Brabo Lpc", "BRANDS": null, "TOP_CATEGORY": "Offices of Physicians", "SUB_CATEGORY": "Offices of Physicians, Mental Health Specialists", "NAICS_CODE": 621112, "LATITUDE": 31.773, "LONGITUDE": -106.476816, "STREET_ADDRESS": "1600 Montana Ave", "CITY": "El Paso", "REGION": "TX", "POSTAL_CODE": 79902, "OPEN_HOURS": null, "CATEGORY_TAGS": null, "OPENED_ON": null, "CLOSED_ON": null, "TRACKING_CLOSED_SINCE": null, "GEOMETRY_TYPE": "POLYGON", "POLYGON_CLASS": "SHARED_POLYGON", "ENCLOSED": "False", "PHONE_NUMBER": 19158873410.0, "IS_SYNTHETIC": "False", "INCLUDES_PARKING_LOT": "False", "WKT_AREA_SQ_METERS": 1317.0, "DOMAINS": [ ], "WEBSITE": null }, "geometry": { "type": "Polygon", "coordinates": [ [ [ -106.476783027999943, 31.773188924000067 ], [ -106.476647432999982, 31.77303102500008 ], [ -106.47672474999996, 31.772983417000034 ], [ -106.476708213999984, 31.772964161000061 ], [ -106.47673550199994, 31.772947358000067 ], [ -106.47674872999994, 31.772962763000066 ], [ -106.477098927999975, 31.77274712600007 ], [ -106.47723121599995, 31.772901174000026 ], [ -106.477099323999937, 31.77298238700007 ], [ -106.477148930999988, 31.773040156000036 ], [ -106.47696246299995, 31.773154975000068 ], [ -106.476919468999938, 31.773104910000029 ], [ -106.476783027999943, 31.773188924000067 ] ] ] } },
{ "type": "Feature", "properties": { "PLACEKEY": "223-222@8tf-p3j-ht9", "PARENT_PLACEKEY": null, "LOCATION_NAME": "Centro de Salud Familiar La Fe Inc", "BRANDS": null, "TOP_CATEGORY": "Nursing Care Facilities (Skilled Nursing Facilities)", "SUB_CATEGORY": "Nursing Care Facilities (Skilled Nursing Facilities)", "NAICS_CODE": 623110, "LATITUDE": 31.770095, "LONGITUDE": -106.479833, "STREET_ADDRESS": "1314 E Yandell Dr", "CITY": "El Paso", "REGION": "TX", "POSTAL_CODE": 79902, "OPEN_HOURS": null, "CATEGORY_TAGS": null, "OPENED_ON": null, "CLOSED_ON": null, "TRACKING_CLOSED_SINCE": null, "GEOMETRY_TYPE": "POLYGON", "POLYGON_CLASS": "OWNED_POLYGON", "ENCLOSED": "False", "PHONE_NUMBER": 19155347979.0, "IS_SYNTHETIC": "False", "INCLUDES_PARKING_LOT": "False", "WKT_AREA_SQ_METERS": 868.0, "DOMAINS": [ "lafe-ep.org" ], "WEBSITE": null }, "geometry": { "type": "Polygon", "coordinates": [ [ [ -106.47979453399995, 31.770264049000048 ], [ -106.479573094999978, 31.770039719000067 ], [ -106.479758611999955, 31.76990839900003 ], [ -106.479928112999971, 31.770080112000073 ], [ -106.479984198999944, 31.770040410000036 ], [ -106.480052721, 31.770109826000066 ], [ -106.47981111699994, 31.770280848000027 ], [ -106.47979453399995, 31.770264049000048 ] ] ] } },
{ "type": "Feature", "properties": { "PLACEKEY": "226-223@8tf-p3j-5pv", "PARENT_PLACEKEY": null, "LOCATION_NAME": "Oscar Ornelas Pc", "BRANDS": null, "TOP_CATEGORY": "Accounting, Tax Preparation, Bookkeeping, and Payroll Services", "SUB_CATEGORY": "Offices of Certified Public Accountants", "NAICS_CODE": 541211, "LATITUDE": 31.769567, "LONGITUDE": -106.48337, "STREET_ADDRESS": "1111 Montana Ave", "CITY": "El Paso", "REGION": "TX", "POSTAL_CODE": 79902, "OPEN_HOURS": { "Mon": [ [ "8:00", "17:00" ] ], "Tue": [ [ "8:00", "17:00" ] ], "Wed": [ [ "8:00", "17:00" ] ], "Thu": [ [ "8:00", "17:00" ] ], "Fri": [ [ "8:00", "17:00" ] ], "Sat": [ ], "Sun": [ ] }, "CATEGORY_TAGS": null, "OPENED_ON": null, "CLOSED_ON": null, "TRACKING_CLOSED_SINCE": null, "GEOMETRY_TYPE": "POLYGON", "POLYGON_CLASS": "SHARED_POLYGON", "ENCLOSED": "False", "PHONE_NUMBER": 19155421693.0, "IS_SYNTHETIC": "False", "INCLUDES_PARKING_LOT": "False", "WKT_AREA_SQ_METERS": 413.0, "DOMAINS": [ "cpa-oojr.com" ], "WEBSITE": null }, "geometry": { "type": "Polygon", "coordinates": [ [ [ -106.483562243999984, 31.769642077000071 ], [ -106.483553568, 31.769631367000045 ], [ -106.483511832999966, 31.769655607000061 ], [ -106.483438680999939, 31.76956528900007 ], [ -106.483345936999967, 31.769619157000079 ], [ -106.48324415999997, 31.769493496000052 ], [ -106.483378636999987, 31.769415388000027 ], [ -106.483502679999958, 31.769568537000055 ], [ -106.483544412999947, 31.769544296000049 ], [ -106.483569857999953, 31.769575712000062 ], [ -106.483620866999956, 31.769546084000069 ], [ -106.483662214999981, 31.769597133000048 ], [ -106.483569470999953, 31.769651001000057 ], [ -106.483562243999984, 31.769642077000071 ] ] ] } },
{ "type": "Feature", "properties": { "PLACEKEY": "zzy-225@8tf-p3f-k9f", "PARENT_PLACEKEY": "22b-226@8tf-p3j-m6k", "LOCATION_NAME": "Lara Creative", "BRANDS": null, "TOP_CATEGORY": "Management, Scientific, and Technical Consulting Services", "SUB_CATEGORY": "Marketing Consulting Services", "NAICS_CODE": 541613, "LATITUDE": 31.769419, "LONGITUDE": -106.481015, "STREET_ADDRESS": "1218 W Yandell Dr Ste 207", "CITY": "El Paso", "REGION": "TX", "POSTAL_CODE": 79902, "OPEN_HOURS": { "Mon": [ [ "8:30", "18:00" ] ], "Tue": [ [ "8:30", "18:00" ] ], "Wed": [ [ "8:30", "18:00" ] ], "Thu": [ [ "8:30", "18:00" ] ], "Fri": [ [ "8:30", "18:00" ] ], "Sat": [ ], "Sun": [ ] }, "CATEGORY_TAGS": null, "OPENED_ON": null, "CLOSED_ON": null, "TRACKING_CLOSED_SINCE": null, "GEOMETRY_TYPE": "POLYGON", "POLYGON_CLASS": "SHARED_POLYGON", "ENCLOSED": "False", "PHONE_NUMBER": 19155449800.0, "IS_SYNTHETIC": "False", "INCLUDES_PARKING_LOT": "False", "WKT_AREA_SQ_METERS": 235.0, "DOMAINS": [ ], "WEBSITE": null }, "geometry": { "type": "Polygon", "coordinates": [ [ [ -106.48096499199994, 31.769242124000073 ], [ -106.480968705999942, 31.769239967000033 ], [ -106.481089561999966, 31.769389192000062 ], [ -106.48098754199998, 31.769448444000034 ], [ -106.480866685999956, 31.769299219000061 ], [ -106.48096499199994, 31.769242124000073 ] ] ] } },
{ "type": "Feature", "properties": { "PLACEKEY": "22c-222@8tf-p3j-kzz", "PARENT_PLACEKEY": null, "LOCATION_NAME": "Frank X Spencer Associates", "BRANDS": null, "TOP_CATEGORY": "Activities Related to Real Estate", "SUB_CATEGORY": "Residential Property Managers", "NAICS_CODE": 531311, "LATITUDE": 31.769466, "LONGITUDE": -106.482518, "STREET_ADDRESS": "1130 Montana Ave", "CITY": "El Paso", "REGION": "TX", "POSTAL_CODE": 79902, "OPEN_HOURS": { "Mon": [ [ "8:00", "18:00" ] ], "Tue": [ [ "8:00", "18:00" ] ], "Wed": [ [ "8:00", "18:00" ] ], "Thu": [ [ "8:00", "18:00" ] ], "Fri": [ [ "8:00", "12:00" ] ], "Sat": [ ], "Sun": [ ] }, "CATEGORY_TAGS": null, "OPENED_ON": null, "CLOSED_ON": null, "TRACKING_CLOSED_SINCE": null, "GEOMETRY_TYPE": "POLYGON", "POLYGON_CLASS": "SHARED_POLYGON", "ENCLOSED": "False", "PHONE_NUMBER": 19155334600.0, "IS_SYNTHETIC": "False", "INCLUDES_PARKING_LOT": "False", "WKT_AREA_SQ_METERS": 365.0, "DOMAINS": [ "fxsa.com" ], "WEBSITE": "http://www.fxsa.com" }, "geometry": { "type": "Polygon", "coordinates": [ [ [ -106.482385439999973, 31.769447592000063 ], [ -106.482515833999969, 31.769364668000037 ], [ -106.482644147999963, 31.76950935800005 ], [ -106.482482278999953, 31.769612299000073 ], [ -106.48238773199995, 31.76950568500007 ], [ -106.482419206999964, 31.769485668000073 ], [ -106.482385439999973, 31.769447592000063 ] ] ] } },
{ "type": "Feature", "properties": { "PLACEKEY": "22y-222@8tf-p3j-hdv", "PARENT_PLACEKEY": null, "LOCATION_NAME": "Paso Del Norte Civil Rights Project", "BRANDS": null, "TOP_CATEGORY": "Legal Services", "SUB_CATEGORY": "Offices of Lawyers", "NAICS_CODE": 541110, "LATITUDE": 31.77206, "LONGITUDE": -106.481239, "STREET_ADDRESS": "1317 E Rio Grande Ave", "CITY": "El Paso", "REGION": "TX", "POSTAL_CODE": 79902, "OPEN_HOURS": null, "CATEGORY_TAGS": null, "OPENED_ON": null, "CLOSED_ON": null, "TRACKING_CLOSED_SINCE": null, "GEOMETRY_TYPE": "POLYGON", "POLYGON_CLASS": "OWNED_POLYGON", "ENCLOSED": "False", "PHONE_NUMBER": 19155323799.0, "IS_SYNTHETIC": "False", "INCLUDES_PARKING_LOT": "False", "WKT_AREA_SQ_METERS": 278.0, "DOMAINS": [ "texascivilrightsproject.org" ], "WEBSITE": null }, "geometry": { "type": "Polygon", "coordinates": [ [ [ -106.481203724999943, 31.771948169000041 ], [ -106.481213328999957, 31.771942178000074 ], [ -106.481363413999986, 31.772114699000042 ], [ -106.481263809999973, 31.772176832000071 ], [ -106.481113724999943, 31.772004310000057 ], [ -106.481203724999943, 31.771948169000041 ] ] ] } },
{ "type": "Feature", "properties": { "PLACEKEY": "zzy-222@8tf-p3h-fzz", "PARENT_PLACEKEY": null, "LOCATION_NAME": "Sun Metro 1140 River Noble", "BRANDS": null, "TOP_CATEGORY": "Urban Transit Systems", "SUB_CATEGORY": "Bus and Other Motor Vehicle Transit Systems", "NAICS_CODE": 485113, "LATITUDE": 31.773705, "LONGITUDE": -106.485143, "STREET_ADDRESS": "1140 E River Ave", "CITY": "El Paso", "REGION": "TX", "POSTAL_CODE": 79902, "OPEN_HOURS": null, "CATEGORY_TAGS": "Bus Station,Buses", "OPENED_ON": null, "CLOSED_ON": null, "TRACKING_CLOSED_SINCE": null, "GEOMETRY_TYPE": "POINT", "POLYGON_CLASS": null, "ENCLOSED": null, "PHONE_NUMBER": null, "IS_SYNTHETIC": null, "INCLUDES_PARKING_LOT": null, "WKT_AREA_SQ_METERS": null, "DOMAINS": [ ], "WEBSITE": null }, "geometry": { "type": "Polygon", "coordinates": [ [ [ -106.485113, 31.773705 ], [ -106.485113144458197, 31.773702059485789 ], [ -106.485113576441577, 31.773699147290341 ], [ -106.485114291789927, 31.773696291459682 ], [ -106.485115283614022, 31.77369351949703 ], [ -106.485116542362064, 31.773690858097893 ], [ -106.485118055911627, 31.773688332893009 ], [ -106.485119809686395, 31.773685968201473 ], [ -106.485121786796554, 31.773683786796564 ], [ -106.485123968201464, 31.773681809686398 ], [ -106.485126332893003, 31.77368005591163 ], [ -106.485128858097895, 31.77367854236207 ], [ -106.485131519497017, 31.773677283614024 ], [ -106.485134291459673, 31.773676291789929 ], [ -106.485137147290331, 31.773675576441587 ], [ -106.485140059485786, 31.773675144458199 ], [ -106.485143, 31.773675 ], [ -106.485145940514201, 31.773675144458199 ], [ -106.485148852709656, 31.773675576441587 ], [ -106.485151708540315, 31.773676291789929 ], [ -106.48515448050297, 31.773677283614024 ], [ -106.485157141902093, 31.77367854236207 ], [ -106.485159667106984, 31.77368005591163 ], [ -106.485162031798524, 31.773681809686398 ], [ -106.485164213203433, 31.773683786796564 ], [ -106.485166190313592, 31.773685968201473 ], [ -106.48516794408836, 31.773688332893009 ], [ -106.485169457637923, 31.773690858097893 ], [ -106.485170716385966, 31.77369351949703 ], [ -106.485171708210061, 31.773696291459682 ], [ -106.48517242355841, 31.773699147290341 ], [ -106.485172855541791, 31.773702059485789 ], [ -106.485173, 31.773705 ], [ -106.485172855541791, 31.77370794051421 ], [ -106.48517242355841, 31.773710852709659 ], [ -106.485171708210061, 31.773713708540317 ], [ -106.485170716385966, 31.773716480502969 ], [ -106.485169457637923, 31.773719141902106 ], [ -106.48516794408836, 31.77372166710699 ], [ -106.485166190313592, 31.773724031798526 ], [ -106.485164213203433, 31.773726213203435 ], [ -106.485162031798524, 31.773728190313602 ], [ -106.485159667106984, 31.77372994408837 ], [ -106.485157141902093, 31.773731457637929 ], [ -106.48515448050297, 31.773732716385975 ], [ -106.485151708540315, 31.77373370821007 ], [ -106.485148852709656, 31.773734423558412 ], [ -106.485145940514201, 31.7737348555418 ], [ -106.485143, 31.773735 ], [ -106.485140059485786, 31.7737348555418 ], [ -106.485137147290331, 31.773734423558412 ], [ -106.485134291459673, 31.77373370821007 ], [ -106.485131519497017, 31.773732716385975 ], [ -106.485128858097895, 31.773731457637929 ], [ -106.485126332893003, 31.77372994408837 ], [ -106.485123968201464, 31.773728190313602 ], [ -106.485121786796554, 31.773726213203435 ], [ -106.485119809686395, 31.773724031798526 ], [ -106.485118055911627, 31.77372166710699 ], [ -106.485116542362064, 31.773719141902106 ], [ -106.485115283614022, 31.773716480502969 ], [ -106.485114291789927, 31.773713708540317 ], [ -106.485113576441577, 31.773710852709659 ], [ -106.485113144458197, 31.77370794051421 ], [ -106.485113, 31.773705 ] ] ] } },
{ "type": "Feature", "properties": { "PLACEKEY": "224-223@8tf-p3j-5zz", "PARENT_PLACEKEY": null, "LOCATION_NAME": "Phillips & Baca PC", "BRANDS": null, "TOP_CATEGORY": "Accounting, Tax Preparation, Bookkeeping, and Payroll Services", "SUB_CATEGORY": "Offices of Certified Public Accountants", "NAICS_CODE": 541211, "LATITUDE": 31.769002, "LONGITUDE": -106.483225, "STREET_ADDRESS": "1100 Montana Ave", "CITY": "El Paso", "REGION": "TX", "POSTAL_CODE": 79902, "OPEN_HOURS": { "Mon": [ [ "9:00", "17:00" ] ], "Tue": [ [ "9:00", "17:00" ] ], "Wed": [ [ "9:00", "17:00" ] ], "Thu": [ [ "9:00", "17:00" ] ], "Fri": [ [ "9:00", "17:00" ] ], "Sat": [ ], "Sun": [ ] }, "CATEGORY_TAGS": "Accountants", "OPENED_ON": null, "CLOSED_ON": null, "TRACKING_CLOSED_SINCE": null, "GEOMETRY_TYPE": "POLYGON", "POLYGON_CLASS": "SHARED_POLYGON", "ENCLOSED": "False", "PHONE_NUMBER": 19158452188.0, "IS_SYNTHETIC": "False", "INCLUDES_PARKING_LOT": "False", "WKT_AREA_SQ_METERS": 898.0, "DOMAINS": [ "phillipsandbaca.com" ], "WEBSITE": null }, "geometry": { "type": "Polygon", "coordinates": [ [ [ -106.482981904999974, 31.768995542000027 ], [ -106.483232533999967, 31.768834106000043 ], [ -106.483426574999953, 31.769050136000033 ], [ -106.48317594699995, 31.769211573000064 ], [ -106.482981904999974, 31.768995542000027 ] ] ] } },
{ "type": "Feature", "properties": { "PLACEKEY": "226-222@8tf-p3j-jd9", "PARENT_PLACEKEY": null, "LOCATION_NAME": "Best Iron Works", "BRANDS": null, "TOP_CATEGORY": "Other Miscellaneous Manufacturing", "SUB_CATEGORY": null, "NAICS_CODE": 3399, "LATITUDE": 31.771075, "LONGITUDE": -106.475668, "STREET_ADDRESS": "1601 E Missouri Ave", "CITY": "El Paso", "REGION": "TX", "POSTAL_CODE": 79902, "OPEN_HOURS": { "Mon": [ [ "8:00", "17:00" ] ], "Tue": [ [ "8:00", "17:00" ] ], "Wed": [ [ "8:00", "17:00" ] ], "Thu": [ [ "8:00", "17:00" ] ], "Fri": [ [ "8:00", "17:00" ] ], "Sat": [ [ "8:00", "12:00" ] ], "Sun": [ ] }, "CATEGORY_TAGS": null, "OPENED_ON": null, "CLOSED_ON": null, "TRACKING_CLOSED_SINCE": null, "GEOMETRY_TYPE": "POLYGON", "POLYGON_CLASS": "OWNED_POLYGON", "ENCLOSED": "False", "PHONE_NUMBER": 19155338405.0, "IS_SYNTHETIC": "False", "INCLUDES_PARKING_LOT": "False", "WKT_AREA_SQ_METERS": 643.0, "DOMAINS": [ "bestironworkselpaso.com" ], "WEBSITE": null }, "geometry": { "type": "Polygon", "coordinates": [ [ [ -106.475771673999986, 31.771245958000065 ], [ -106.475643675999947, 31.771094959000038 ], [ -106.475607129999958, 31.77111717300005 ], [ -106.475623526, 31.771136515000023 ], [ -106.475586981, 31.771158729000035 ], [ -106.47549844599996, 31.771054284000058 ], [ -106.475562398999955, 31.771015409000029 ], [ -106.475539445999971, 31.77098833000008 ], [ -106.475676490999945, 31.770905027000026 ], [ -106.475893550999956, 31.771161094000036 ], [ -106.475771673999986, 31.771245958000065 ] ] ] } },
{ "type": "Feature", "properties": { "PLACEKEY": "229-222@8tf-p3j-k4v", "PARENT_PLACEKEY": null, "LOCATION_NAME": "A6 Tech Nuvo Concepts", "BRANDS": null, "TOP_CATEGORY": "Restaurants and Other Eating Places", "SUB_CATEGORY": null, "NAICS_CODE": 7225, "LATITUDE": 31.771534, "LONGITUDE": -106.475843, "STREET_ADDRESS": "1608 Wyoming Ave", "CITY": "El Paso", "REGION": "TX", "POSTAL_CODE": 79902, "OPEN_HOURS": { "Mon": [ [ "6:00", "22:00" ] ], "Tue": [ [ "6:00", "22:00" ] ], "Wed": [ [ "6:00", "22:00" ] ], "Thu": [ [ "6:00", "22:00" ] ], "Fri": [ [ "6:00", "22:00" ] ], "Sat": [ [ "6:00", "22:00" ] ], "Sun": [ [ "8:00", "20:00" ] ] }, "CATEGORY_TAGS": null, "OPENED_ON": null, "CLOSED_ON": null, "TRACKING_CLOSED_SINCE": null, "GEOMETRY_TYPE": "POLYGON", "POLYGON_CLASS": "OWNED_POLYGON", "ENCLOSED": "False", "PHONE_NUMBER": 19156033106.0, "IS_SYNTHETIC": "False", "INCLUDES_PARKING_LOT": "False", "WKT_AREA_SQ_METERS": 162.0, "DOMAINS": [ "homedepot.com" ], "WEBSITE": null }, "geometry": { "type": "Polygon", "coordinates": [ [ [ -106.475751017999983, 31.771493692000035 ], [ -106.475835703999962, 31.771446746000038 ], [ -106.475934261999953, 31.77157423400007 ], [ -106.475849576999963, 31.771621179000078 ], [ -106.475751017999983, 31.771493692000035 ] ] ] } },
{ "type": "Feature", "properties": { "PLACEKEY": "223-222@8tf-p3j-87q", "PARENT_PLACEKEY": null, "LOCATION_NAME": "Proper Printshop", "BRANDS": null, "TOP_CATEGORY": "Specialized Design Services", "SUB_CATEGORY": "Graphic Design Services", "NAICS_CODE": 541430, "LATITUDE": 31.768692, "LONGITUDE": -106.481902, "STREET_ADDRESS": "1120 E Yandell Dr", "CITY": "El Paso", "REGION": "TX", "POSTAL_CODE": 79902, "OPEN_HOURS": { "Mon": [ [ "10:00", "18:00" ] ], "Tue": [ [ "10:00", "18:00" ] ], "Wed": [ [ "10:00", "18:00" ] ], "Thu": [ [ "10:00", "18:00" ] ], "Fri": [ [ "10:00", "18:00" ] ], "Sat": [ [ "11:00", "15:00" ] ], "Sun": [ ] }, "CATEGORY_TAGS": null, "OPENED_ON": null, "CLOSED_ON": null, "TRACKING_CLOSED_SINCE": null, "GEOMETRY_TYPE": "POLYGON", "POLYGON_CLASS": "SHARED_POLYGON", "ENCLOSED": "False", "PHONE_NUMBER": 19158878351.0, "IS_SYNTHETIC": "False", "INCLUDES_PARKING_LOT": "False", "WKT_AREA_SQ_METERS": 1568.0, "DOMAINS": [ "theproperprintshop.com", "properprintshop.com" ], "WEBSITE": null }, "geometry": { "type": "Polygon", "coordinates": [ [ [ -106.481746425999972, 31.768687822000061 ], [ -106.481762293999964, 31.768677730000036 ], [ -106.481738656999937, 31.768651077000072 ], [ -106.481954480999946, 31.768513823000035 ], [ -106.481930844999965, 31.768487170000071 ], [ -106.482093113999952, 31.768383974000074 ], [ -106.482322599999975, 31.768643500000053 ], [ -106.48214, 31.76876180000005 ], [ -106.481935099999987, 31.768892700000038 ], [ -106.481746425999972, 31.768687822000061 ] ] ] } },
{ "type": "Feature", "properties": { "PLACEKEY": "zzy-223@8tf-p3j-jy9", "PARENT_PLACEKEY": null, "LOCATION_NAME": "Sun Metro Yandell Langtry", "BRANDS": null, "TOP_CATEGORY": "Urban Transit Systems", "SUB_CATEGORY": "Bus and Other Motor Vehicle Transit Systems", "NAICS_CODE": 485113, "LATITUDE": 31.77138, "LONGITUDE": -106.478413, "STREET_ADDRESS": "Sun Metro Yandell Langtry", "CITY": "El Paso", "REGION": "TX", "POSTAL_CODE": 79902, "OPEN_HOURS": null, "CATEGORY_TAGS": "Bus Station,Buses", "OPENED_ON": null, "CLOSED_ON": null, "TRACKING_CLOSED_SINCE": null, "GEOMETRY_TYPE": "POINT", "POLYGON_CLASS": null, "ENCLOSED": null, "PHONE_NUMBER": null, "IS_SYNTHETIC": null, "INCLUDES_PARKING_LOT": null, "WKT_AREA_SQ_METERS": null, "DOMAINS": [ ], "WEBSITE": null }, "geometry": { "type": "Polygon", "coordinates": [ [ [ -106.478383, 31.77138 ], [ -106.478383144458206, 31.77137705948579 ], [ -106.478383576441587, 31.771374147290341 ], [ -106.478384291789936, 31.771371291459683 ], [ -106.478385283614031, 31.771368519497031 ], [ -106.478386542362074, 31.771365858097894 ], [ -106.478388055911637, 31.77136333289301 ], [ -106.478389809686405, 31.771360968201474 ], [ -106.478391786796564, 31.771358786796565 ], [ -106.478393968201473, 31.771356809686399 ], [ -106.478396332893013, 31.771355055911631 ], [ -106.478398858097904, 31.771353542362071 ], [ -106.478401519497027, 31.771352283614025 ], [ -106.478404291459682, 31.77135129178993 ], [ -106.478407147290341, 31.771350576441588 ], [ -106.478410059485796, 31.7713501444582 ], [ -106.478413, 31.77135 ], [ -106.478415940514211, 31.7713501444582 ], [ -106.478418852709666, 31.771350576441588 ], [ -106.478421708540324, 31.77135129178993 ], [ -106.47842448050298, 31.771352283614025 ], [ -106.478427141902102, 31.771353542362071 ], [ -106.478429667106994, 31.771355055911631 ], [ -106.478432031798533, 31.771356809686399 ], [ -106.478434213203442, 31.771358786796565 ], [ -106.478436190313602, 31.771360968201474 ], [ -106.47843794408837, 31.77136333289301 ], [ -106.478439457637933, 31.771365858097894 ], [ -106.478440716385975, 31.771368519497031 ], [ -106.47844170821007, 31.771371291459683 ], [ -106.47844242355842, 31.771374147290341 ], [ -106.4784428555418, 31.77137705948579 ], [ -106.478443, 31.77138 ], [ -106.4784428555418, 31.771382940514211 ], [ -106.47844242355842, 31.77138585270966 ], [ -106.47844170821007, 31.771388708540318 ], [ -106.478440716385975, 31.77139148050297 ], [ -106.478439457637933, 31.771394141902107 ], [ -106.47843794408837, 31.771396667106991 ], [ -106.478436190313602, 31.771399031798527 ], [ -106.478434213203442, 31.771401213203436 ], [ -106.478432031798533, 31.771403190313602 ], [ -106.478429667106994, 31.771404944088371 ], [ -106.478427141902102, 31.77140645763793 ], [ -106.47842448050298, 31.771407716385976 ], [ -106.478421708540324, 31.771408708210071 ], [ -106.478418852709666, 31.771409423558413 ], [ -106.478415940514211, 31.771409855541801 ], [ -106.478413, 31.77141 ], [ -106.478410059485796, 31.771409855541801 ], [ -106.478407147290341, 31.771409423558413 ], [ -106.478404291459682, 31.771408708210071 ], [ -106.478401519497027, 31.771407716385976 ], [ -106.478398858097904, 31.77140645763793 ], [ -106.478396332893013, 31.771404944088371 ], [ -106.478393968201473, 31.771403190313602 ], [ -106.478391786796564, 31.771401213203436 ], [ -106.478389809686405, 31.771399031798527 ], [ -106.478388055911637, 31.771396667106991 ], [ -106.478386542362074, 31.771394141902107 ], [ -106.478385283614031, 31.77139148050297 ], [ -106.478384291789936, 31.771388708540318 ], [ -106.478383576441587, 31.77138585270966 ], [ -106.478383144458206, 31.771382940514211 ], [ -106.478383, 31.77138 ] ] ] } },
{ "type": "Feature", "properties": { "PLACEKEY": "227-223@8tf-p3j-kzz", "PARENT_PLACEKEY": null, "LOCATION_NAME": "Salas Gonzalo Cpa", "BRANDS": null, "TOP_CATEGORY": "Accounting, Tax Preparation, Bookkeeping, and Payroll Services", "SUB_CATEGORY": "Offices of Certified Public Accountants", "NAICS_CODE": 541211, "LATITUDE": 31.769201, "LONGITUDE": -106.48299, "STREET_ADDRESS": "1112 Montana Ave", "CITY": "El Paso", "REGION": "TX", "POSTAL_CODE": 79902, "OPEN_HOURS": { "Mon": [ [ "8:00", "17:00" ] ], "Tue": [ [ "8:00", "17:00" ] ], "Wed": [ [ "8:00", "17:00" ] ], "Thu": [ [ "8:00", "17:00" ] ], "Fri": [ [ "8:00", "17:00" ] ], "Sat": [ ], "Sun": [ ] }, "CATEGORY_TAGS": "Accountants", "OPENED_ON": null, "CLOSED_ON": null, "TRACKING_CLOSED_SINCE": null, "GEOMETRY_TYPE": "POLYGON", "POLYGON_CLASS": "SHARED_POLYGON", "ENCLOSED": "False", "PHONE_NUMBER": 19155332100.0, "IS_SYNTHETIC": "False", "INCLUDES_PARKING_LOT": "False", "WKT_AREA_SQ_METERS": 217.0, "DOMAINS": [ "gsalascpa.com" ], "WEBSITE": null }, "geometry": { "type": "Polygon", "coordinates": [ [ [ -106.482897484999967, 31.769134436000058 ], [ -106.48300014299997, 31.769075979000036 ], [ -106.483109961999958, 31.769214283000053 ], [ -106.483007306, 31.76927273900003 ], [ -106.482897484999967, 31.769134436000058 ] ] ] } },
{ "type": "Feature", "properties": { "PLACEKEY": "22g-224@8tf-p3j-hbk", "PARENT_PLACEKEY": null, "LOCATION_NAME": "Lovebabies Peacebabies Birth Services", "BRANDS": null, "TOP_CATEGORY": "Individual and Family Services", "SUB_CATEGORY": "Other Individual and Family Services", "NAICS_CODE": 624190, "LATITUDE": 31.771461, "LONGITUDE": -106.481098, "STREET_ADDRESS": "1312 E Rio Grande Ave", "CITY": "El Paso", "REGION": "TX", "POSTAL_CODE": 79902, "OPEN_HOURS": null, "CATEGORY_TAGS": null, "OPENED_ON": null, "CLOSED_ON": null, "TRACKING_CLOSED_SINCE": null, "GEOMETRY_TYPE": "POLYGON", "POLYGON_CLASS": null, "ENCLOSED": "False", "PHONE_NUMBER": 19154331113.0, "IS_SYNTHETIC": "False", "INCLUDES_PARKING_LOT": "False", "WKT_AREA_SQ_METERS": 336.0, "DOMAINS": [ "lovebabiespeacebabies.com" ], "WEBSITE": null }, "geometry": { "type": "Polygon", "coordinates": [ [ [ -106.481189871999959, 31.771590488000072 ], [ -106.481083076999937, 31.771505934000061 ], [ -106.481067715999984, 31.771519846000047 ], [ -106.480969133999963, 31.771441796000033 ], [ -106.481068986999958, 31.771351361000029 ], [ -106.481274362999955, 31.771513967000033 ], [ -106.481189871999959, 31.771590488000072 ] ] ] } },
{ "type": "Feature", "properties": { "PLACEKEY": "228-222@8tf-p3j-jy9", "PARENT_PLACEKEY": null, "LOCATION_NAME": "The Law Offices of Carlos Spector", "BRANDS": null, "TOP_CATEGORY": "Legal Services", "SUB_CATEGORY": "Offices of Lawyers", "NAICS_CODE": 541110, "LATITUDE": 31.77117, "LONGITUDE": -106.478254, "STREET_ADDRESS": "1430 E Yandell Dr", "CITY": "El Paso", "REGION": "TX", "POSTAL_CODE": 79902, "OPEN_HOURS": { "Mon": [ [ "8:00", "17:00" ] ], "Tue": [ [ "8:00", "17:00" ] ], "Wed": [ [ "8:00", "17:00" ] ], "Thu": [ [ "8:00", "17:00" ] ], "Fri": [ [ "8:00", "17:00" ] ], "Sat": [ ], "Sun": [ ] }, "CATEGORY_TAGS": "Immigration Law", "OPENED_ON": null, "CLOSED_ON": null, "TRACKING_CLOSED_SINCE": null, "GEOMETRY_TYPE": "POLYGON", "POLYGON_CLASS": "SHARED_POLYGON", "ENCLOSED": "False", "PHONE_NUMBER": 19155440441.0, "IS_SYNTHETIC": "False", "INCLUDES_PARKING_LOT": "False", "WKT_AREA_SQ_METERS": 202.0, "DOMAINS": [ ], "WEBSITE": null }, "geometry": { "type": "Polygon", "coordinates": [ [ [ -106.478157949999968, 31.771199821000039 ], [ -106.478373287999943, 31.771062015000041 ], [ -106.478420752999966, 31.771115200000054 ], [ -106.478384863999963, 31.77113816800005 ], [ -106.478367911999953, 31.771119173000045 ], [ -106.478345480999963, 31.771133528000064 ], [ -106.478369212999951, 31.771160121000037 ], [ -106.478212194999969, 31.771260604000076 ], [ -106.478157949999968, 31.771199821000039 ] ] ] } },
{ "type": "Feature", "properties": { "PLACEKEY": "228-22b@8tf-p3j-hh5", "PARENT_PLACEKEY": "228-222@8tf-p3j-hh5", "LOCATION_NAME": "Vanessa Gonzalez Lpc", "BRANDS": null, "TOP_CATEGORY": "Offices of Physicians", "SUB_CATEGORY": "Offices of Physicians, Mental Health Specialists", "NAICS_CODE": 621112, "LATITUDE": 31.771647, "LONGITUDE": -106.479219, "STREET_ADDRESS": "1418 Montana Ave", "CITY": "El Paso", "REGION": "TX", "POSTAL_CODE": 79902, "OPEN_HOURS": null, "CATEGORY_TAGS": null, "OPENED_ON": null, "CLOSED_ON": null, "TRACKING_CLOSED_SINCE": null, "GEOMETRY_TYPE": "POLYGON", "POLYGON_CLASS": "SHARED_POLYGON", "ENCLOSED": "False", "PHONE_NUMBER": 19153514431.0, "IS_SYNTHETIC": "False", "INCLUDES_PARKING_LOT": "False", "WKT_AREA_SQ_METERS": 217.0, "DOMAINS": [ ], "WEBSITE": null }, "geometry": { "type": "Polygon", "coordinates": [ [ [ -106.479074608999952, 31.771574753000039 ], [ -106.479177272999948, 31.771516301000077 ], [ -106.479287088999968, 31.771654606000027 ], [ -106.479184424999971, 31.771713059000035 ], [ -106.479074608999952, 31.771574753000039 ] ] ] } },
{ "type": "Feature", "properties": { "PLACEKEY": "222-222@8tf-p3j-jvz", "PARENT_PLACEKEY": null, "LOCATION_NAME": "ZOE Nutricion Saludable", "BRANDS": null, "TOP_CATEGORY": "Drugs and Druggists' Sundries Merchant Wholesalers", "SUB_CATEGORY": "Drugs and Druggists' Sundries Merchant Wholesalers", "NAICS_CODE": 424210, "LATITUDE": 31.773456, "LONGITUDE": -106.477555, "STREET_ADDRESS": "1603 Montana Ave", "CITY": "El Paso", "REGION": "TX", "POSTAL_CODE": 79902, "OPEN_HOURS": { "Mon": [ [ "7:00", "19:00" ] ], "Tue": [ [ "7:00", "19:00" ] ], "Wed": [ [ "7:00", "19:00" ] ], "Thu": [ [ "7:00", "19:00" ] ], "Fri": [ [ "7:00", "19:00" ] ], "Sat": [ [ "7:00", "19:00" ] ], "Sun": [ [ "7:00", "14:00" ] ] }, "CATEGORY_TAGS": null, "OPENED_ON": null, "CLOSED_ON": null, "TRACKING_CLOSED_SINCE": null, "GEOMETRY_TYPE": "POLYGON", "POLYGON_CLASS": "SHARED_POLYGON", "ENCLOSED": "False", "PHONE_NUMBER": 19152701266.0, "IS_SYNTHETIC": "False", "INCLUDES_PARKING_LOT": "False", "WKT_AREA_SQ_METERS": 1533.0, "DOMAINS": [ ], "WEBSITE": null }, "geometry": { "type": "Polygon", "coordinates": [ [ [ -106.476875930999938, 31.773747857000046 ], [ -106.477572686999963, 31.773299144000077 ], [ -106.477450137999938, 31.773162699000068 ], [ -106.477464694, 31.773153324000077 ], [ -106.477697599999942, 31.773418800000059 ], [ -106.477535899999964, 31.773522400000047 ], [ -106.477376199999981, 31.773628200000076 ], [ -106.477185, 31.773753100000079 ], [ -106.476991399999974, 31.773875300000043 ], [ -106.476875930999938, 31.773747857000046 ] ] ] } },
{ "type": "Feature", "properties": { "PLACEKEY": "22k-223@8tf-p3j-89z", "PARENT_PLACEKEY": null, "LOCATION_NAME": "Glamour Cult Salon", "BRANDS": null, "TOP_CATEGORY": "Personal Care Services", "SUB_CATEGORY": "Hair, Nail, and Skin Care Services", "NAICS_CODE": 81211, "LATITUDE": 31.76674, "LONGITUDE": -106.482316, "STREET_ADDRESS": "1021 E Missouri Ave", "CITY": "El Paso", "REGION": "TX", "POSTAL_CODE": 79902, "OPEN_HOURS": null, "CATEGORY_TAGS": null, "OPENED_ON": null, "CLOSED_ON": null, "TRACKING_CLOSED_SINCE": null, "GEOMETRY_TYPE": "POLYGON", "POLYGON_CLASS": "SHARED_POLYGON", "ENCLOSED": "False", "PHONE_NUMBER": 19153073989.0, "IS_SYNTHETIC": "False", "INCLUDES_PARKING_LOT": "False", "WKT_AREA_SQ_METERS": 1208.0, "DOMAINS": [ ], "WEBSITE": null }, "geometry": { "type": "Polygon", "coordinates": [ [ [ -106.482379388999959, 31.766592290000062 ], [ -106.482606699999963, 31.766846 ], [ -106.482514099999946, 31.766908100000023 ], [ -106.482258427999966, 31.767073585000048 ], [ -106.482038960999944, 31.766842750000023 ], [ -106.48210903599994, 31.766794969000046 ], [ -106.48221130099995, 31.766902531000028 ], [ -106.48231203499995, 31.766833845000065 ], [ -106.482223875999978, 31.766741120000063 ], [ -106.482324608999988, 31.766672435000032 ], [ -106.482299925999939, 31.766646471000058 ], [ -106.482379388999959, 31.766592290000062 ] ] ] } },
{ "type": "Feature", "properties": { "PLACEKEY": "225-222@8tf-p3j-hbk", "PARENT_PLACEKEY": null, "LOCATION_NAME": "Omar Mena Photography", "BRANDS": null, "TOP_CATEGORY": "Other Professional, Scientific, and Technical Services", "SUB_CATEGORY": "Photography Studios, Portrait", "NAICS_CODE": 541921, "LATITUDE": 31.770669, "LONGITUDE": -106.480645, "STREET_ADDRESS": "1308 Montana Ave", "CITY": "El Paso", "REGION": "TX", "POSTAL_CODE": 79902, "OPEN_HOURS": { "Mon": [ [ "18:00", "21:00" ] ], "Tue": [ [ "18:00", "21:00" ] ], "Wed": [ [ "18:00", "21:00" ] ], "Thu": [ [ "18:00", "21:00" ] ], "Fri": [ [ "18:00", "21:00" ] ], "Sat": [ ], "Sun": [ ] }, "CATEGORY_TAGS": "Photographer,Session Photography", "OPENED_ON": null, "CLOSED_ON": null, "TRACKING_CLOSED_SINCE": null, "GEOMETRY_TYPE": "POLYGON", "POLYGON_CLASS": "SHARED_POLYGON", "ENCLOSED": "False", "PHONE_NUMBER": 19156945799.0, "IS_SYNTHETIC": "False", "INCLUDES_PARKING_LOT": "False", "WKT_AREA_SQ_METERS": 267.0, "DOMAINS": [ ], "WEBSITE": null }, "geometry": { "type": "Polygon", "coordinates": [ [ [ -106.480630428999973, 31.77074674000005 ], [ -106.480559347999986, 31.770667179000043 ], [ -106.480567878999977, 31.77066276000005 ], [ -106.480494642999986, 31.770579111000075 ], [ -106.480532399999959, 31.770618400000046 ], [ -106.480632599999979, 31.770553900000039 ], [ -106.480786379999984, 31.770727904000069 ], [ -106.480704770999978, 31.770779140000059 ], [ -106.48062439499995, 31.770687336000037 ], [ -106.480601809999939, 31.770701516000031 ], [ -106.480578641999955, 31.770675053000048 ], [ -106.480630428999973, 31.77074674000005 ] ] ] } },
{ "type": "Feature", "properties": { "PLACEKEY": "22k-223@8tf-p3j-jsq", "PARENT_PLACEKEY": null, "LOCATION_NAME": "Barnhart Taylor Inc", "BRANDS": null, "TOP_CATEGORY": "Other Specialty Trade Contractors", "SUB_CATEGORY": null, "NAICS_CODE": 2389, "LATITUDE": 31.772212, "LONGITUDE": -106.476769, "STREET_ADDRESS": "1602 E Yandell Dr", "CITY": "El Paso", "REGION": "TX", "POSTAL_CODE": 79902, "OPEN_HOURS": null, "CATEGORY_TAGS": null, "OPENED_ON": null, "CLOSED_ON": null, "TRACKING_CLOSED_SINCE": null, "GEOMETRY_TYPE": "POLYGON", "POLYGON_CLASS": "SHARED_POLYGON", "ENCLOSED": "False", "PHONE_NUMBER": 19155331231.0, "IS_SYNTHETIC": "False", "INCLUDES_PARKING_LOT": "False", "WKT_AREA_SQ_METERS": 266.0, "DOMAINS": [ "barnharttaylor.com" ], "WEBSITE": null }, "geometry": { "type": "Polygon", "coordinates": [ [ [ -106.476552433999984, 31.772128726000062 ], [ -106.476594357999943, 31.772101727000063 ], [ -106.476628399, 31.772139628000048 ], [ -106.476713440999958, 31.772084861000053 ], [ -106.476811399999974, 31.772196200000053 ], [ -106.476678399999969, 31.772281200000066 ], [ -106.476552433999984, 31.772128726000062 ] ] ] } },
{ "type": "Feature", "properties": { "PLACEKEY": "22b-222@8tf-p3j-hnq", "PARENT_PLACEKEY": null, "LOCATION_NAME": "Apartments at 1217 E Yandell Dr", "BRANDS": null, "TOP_CATEGORY": "Lessors of Real Estate", "SUB_CATEGORY": "Lessors of Residential Buildings and Dwellings", "NAICS_CODE": 531110, "LATITUDE": 31.769725, "LONGITUDE": -106.481295, "STREET_ADDRESS": "1217 E Yandell Dr", "CITY": "El Paso", "REGION": "TX", "POSTAL_CODE": 79902, "OPEN_HOURS": null, "CATEGORY_TAGS": null, "OPENED_ON": null, "CLOSED_ON": null, "TRACKING_CLOSED_SINCE": null, "GEOMETRY_TYPE": "POLYGON", "POLYGON_CLASS": "OWNED_POLYGON", "ENCLOSED": "False", "PHONE_NUMBER": null, "IS_SYNTHETIC": "False", "INCLUDES_PARKING_LOT": "False", "WKT_AREA_SQ_METERS": 468.0, "DOMAINS": [ ], "WEBSITE": null }, "geometry": { "type": "Polygon", "coordinates": [ [ [ -106.481391048999967, 31.769845875000044 ], [ -106.481380960999957, 31.769834426000045 ], [ -106.481331385999965, 31.769865751000054 ], [ -106.481146430999956, 31.76965584800007 ], [ -106.481259099999988, 31.769584654000028 ], [ -106.48144405499994, 31.769794558000058 ], [ -106.481403493999949, 31.76982018700005 ], [ -106.481410219999987, 31.769827820000046 ], [ -106.481459794999978, 31.769796495000037 ], [ -106.481495307999978, 31.769836799000075 ], [ -106.481374777999974, 31.769914995000079 ], [ -106.481341474999965, 31.769877200000053 ], [ -106.481391048999967, 31.769845875000044 ] ] ] } },
{ "type": "Feature", "properties": { "PLACEKEY": "226-22t@8tf-p3j-jn5", "PARENT_PLACEKEY": "226-222@8tf-p3j-jn5", "LOCATION_NAME": "Chrystal Davis Lpc", "BRANDS": null, "TOP_CATEGORY": "Offices of Physicians", "SUB_CATEGORY": "Offices of Physicians, Mental Health Specialists", "NAICS_CODE": 621112, "LATITUDE": 31.772997, "LONGITUDE": -106.476844, "STREET_ADDRESS": "1600 Montana Ave", "CITY": "El Paso", "REGION": "TX", "POSTAL_CODE": 79902, "OPEN_HOURS": null, "CATEGORY_TAGS": null, "OPENED_ON": null, "CLOSED_ON": null, "TRACKING_CLOSED_SINCE": null, "GEOMETRY_TYPE": "POLYGON", "POLYGON_CLASS": "SHARED_POLYGON", "ENCLOSED": "False", "PHONE_NUMBER": 19158873410.0, "IS_SYNTHETIC": "False", "INCLUDES_PARKING_LOT": "False", "WKT_AREA_SQ_METERS": 1317.0, "DOMAINS": [ ], "WEBSITE": null }, "geometry": { "type": "Polygon", "coordinates": [ [ [ -106.476783027999943, 31.773188924000067 ], [ -106.476647432999982, 31.77303102500008 ], [ -106.47672474999996, 31.772983417000034 ], [ -106.476708213999984, 31.772964161000061 ], [ -106.47673550199994, 31.772947358000067 ], [ -106.47674872999994, 31.772962763000066 ], [ -106.477098927999975, 31.77274712600007 ], [ -106.47723121599995, 31.772901174000026 ], [ -106.477099323999937, 31.77298238700007 ], [ -106.477148930999988, 31.773040156000036 ], [ -106.47696246299995, 31.773154975000068 ], [ -106.476919468999938, 31.773104910000029 ], [ -106.476783027999943, 31.773188924000067 ] ] ] } },
{ "type": "Feature", "properties": { "PLACEKEY": "238-226@8tf-p3j-jy9", "PARENT_PLACEKEY": "226-222@8tf-p3j-jn5", "LOCATION_NAME": "Manuela Palacio Lpc", "BRANDS": null, "TOP_CATEGORY": "Offices of Physicians", "SUB_CATEGORY": "Offices of Physicians, Mental Health Specialists", "NAICS_CODE": 621112, "LATITUDE": 31.77302, "LONGITUDE": -106.476969, "STREET_ADDRESS": "1601 E Yandell Dr", "CITY": "El Paso", "REGION": "TX", "POSTAL_CODE": 79902, "OPEN_HOURS": null, "CATEGORY_TAGS": null, "OPENED_ON": null, "CLOSED_ON": null, "TRACKING_CLOSED_SINCE": null, "GEOMETRY_TYPE": "POLYGON", "POLYGON_CLASS": "SHARED_POLYGON", "ENCLOSED": "False", "PHONE_NUMBER": 19158873410.0, "IS_SYNTHETIC": "False", "INCLUDES_PARKING_LOT": "False", "WKT_AREA_SQ_METERS": 1317.0, "DOMAINS": [ ], "WEBSITE": null }, "geometry": { "type": "Polygon", "coordinates": [ [ [ -106.476783027999943, 31.773188924000067 ], [ -106.476647432999982, 31.77303102500008 ], [ -106.47672474999996, 31.772983417000034 ], [ -106.476708213999984, 31.772964161000061 ], [ -106.47673550199994, 31.772947358000067 ], [ -106.47674872999994, 31.772962763000066 ], [ -106.477098927999975, 31.77274712600007 ], [ -106.47723121599995, 31.772901174000026 ], [ -106.477099323999937, 31.77298238700007 ], [ -106.477148930999988, 31.773040156000036 ], [ -106.47696246299995, 31.773154975000068 ], [ -106.476919468999938, 31.773104910000029 ], [ -106.476783027999943, 31.773188924000067 ] ] ] } },
{ "type": "Feature", "properties": { "PLACEKEY": "226-22k@8tf-p3j-jn5", "PARENT_PLACEKEY": "226-222@8tf-p3j-jn5", "LOCATION_NAME": "Yomaira Rodriguez", "BRANDS": null, "TOP_CATEGORY": "Offices of Physicians", "SUB_CATEGORY": "Offices of Physicians, Mental Health Specialists", "NAICS_CODE": 621112, "LATITUDE": 31.772988, "LONGITUDE": -106.476846, "STREET_ADDRESS": "1600 Montana Ave", "CITY": "El Paso", "REGION": "TX", "POSTAL_CODE": 79902, "OPEN_HOURS": null, "CATEGORY_TAGS": null, "OPENED_ON": null, "CLOSED_ON": null, "TRACKING_CLOSED_SINCE": null, "GEOMETRY_TYPE": "POLYGON", "POLYGON_CLASS": "SHARED_POLYGON", "ENCLOSED": "False", "PHONE_NUMBER": 18318692613.0, "IS_SYNTHETIC": "False", "INCLUDES_PARKING_LOT": "False", "WKT_AREA_SQ_METERS": 1317.0, "DOMAINS": [ ], "WEBSITE": null }, "geometry": { "type": "Polygon", "coordinates": [ [ [ -106.476783027999943, 31.773188924000067 ], [ -106.476647432999982, 31.77303102500008 ], [ -106.47672474999996, 31.772983417000034 ], [ -106.476708213999984, 31.772964161000061 ], [ -106.47673550199994, 31.772947358000067 ], [ -106.47674872999994, 31.772962763000066 ], [ -106.477098927999975, 31.77274712600007 ], [ -106.47723121599995, 31.772901174000026 ], [ -106.477099323999937, 31.77298238700007 ], [ -106.477148930999988, 31.773040156000036 ], [ -106.47696246299995, 31.773154975000068 ], [ -106.476919468999938, 31.773104910000029 ], [ -106.476783027999943, 31.773188924000067 ] ] ] } },
{ "type": "Feature", "properties": { "PLACEKEY": "zzy-223@8tf-p3j-hnq", "PARENT_PLACEKEY": null, "LOCATION_NAME": "Sun Metro Yandell Brown", "BRANDS": null, "TOP_CATEGORY": "Urban Transit Systems", "SUB_CATEGORY": "Bus and Other Motor Vehicle Transit Systems", "NAICS_CODE": 485113, "LATITUDE": 31.769817, "LONGITUDE": -106.480848, "STREET_ADDRESS": "Sun Metro Yandell Brown", "CITY": "El Paso", "REGION": "TX", "POSTAL_CODE": 79902, "OPEN_HOURS": null, "CATEGORY_TAGS": "Bus Station,Buses", "OPENED_ON": null, "CLOSED_ON": null, "TRACKING_CLOSED_SINCE": null, "GEOMETRY_TYPE": "POINT", "POLYGON_CLASS": null, "ENCLOSED": null, "PHONE_NUMBER": null, "IS_SYNTHETIC": null, "INCLUDES_PARKING_LOT": null, "WKT_AREA_SQ_METERS": null, "DOMAINS": [ ], "WEBSITE": null }, "geometry": { "type": "Polygon", "coordinates": [ [ [ -106.480818, 31.769817 ], [ -106.480818144458198, 31.769814059485789 ], [ -106.480818576441578, 31.769811147290341 ], [ -106.480819291789928, 31.769808291459682 ], [ -106.480820283614023, 31.76980551949703 ], [ -106.480821542362065, 31.769802858097894 ], [ -106.480823055911628, 31.769800332893009 ], [ -106.480824809686396, 31.769797968201473 ], [ -106.480826786796555, 31.769795786796564 ], [ -106.480828968201465, 31.769793809686398 ], [ -106.480831332893004, 31.76979205591163 ], [ -106.480833858097895, 31.76979054236207 ], [ -106.480836519497018, 31.769789283614024 ], [ -106.480839291459674, 31.769788291789929 ], [ -106.480842147290332, 31.769787576441587 ], [ -106.480845059485787, 31.769787144458199 ], [ -106.480848, 31.769787 ], [ -106.480850940514202, 31.769787144458199 ], [ -106.480853852709657, 31.769787576441587 ], [ -106.480856708540315, 31.769788291789929 ], [ -106.480859480502971, 31.769789283614024 ], [ -106.480862141902094, 31.76979054236207 ], [ -106.480864667106985, 31.76979205591163 ], [ -106.480867031798525, 31.769793809686398 ], [ -106.480869213203434, 31.769795786796564 ], [ -106.480871190313593, 31.769797968201473 ], [ -106.480872944088361, 31.769800332893009 ], [ -106.480874457637924, 31.769802858097894 ], [ -106.480875716385967, 31.76980551949703 ], [ -106.480876708210062, 31.769808291459682 ], [ -106.480877423558411, 31.769811147290341 ], [ -106.480877855541792, 31.769814059485789 ], [ -106.480878, 31.769817 ], [ -106.480877855541792, 31.769819940514211 ], [ -106.480877423558411, 31.769822852709659 ], [ -106.480876708210062, 31.769825708540317 ], [ -106.480875716385967, 31.769828480502969 ], [ -106.480874457637924, 31.769831141902106 ], [ -106.480872944088361, 31.76983366710699 ], [ -106.480871190313593, 31.769836031798526 ], [ -106.480869213203434, 31.769838213203435 ], [ -106.480867031798525, 31.769840190313602 ], [ -106.480864667106985, 31.76984194408837 ], [ -106.480862141902094, 31.769843457637929 ], [ -106.480859480502971, 31.769844716385975 ], [ -106.480856708540315, 31.76984570821007 ], [ -106.480853852709657, 31.769846423558413 ], [ -106.480850940514202, 31.7698468555418 ], [ -106.480848, 31.769847 ], [ -106.480845059485787, 31.7698468555418 ], [ -106.480842147290332, 31.769846423558413 ], [ -106.480839291459674, 31.76984570821007 ], [ -106.480836519497018, 31.769844716385975 ], [ -106.480833858097895, 31.769843457637929 ], [ -106.480831332893004, 31.76984194408837 ], [ -106.480828968201465, 31.769840190313602 ], [ -106.480826786796555, 31.769838213203435 ], [ -106.480824809686396, 31.769836031798526 ], [ -106.480823055911628, 31.76983366710699 ], [ -106.480821542362065, 31.769831141902106 ], [ -106.480820283614023, 31.769828480502969 ], [ -106.480819291789928, 31.769825708540317 ], [ -106.480818576441578, 31.769822852709659 ], [ -106.480818144458198, 31.769819940514211 ], [ -106.480818, 31.769817 ] ] ] } },
{ "type": "Feature", "properties": { "PLACEKEY": "227-224@8tf-p3j-89z", "PARENT_PLACEKEY": null, "LOCATION_NAME": "Spm Brakes Suspension", "BRANDS": null, "TOP_CATEGORY": "Automotive Repair and Maintenance", "SUB_CATEGORY": null, "NAICS_CODE": 8111, "LATITUDE": 31.766599, "LONGITUDE": -106.482735, "STREET_ADDRESS": "1009 E Missouri Ave", "CITY": "El Paso", "REGION": "TX", "POSTAL_CODE": 79902, "OPEN_HOURS": null, "CATEGORY_TAGS": null, "OPENED_ON": null, "CLOSED_ON": null, "TRACKING_CLOSED_SINCE": null, "GEOMETRY_TYPE": "POLYGON", "POLYGON_CLASS": "OWNED_POLYGON", "ENCLOSED": "False", "PHONE_NUMBER": 19152509587.0, "IS_SYNTHETIC": "False", "INCLUDES_PARKING_LOT": "False", "WKT_AREA_SQ_METERS": 548.0, "DOMAINS": [ ], "WEBSITE": null }, "geometry": { "type": "Polygon", "coordinates": [ [ [ -106.482534208999937, 31.766484043000048 ], [ -106.482671540999945, 31.766401089000055 ], [ -106.482883779999952, 31.766653072000054 ], [ -106.482746447999943, 31.766736028000025 ], [ -106.482534208999937, 31.766484043000048 ] ] ] } },
{ "type": "Feature", "properties": { "PLACEKEY": "226-22y@8tf-p3j-jn5", "PARENT_PLACEKEY": "226-222@8tf-p3j-jn5", "LOCATION_NAME": "Aurora Garza Lpc", "BRANDS": null, "TOP_CATEGORY": "Offices of Physicians", "SUB_CATEGORY": "Offices of Physicians, Mental Health Specialists", "NAICS_CODE": 621112, "LATITUDE": 31.773024, "LONGITUDE": -106.476845, "STREET_ADDRESS": "1600 Montana Ave", "CITY": "El Paso", "REGION": "TX", "POSTAL_CODE": 79902, "OPEN_HOURS": null, "CATEGORY_TAGS": null, "OPENED_ON": null, "CLOSED_ON": null, "TRACKING_CLOSED_SINCE": null, "GEOMETRY_TYPE": "POLYGON", "POLYGON_CLASS": "SHARED_POLYGON", "ENCLOSED": "False", "PHONE_NUMBER": 19158873410.0, "IS_SYNTHETIC": "False", "INCLUDES_PARKING_LOT": "False", "WKT_AREA_SQ_METERS": 1317.0, "DOMAINS": [ ], "WEBSITE": null }, "geometry": { "type": "Polygon", "coordinates": [ [ [ -106.476783027999943, 31.773188924000067 ], [ -106.476647432999982, 31.77303102500008 ], [ -106.47672474999996, 31.772983417000034 ], [ -106.476708213999984, 31.772964161000061 ], [ -106.47673550199994, 31.772947358000067 ], [ -106.47674872999994, 31.772962763000066 ], [ -106.477098927999975, 31.77274712600007 ], [ -106.47723121599995, 31.772901174000026 ], [ -106.477099323999937, 31.77298238700007 ], [ -106.477148930999988, 31.773040156000036 ], [ -106.47696246299995, 31.773154975000068 ], [ -106.476919468999938, 31.773104910000029 ], [ -106.476783027999943, 31.773188924000067 ] ] ] } },
{ "type": "Feature", "properties": { "PLACEKEY": "238-229@8tf-p3j-jy9", "PARENT_PLACEKEY": "226-222@8tf-p3j-jn5", "LOCATION_NAME": "Guadalupe Pena Lpc", "BRANDS": null, "TOP_CATEGORY": "Offices of Physicians", "SUB_CATEGORY": "Offices of Physicians, Mental Health Specialists", "NAICS_CODE": 621112, "LATITUDE": 31.772977, "LONGITUDE": -106.476958, "STREET_ADDRESS": "1601 E Yandell Dr", "CITY": "El Paso", "REGION": "TX", "POSTAL_CODE": 79902, "OPEN_HOURS": null, "CATEGORY_TAGS": null, "OPENED_ON": null, "CLOSED_ON": null, "TRACKING_CLOSED_SINCE": null, "GEOMETRY_TYPE": "POLYGON", "POLYGON_CLASS": "SHARED_POLYGON", "ENCLOSED": "False", "PHONE_NUMBER": 19155037682.0, "IS_SYNTHETIC": "False", "INCLUDES_PARKING_LOT": "False", "WKT_AREA_SQ_METERS": 1317.0, "DOMAINS": [ ], "WEBSITE": null }, "geometry": { "type": "Polygon", "coordinates": [ [ [ -106.476783027999943, 31.773188924000067 ], [ -106.476647432999982, 31.77303102500008 ], [ -106.47672474999996, 31.772983417000034 ], [ -106.476708213999984, 31.772964161000061 ], [ -106.47673550199994, 31.772947358000067 ], [ -106.47674872999994, 31.772962763000066 ], [ -106.477098927999975, 31.77274712600007 ], [ -106.47723121599995, 31.772901174000026 ], [ -106.477099323999937, 31.77298238700007 ], [ -106.477148930999988, 31.773040156000036 ], [ -106.47696246299995, 31.773154975000068 ], [ -106.476919468999938, 31.773104910000029 ], [ -106.476783027999943, 31.773188924000067 ] ] ] } },
{ "type": "Feature", "properties": { "PLACEKEY": "226-22j@8tf-p3j-jn5", "PARENT_PLACEKEY": "226-222@8tf-p3j-jn5", "LOCATION_NAME": "Dr. Oscar Villalobos NP", "BRANDS": null, "TOP_CATEGORY": "Offices of Other Health Practitioners", "SUB_CATEGORY": "Offices of All Other Miscellaneous Health Practitioners", "NAICS_CODE": 621399, "LATITUDE": 31.772981, "LONGITUDE": -106.476806, "STREET_ADDRESS": "1600 Montana Ave", "CITY": "El Paso", "REGION": "TX", "POSTAL_CODE": 79902, "OPEN_HOURS": null, "CATEGORY_TAGS": null, "OPENED_ON": null, "CLOSED_ON": null, "TRACKING_CLOSED_SINCE": null, "GEOMETRY_TYPE": "POLYGON", "POLYGON_CLASS": "SHARED_POLYGON", "ENCLOSED": "False", "PHONE_NUMBER": 19152038186.0, "IS_SYNTHETIC": "False", "INCLUDES_PARKING_LOT": "False", "WKT_AREA_SQ_METERS": 1317.0, "DOMAINS": [ ], "WEBSITE": null }, "geometry": { "type": "Polygon", "coordinates": [ [ [ -106.476783027999943, 31.773188924000067 ], [ -106.476647432999982, 31.77303102500008 ], [ -106.47672474999996, 31.772983417000034 ], [ -106.476708213999984, 31.772964161000061 ], [ -106.47673550199994, 31.772947358000067 ], [ -106.47674872999994, 31.772962763000066 ], [ -106.477098927999975, 31.77274712600007 ], [ -106.47723121599995, 31.772901174000026 ], [ -106.477099323999937, 31.77298238700007 ], [ -106.477148930999988, 31.773040156000036 ], [ -106.47696246299995, 31.773154975000068 ], [ -106.476919468999938, 31.773104910000029 ], [ -106.476783027999943, 31.773188924000067 ] ] ] } },
{ "type": "Feature", "properties": { "PLACEKEY": "22j-222@8tf-p3j-hbk", "PARENT_PLACEKEY": null, "LOCATION_NAME": "Mormac Brokerage Agency Inc", "BRANDS": null, "TOP_CATEGORY": "Agencies, Brokerages, and Other Insurance Related Activities", "SUB_CATEGORY": "Insurance Agencies and Brokerages", "NAICS_CODE": 524210, "LATITUDE": 31.771042, "LONGITUDE": -106.480941, "STREET_ADDRESS": "1309 Montana Ave", "CITY": "El Paso", "REGION": "TX", "POSTAL_CODE": 79902, "OPEN_HOURS": { "Mon": [ [ "9:00", "17:00" ] ], "Tue": [ [ "9:00", "17:00" ] ], "Wed": [ [ "9:00", "17:00" ] ], "Thu": [ [ "9:00", "17:00" ] ], "Fri": [ [ "9:00", "17:00" ] ], "Sat": [ ], "Sun": [ ] }, "CATEGORY_TAGS": "Financial Advice", "OPENED_ON": null, "CLOSED_ON": null, "TRACKING_CLOSED_SINCE": null, "GEOMETRY_TYPE": "POLYGON", "POLYGON_CLASS": null, "ENCLOSED": "False", "PHONE_NUMBER": 19157789508.0, "IS_SYNTHETIC": "False", "INCLUDES_PARKING_LOT": "False", "WKT_AREA_SQ_METERS": 163.0, "DOMAINS": [ "mormac.net" ], "WEBSITE": null }, "geometry": { "type": "Polygon", "coordinates": [ [ [ -106.480886688999988, 31.771034663000023 ], [ -106.48097682599996, 31.770977709000078 ], [ -106.481074348999982, 31.771088386000031 ], [ -106.480984210999964, 31.771145340000032 ], [ -106.480886688999988, 31.771034663000023 ] ] ] } },
{ "type": "Feature", "properties": { "PLACEKEY": "226-236@8tf-p3j-jn5", "PARENT_PLACEKEY": "226-222@8tf-p3j-jn5", "LOCATION_NAME": "Dr. Hazel Mahatha Dnp", "BRANDS": null, "TOP_CATEGORY": "Offices of Other Health Practitioners", "SUB_CATEGORY": "Offices of All Other Miscellaneous Health Practitioners", "NAICS_CODE": 621399, "LATITUDE": 31.773013, "LONGITUDE": -106.476832, "STREET_ADDRESS": "1600 Montana Ave", "CITY": "El Paso", "REGION": "TX", "POSTAL_CODE": 79902, "OPEN_HOURS": null, "CATEGORY_TAGS": null, "OPENED_ON": null, "CLOSED_ON": null, "TRACKING_CLOSED_SINCE": null, "GEOMETRY_TYPE": "POLYGON", "POLYGON_CLASS": "SHARED_POLYGON", "ENCLOSED": "False", "PHONE_NUMBER": 19155996670.0, "IS_SYNTHETIC": "False", "INCLUDES_PARKING_LOT": "False", "WKT_AREA_SQ_METERS": 1317.0, "DOMAINS": [ ], "WEBSITE": null }, "geometry": { "type": "Polygon", "coordinates": [ [ [ -106.476783027999943, 31.773188924000067 ], [ -106.476647432999982, 31.77303102500008 ], [ -106.47672474999996, 31.772983417000034 ], [ -106.476708213999984, 31.772964161000061 ], [ -106.47673550199994, 31.772947358000067 ], [ -106.47674872999994, 31.772962763000066 ], [ -106.477098927999975, 31.77274712600007 ], [ -106.47723121599995, 31.772901174000026 ], [ -106.477099323999937, 31.77298238700007 ], [ -106.477148930999988, 31.773040156000036 ], [ -106.47696246299995, 31.773154975000068 ], [ -106.476919468999938, 31.773104910000029 ], [ -106.476783027999943, 31.773188924000067 ] ] ] } },
{ "type": "Feature", "properties": { "PLACEKEY": "227-222@8tf-p3j-hnq", "PARENT_PLACEKEY": null, "LOCATION_NAME": "Law Office of Ruben Hernandez", "BRANDS": null, "TOP_CATEGORY": "Legal Services", "SUB_CATEGORY": "Offices of Lawyers", "NAICS_CODE": 541110, "LATITUDE": 31.769535, "LONGITUDE": -106.481617, "STREET_ADDRESS": "1205 E Yandell Dr", "CITY": "El Paso", "REGION": "TX", "POSTAL_CODE": 79902, "OPEN_HOURS": null, "CATEGORY_TAGS": null, "OPENED_ON": null, "CLOSED_ON": null, "TRACKING_CLOSED_SINCE": null, "GEOMETRY_TYPE": "POLYGON", "POLYGON_CLASS": "OWNED_POLYGON", "ENCLOSED": "False", "PHONE_NUMBER": 19155329971.0, "IS_SYNTHETIC": "False", "INCLUDES_PARKING_LOT": "False", "WKT_AREA_SQ_METERS": 182.0, "DOMAINS": [ ], "WEBSITE": null }, "geometry": { "type": "Polygon", "coordinates": [ [ [ -106.481592547999981, 31.769444499000031 ], [ -106.481599925999944, 31.769440100000054 ], [ -106.481716462999941, 31.769580270000063 ], [ -106.481633700999964, 31.769629613000063 ], [ -106.481517163999968, 31.769489443000055 ], [ -106.481592547999981, 31.769444499000031 ] ] ] } },
{ "type": "Feature", "properties": { "PLACEKEY": "228-228@8tf-p3j-hh5", "PARENT_PLACEKEY": "228-222@8tf-p3j-hh5", "LOCATION_NAME": "Mrs. Lucia Gadney Lpc", "BRANDS": null, "TOP_CATEGORY": "Offices of Physicians", "SUB_CATEGORY": "Offices of Physicians, Mental Health Specialists", "NAICS_CODE": 621112, "LATITUDE": 31.77162, "LONGITUDE": -106.479206, "STREET_ADDRESS": "1418 Montana Ave", "CITY": "El Paso", "REGION": "TX", "POSTAL_CODE": 79902, "OPEN_HOURS": null, "CATEGORY_TAGS": null, "OPENED_ON": null, "CLOSED_ON": null, "TRACKING_CLOSED_SINCE": null, "GEOMETRY_TYPE": "POLYGON", "POLYGON_CLASS": "SHARED_POLYGON", "ENCLOSED": "False", "PHONE_NUMBER": 19153514431.0, "IS_SYNTHETIC": "False", "INCLUDES_PARKING_LOT": "False", "WKT_AREA_SQ_METERS": 217.0, "DOMAINS": [ ], "WEBSITE": null }, "geometry": { "type": "Polygon", "coordinates": [ [ [ -106.479074608999952, 31.771574753000039 ], [ -106.479177272999948, 31.771516301000077 ], [ -106.479287088999968, 31.771654606000027 ], [ -106.479184424999971, 31.771713059000035 ], [ -106.479074608999952, 31.771574753000039 ] ] ] } },
{ "type": "Feature", "properties": { "PLACEKEY": "224-222@8tf-p3j-5j9", "PARENT_PLACEKEY": null, "LOCATION_NAME": "Nuevo Hogar Home Care Provides", "BRANDS": null, "TOP_CATEGORY": "Home Health Care Services", "SUB_CATEGORY": "Home Health Care Services", "NAICS_CODE": 621610, "LATITUDE": 31.769878, "LONGITUDE": -106.484622, "STREET_ADDRESS": "1031 E Rio Grande Ave", "CITY": "El Paso", "REGION": "TX", "POSTAL_CODE": 79902, "OPEN_HOURS": { "Mon": [ [ "8:00", "17:00" ] ], "Tue": [ [ "8:00", "17:00" ] ], "Wed": [ [ "8:00", "17:00" ] ], "Thu": [ [ "8:00", "17:00" ] ], "Fri": [ [ "8:00", "17:00" ] ], "Sat": [ ], "Sun": [ ] }, "CATEGORY_TAGS": null, "OPENED_ON": null, "CLOSED_ON": null, "TRACKING_CLOSED_SINCE": null, "GEOMETRY_TYPE": "POLYGON", "POLYGON_CLASS": "OWNED_POLYGON", "ENCLOSED": "False", "PHONE_NUMBER": 19155842429.0, "IS_SYNTHETIC": "False", "INCLUDES_PARKING_LOT": "False", "WKT_AREA_SQ_METERS": 290.0, "DOMAINS": [ "nuevohogarhomecare.com" ], "WEBSITE": null }, "geometry": { "type": "Polygon", "coordinates": [ [ [ -106.484496688999968, 31.76982859900005 ], [ -106.484606072999952, 31.769761663000054 ], [ -106.484747691999985, 31.769927624000047 ], [ -106.484638306999955, 31.769994560000043 ], [ -106.484496688999968, 31.76982859900005 ] ] ] } },
{ "type": "Feature", "properties": { "PLACEKEY": "22m-227@8tf-p3j-ht9", "PARENT_PLACEKEY": null, "LOCATION_NAME": "Perry Pinon Law", "BRANDS": null, "TOP_CATEGORY": "Legal Services", "SUB_CATEGORY": "Offices of Lawyers", "NAICS_CODE": 541110, "LATITUDE": 31.770873, "LONGITUDE": -106.480466, "STREET_ADDRESS": "1312 Montana Ave", "CITY": "El Paso", "REGION": "TX", "POSTAL_CODE": 79902, "OPEN_HOURS": null, "CATEGORY_TAGS": null, "OPENED_ON": null, "CLOSED_ON": null, "TRACKING_CLOSED_SINCE": null, "GEOMETRY_TYPE": "POLYGON", "POLYGON_CLASS": "SHARED_POLYGON", "ENCLOSED": "False", "PHONE_NUMBER": 19155469190.0, "IS_SYNTHETIC": "False", "INCLUDES_PARKING_LOT": "False", "WKT_AREA_SQ_METERS": 197.0, "DOMAINS": [ "pinonlawoffice.com" ], "WEBSITE": "http://www.pinonlawoffice.com/" }, "geometry": { "type": "Polygon", "coordinates": [ [ [ -106.480302941, 31.77075476300007 ], [ -106.480382363999979, 31.770701627000051 ], [ -106.480518315999973, 31.770847346000039 ], [ -106.480438894999963, 31.770900482000059 ], [ -106.480302941, 31.77075476300007 ] ] ] } },
{ "type": "Feature", "properties": { "PLACEKEY": "229-222@8tf-p3j-m49", "PARENT_PLACEKEY": null, "LOCATION_NAME": "Tomasso Arditti", "BRANDS": null, "TOP_CATEGORY": "Shoe Stores", "SUB_CATEGORY": "Shoe Stores", "NAICS_CODE": 448210, "LATITUDE": 31.767957, "LONGITUDE": -106.480427, "STREET_ADDRESS": "1201C E Missouri Ave", "CITY": "El Paso", "REGION": "TX", "POSTAL_CODE": 79902, "OPEN_HOURS": null, "CATEGORY_TAGS": "Leather", "OPENED_ON": null, "CLOSED_ON": null, "TRACKING_CLOSED_SINCE": null, "GEOMETRY_TYPE": "POLYGON", "POLYGON_CLASS": "SHARED_POLYGON", "ENCLOSED": "False", "PHONE_NUMBER": 19159961082.0, "IS_SYNTHETIC": "False", "INCLUDES_PARKING_LOT": "False", "WKT_AREA_SQ_METERS": 481.0, "DOMAINS": [ "tomassoarditti.com" ], "WEBSITE": "http://tomassoarditti.com" }, "geometry": { "type": "Polygon", "coordinates": [ [ [ -106.480379457999959, 31.768124688000057 ], [ -106.480297120999978, 31.768027406000044 ], [ -106.480305972999986, 31.768028402000027 ], [ -106.480254706999972, 31.767971684000031 ], [ -106.48051368199998, 31.767803814000047 ], [ -106.480612797, 31.767913470000053 ], [ -106.480349356999966, 31.768084234000071 ], [ -106.480383533999941, 31.76812204600003 ], [ -106.480379457999959, 31.768124688000057 ] ] ] } },
{ "type": "Feature", "properties": { "PLACEKEY": "226-225@8tf-p3j-jn5", "PARENT_PLACEKEY": "226-222@8tf-p3j-jn5", "LOCATION_NAME": "Astrid Elizondo Lpc", "BRANDS": null, "TOP_CATEGORY": "Offices of Physicians", "SUB_CATEGORY": "Offices of Physicians, Mental Health Specialists", "NAICS_CODE": 621112, "LATITUDE": 31.772945, "LONGITUDE": -106.476907, "STREET_ADDRESS": "1600 Montana Ave", "CITY": "El Paso", "REGION": "TX", "POSTAL_CODE": 79902, "OPEN_HOURS": null, "CATEGORY_TAGS": null, "OPENED_ON": null, "CLOSED_ON": null, "TRACKING_CLOSED_SINCE": null, "GEOMETRY_TYPE": "POLYGON", "POLYGON_CLASS": "SHARED_POLYGON", "ENCLOSED": "False", "PHONE_NUMBER": 19158873453.0, "IS_SYNTHETIC": "False", "INCLUDES_PARKING_LOT": "False", "WKT_AREA_SQ_METERS": 1317.0, "DOMAINS": [ ], "WEBSITE": null }, "geometry": { "type": "Polygon", "coordinates": [ [ [ -106.476783027999943, 31.773188924000067 ], [ -106.476647432999982, 31.77303102500008 ], [ -106.47672474999996, 31.772983417000034 ], [ -106.476708213999984, 31.772964161000061 ], [ -106.47673550199994, 31.772947358000067 ], [ -106.47674872999994, 31.772962763000066 ], [ -106.477098927999975, 31.77274712600007 ], [ -106.47723121599995, 31.772901174000026 ], [ -106.477099323999937, 31.77298238700007 ], [ -106.477148930999988, 31.773040156000036 ], [ -106.47696246299995, 31.773154975000068 ], [ -106.476919468999938, 31.773104910000029 ], [ -106.476783027999943, 31.773188924000067 ] ] ] } },
{ "type": "Feature", "properties": { "PLACEKEY": "226-222@8tf-p3j-jn5", "PARENT_PLACEKEY": null, "LOCATION_NAME": "Emergence Health Network", "BRANDS": null, "TOP_CATEGORY": "Offices of Other Health Practitioners", "SUB_CATEGORY": "Offices of Mental Health Practitioners (except Physicians)", "NAICS_CODE": 621330, "LATITUDE": 31.772973, "LONGITUDE": -106.476915, "STREET_ADDRESS": "1600 Montana Ave", "CITY": "El Paso", "REGION": "TX", "POSTAL_CODE": 79902, "OPEN_HOURS": { "Mon": [ [ "8:00", "17:00" ] ], "Tue": [ [ "8:00", "17:00" ] ], "Wed": [ [ "8:00", "17:00" ] ], "Thu": [ [ "8:00", "17:00" ] ], "Fri": [ [ "8:00", "17:00" ] ], "Sat": [ ], "Sun": [ ] }, "CATEGORY_TAGS": "Mental Health", "OPENED_ON": null, "CLOSED_ON": null, "TRACKING_CLOSED_SINCE": null, "GEOMETRY_TYPE": "POLYGON", "POLYGON_CLASS": "OWNED_POLYGON", "ENCLOSED": "False", "PHONE_NUMBER": 19152420555.0, "IS_SYNTHETIC": "False", "INCLUDES_PARKING_LOT": "False", "WKT_AREA_SQ_METERS": 1317.0, "DOMAINS": [ "emergencehealthnetwork.org" ], "WEBSITE": "http://emergencehealthnetwork.org/" }, "geometry": { "type": "Polygon", "coordinates": [ [ [ -106.476783027999943, 31.773188924000067 ], [ -106.476647432999982, 31.77303102500008 ], [ -106.47672474999996, 31.772983417000034 ], [ -106.476708213999984, 31.772964161000061 ], [ -106.47673550199994, 31.772947358000067 ], [ -106.47674872999994, 31.772962763000066 ], [ -106.477098927999975, 31.77274712600007 ], [ -106.47723121599995, 31.772901174000026 ], [ -106.477099323999937, 31.77298238700007 ], [ -106.477148930999988, 31.773040156000036 ], [ -106.47696246299995, 31.773154975000068 ], [ -106.476919468999938, 31.773104910000029 ], [ -106.476783027999943, 31.773188924000067 ] ] ] } },
{ "type": "Feature", "properties": { "PLACEKEY": "222-224@8tf-p3j-5pv", "PARENT_PLACEKEY": null, "LOCATION_NAME": "El Paso Adoption Services", "BRANDS": null, "TOP_CATEGORY": "Individual and Family Services", "SUB_CATEGORY": "Other Individual and Family Services", "NAICS_CODE": 624190, "LATITUDE": 31.770318, "LONGITUDE": -106.482355, "STREET_ADDRESS": "905 Noble St", "CITY": "El Paso", "REGION": "TX", "POSTAL_CODE": 79902, "OPEN_HOURS": null, "CATEGORY_TAGS": null, "OPENED_ON": null, "CLOSED_ON": null, "TRACKING_CLOSED_SINCE": null, "GEOMETRY_TYPE": "POLYGON", "POLYGON_CLASS": "SHARED_POLYGON", "ENCLOSED": "False", "PHONE_NUMBER": 19155421086.0, "IS_SYNTHETIC": "False", "INCLUDES_PARKING_LOT": "False", "WKT_AREA_SQ_METERS": 122.0, "DOMAINS": [ "epadoption.org" ], "WEBSITE": "http://www.epadoption.org" }, "geometry": { "type": "Polygon", "coordinates": [ [ [ -106.482453760999988, 31.770351988000073 ], [ -106.482336839999959, 31.770426379000071 ], [ -106.482279924999943, 31.770365379000054 ], [ -106.482394641999974, 31.770288625000035 ], [ -106.482453760999988, 31.770351988000073 ] ] ] } },
{ "type": "Feature", "properties": { "PLACEKEY": "229-222@8tf-p3j-5pv", "PARENT_PLACEKEY": null, "LOCATION_NAME": "Apartments at 1140 Rio Grande Ave", "BRANDS": null, "TOP_CATEGORY": "Lessors of Real Estate", "SUB_CATEGORY": "Lessors of Residential Buildings and Dwellings", "NAICS_CODE": 531110, "LATITUDE": 31.770271, "LONGITUDE": -106.482882, "STREET_ADDRESS": "1140 E Rio Grande Ave", "CITY": "El Paso", "REGION": "TX", "POSTAL_CODE": 79902, "OPEN_HOURS": null, "CATEGORY_TAGS": null, "OPENED_ON": null, "CLOSED_ON": null, "TRACKING_CLOSED_SINCE": null, "GEOMETRY_TYPE": "POLYGON", "POLYGON_CLASS": "OWNED_POLYGON", "ENCLOSED": "False", "PHONE_NUMBER": null, "IS_SYNTHETIC": "False", "INCLUDES_PARKING_LOT": "True", "WKT_AREA_SQ_METERS": 2503.0, "DOMAINS": [ ], "WEBSITE": null }, "geometry": { "type": "Polygon", "coordinates": [ [ [ -106.483147062547062, 31.770394079270201 ], [ -106.482594527489994, 31.770786293457224 ], [ -106.482337035424564, 31.770517216461471 ], [ -106.482924439198825, 31.770147804395972 ], [ -106.483147062547062, 31.770394079270201 ] ] ] } },
{ "type": "Feature", "properties": { "PLACEKEY": "22k-222@8tf-p3j-kzz", "PARENT_PLACEKEY": null, "LOCATION_NAME": "Mission Valley Awnings", "BRANDS": null, "TOP_CATEGORY": "Continuing Care Retirement Communities and Assisted Living Facilities for the Elderly", "SUB_CATEGORY": "Assisted Living Facilities for the Elderly", "NAICS_CODE": 623312, "LATITUDE": 31.768611, "LONGITUDE": -106.482907, "STREET_ADDRESS": "1105 E Yandell Dr", "CITY": "El Paso", "REGION": "TX", "POSTAL_CODE": 79902, "OPEN_HOURS": null, "CATEGORY_TAGS": null, "OPENED_ON": null, "CLOSED_ON": null, "TRACKING_CLOSED_SINCE": null, "GEOMETRY_TYPE": "POLYGON", "POLYGON_CLASS": "SHARED_POLYGON", "ENCLOSED": "False", "PHONE_NUMBER": 19156943487.0, "IS_SYNTHETIC": "False", "INCLUDES_PARKING_LOT": "False", "WKT_AREA_SQ_METERS": 663.0, "DOMAINS": [ ], "WEBSITE": null }, "geometry": { "type": "Polygon", "coordinates": [ [ [ -106.483029899999963, 31.768850800000052 ], [ -106.482797651999988, 31.768591513000047 ], [ -106.482992385999978, 31.76846447500003 ], [ -106.483115923999947, 31.76860027500004 ], [ -106.48302683299994, 31.768658395000045 ], [ -106.483137799999952, 31.76878350000004 ], [ -106.483029899999963, 31.768850800000052 ] ] ] } },
{ "type": "Feature", "properties": { "PLACEKEY": "223-222@8tf-p3j-jy9", "PARENT_PLACEKEY": null, "LOCATION_NAME": "Las Americas Immigrant Advocacy Center", "BRANDS": null, "TOP_CATEGORY": "Legal Services", "SUB_CATEGORY": "Offices of Lawyers", "NAICS_CODE": 541110, "LATITUDE": 31.771415, "LONGITUDE": -106.4779, "STREET_ADDRESS": "1500 E Yandell Dr", "CITY": "El Paso", "REGION": "TX", "POSTAL_CODE": 79902, "OPEN_HOURS": { "Mon": [ [ "9:00", "16:00" ] ], "Tue": [ [ "9:00", "16:00" ] ], "Wed": [ [ "9:00", "16:00" ] ], "Thu": [ [ "9:00", "16:00" ] ], "Fri": [ ], "Sat": [ ], "Sun": [ ] }, "CATEGORY_TAGS": "Immigration Law", "OPENED_ON": null, "CLOSED_ON": null, "TRACKING_CLOSED_SINCE": null, "GEOMETRY_TYPE": "POLYGON", "POLYGON_CLASS": "OWNED_POLYGON", "ENCLOSED": "False", "PHONE_NUMBER": 19155445126.0, "IS_SYNTHETIC": "False", "INCLUDES_PARKING_LOT": "False", "WKT_AREA_SQ_METERS": 193.0, "DOMAINS": [ "las-americas.org" ], "WEBSITE": null }, "geometry": { "type": "Polygon", "coordinates": [ [ [ -106.477802051342081, 31.771399130896675 ], [ -106.477894774515917, 31.771313030806613 ], [ -106.47799809299994, 31.771431806000066 ], [ -106.477889432999973, 31.771499585000072 ], [ -106.477802051342081, 31.771399130896675 ] ] ] } },
{ "type": "Feature", "properties": { "PLACEKEY": "226-229@8tf-p3j-jn5", "PARENT_PLACEKEY": "226-222@8tf-p3j-jn5", "LOCATION_NAME": "Richard Spencer Lpc", "BRANDS": null, "TOP_CATEGORY": "Offices of Physicians", "SUB_CATEGORY": "Offices of Physicians, Mental Health Specialists", "NAICS_CODE": 621112, "LATITUDE": 31.773, "LONGITUDE": -106.476814, "STREET_ADDRESS": "1600 Montana Ave", "CITY": "El Paso", "REGION": "TX", "POSTAL_CODE": 79902, "OPEN_HOURS": null, "CATEGORY_TAGS": null, "OPENED_ON": null, "CLOSED_ON": null, "TRACKING_CLOSED_SINCE": null, "GEOMETRY_TYPE": "POLYGON", "POLYGON_CLASS": "SHARED_POLYGON", "ENCLOSED": "False", "PHONE_NUMBER": 19158873410.0, "IS_SYNTHETIC": "False", "INCLUDES_PARKING_LOT": "False", "WKT_AREA_SQ_METERS": 1317.0, "DOMAINS": [ ], "WEBSITE": null }, "geometry": { "type": "Polygon", "coordinates": [ [ [ -106.476783027999943, 31.773188924000067 ], [ -106.476647432999982, 31.77303102500008 ], [ -106.47672474999996, 31.772983417000034 ], [ -106.476708213999984, 31.772964161000061 ], [ -106.47673550199994, 31.772947358000067 ], [ -106.47674872999994, 31.772962763000066 ], [ -106.477098927999975, 31.77274712600007 ], [ -106.47723121599995, 31.772901174000026 ], [ -106.477099323999937, 31.77298238700007 ], [ -106.477148930999988, 31.773040156000036 ], [ -106.47696246299995, 31.773154975000068 ], [ -106.476919468999938, 31.773104910000029 ], [ -106.476783027999943, 31.773188924000067 ] ] ] } },
{ "type": "Feature", "properties": { "PLACEKEY": "226-22f@8tf-p3j-jn5", "PARENT_PLACEKEY": "226-222@8tf-p3j-jn5", "LOCATION_NAME": "Nicole Maynez Lpc", "BRANDS": null, "TOP_CATEGORY": "Offices of Physicians", "SUB_CATEGORY": "Offices of Physicians, Mental Health Specialists", "NAICS_CODE": 621112, "LATITUDE": 31.772982, "LONGITUDE": -106.476827, "STREET_ADDRESS": "1600 Montana Ave", "CITY": "El Paso", "REGION": "TX", "POSTAL_CODE": 79902, "OPEN_HOURS": null, "CATEGORY_TAGS": null, "OPENED_ON": null, "CLOSED_ON": null, "TRACKING_CLOSED_SINCE": null, "GEOMETRY_TYPE": "POLYGON", "POLYGON_CLASS": "SHARED_POLYGON", "ENCLOSED": "False", "PHONE_NUMBER": 19158873410.0, "IS_SYNTHETIC": "False", "INCLUDES_PARKING_LOT": "False", "WKT_AREA_SQ_METERS": 1317.0, "DOMAINS": [ ], "WEBSITE": null }, "geometry": { "type": "Polygon", "coordinates": [ [ [ -106.476783027999943, 31.773188924000067 ], [ -106.476647432999982, 31.77303102500008 ], [ -106.47672474999996, 31.772983417000034 ], [ -106.476708213999984, 31.772964161000061 ], [ -106.47673550199994, 31.772947358000067 ], [ -106.47674872999994, 31.772962763000066 ], [ -106.477098927999975, 31.77274712600007 ], [ -106.47723121599995, 31.772901174000026 ], [ -106.477099323999937, 31.77298238700007 ], [ -106.477148930999988, 31.773040156000036 ], [ -106.47696246299995, 31.773154975000068 ], [ -106.476919468999938, 31.773104910000029 ], [ -106.476783027999943, 31.773188924000067 ] ] ] } },
{ "type": "Feature", "properties": { "PLACEKEY": "22c-22r@8tf-p3j-hkf", "PARENT_PLACEKEY": null, "LOCATION_NAME": "The Church In El Paso Central District", "BRANDS": null, "TOP_CATEGORY": "Religious Organizations", "SUB_CATEGORY": "Religious Organizations", "NAICS_CODE": 813110, "LATITUDE": 31.772269, "LONGITUDE": -106.478268, "STREET_ADDRESS": "1401 Montana Ave", "CITY": "El Paso", "REGION": "TX", "POSTAL_CODE": 79902, "OPEN_HOURS": null, "CATEGORY_TAGS": null, "OPENED_ON": null, "CLOSED_ON": null, "TRACKING_CLOSED_SINCE": null, "GEOMETRY_TYPE": "POLYGON", "POLYGON_CLASS": "OWNED_POLYGON", "ENCLOSED": "False", "PHONE_NUMBER": null, "IS_SYNTHETIC": "False", "INCLUDES_PARKING_LOT": "False", "WKT_AREA_SQ_METERS": 235.0, "DOMAINS": [ ], "WEBSITE": null }, "geometry": { "type": "Polygon", "coordinates": [ [ [ -106.478141290999986, 31.772211157000072 ], [ -106.478241345999947, 31.772149545000048 ], [ -106.47836702099994, 31.772295889000077 ], [ -106.478266964999989, 31.772357501000045 ], [ -106.478141290999986, 31.772211157000072 ] ] ] } },
{ "type": "Feature", "properties": { "PLACEKEY": "227-222@8tf-p3j-hqz", "PARENT_PLACEKEY": null, "LOCATION_NAME": "International Museum of Art", "BRANDS": null, "TOP_CATEGORY": "Museums, Historical Sites, and Similar Institutions", "SUB_CATEGORY": "Museums", "NAICS_CODE": 712110, "LATITUDE": 31.770641, "LONGITUDE": -106.481952, "STREET_ADDRESS": "1211 Montana Ave # Not", "CITY": "El Paso", "REGION": "TX", "POSTAL_CODE": 79902, "OPEN_HOURS": { "Mon": [ ], "Tue": [ ], "Wed": [ [ "10:00", "17:00" ] ], "Thu": [ [ "10:00", "17:00" ] ], "Fri": [ [ "10:00", "17:00" ] ], "Sat": [ [ "13:00", "17:00" ] ], "Sun": [ [ "13:00", "17:00" ] ] }, "CATEGORY_TAGS": null, "OPENED_ON": null, "CLOSED_ON": null, "TRACKING_CLOSED_SINCE": null, "GEOMETRY_TYPE": "POLYGON", "POLYGON_CLASS": "OWNED_POLYGON", "ENCLOSED": "False", "PHONE_NUMBER": 19155436747.0, "IS_SYNTHETIC": "False", "INCLUDES_PARKING_LOT": "False", "WKT_AREA_SQ_METERS": 1438.0, "DOMAINS": [ "internationalmuseumofart.org", "internationalmuseumofart.net" ], "WEBSITE": "http://internationalmuseumofart.net" }, "geometry": { "type": "Polygon", "coordinates": [ [ [ -106.481653342999948, 31.770857751000051 ], [ -106.481540098999972, 31.770733265000047 ], [ -106.481642556999986, 31.770666429000073 ], [ -106.481731779999961, 31.77076450900006 ], [ -106.481958968999948, 31.770616306000079 ], [ -106.481873176999954, 31.770521999000039 ], [ -106.481975634999969, 31.770455162000076 ], [ -106.48216094299994, 31.77065886400004 ], [ -106.482054030999961, 31.770728607000024 ], [ -106.482012850999979, 31.770683339000072 ], [ -106.481972758999973, 31.770709493000027 ], [ -106.482103160999941, 31.770852839000042 ], [ -106.482005158999982, 31.770916770000042 ], [ -106.481967410999971, 31.770875275000037 ], [ -106.481918408999945, 31.770907241000032 ], [ -106.48182918599997, 31.770809162000035 ], [ -106.481793548999974, 31.770832410000025 ], [ -106.481827864999957, 31.770870132000027 ], [ -106.481792226999971, 31.770893380000075 ], [ -106.481871154999965, 31.770980142000042 ], [ -106.48177760699997, 31.771041167000078 ], [ -106.481626614999982, 31.770875186000069 ], [ -106.481653342999948, 31.770857751000051 ] ] ] } },
{ "type": "Feature", "properties": { "PLACEKEY": "22k-222@8tf-p3j-grk", "PARENT_PLACEKEY": null, "LOCATION_NAME": "JAYVA Print House", "BRANDS": null, "TOP_CATEGORY": "Printing and Related Support Activities", "SUB_CATEGORY": "Commercial Screen Printing", "NAICS_CODE": 323113, "LATITUDE": 31.770014, "LONGITUDE": -106.479135, "STREET_ADDRESS": "1331 Wyoming Ave", "CITY": "El Paso", "REGION": "TX", "POSTAL_CODE": 79902, "OPEN_HOURS": { "Mon": [ [ "9:00", "17:00" ] ], "Tue": [ [ "9:00", "17:00" ] ], "Wed": [ [ "9:00", "17:00" ] ], "Thu": [ [ "9:00", "17:00" ] ], "Fri": [ [ "9:00", "17:00" ] ], "Sat": [ ], "Sun": [ ] }, "CATEGORY_TAGS": "Graphic Design,Screen Printing", "OPENED_ON": null, "CLOSED_ON": null, "TRACKING_CLOSED_SINCE": null, "GEOMETRY_TYPE": "POLYGON", "POLYGON_CLASS": "OWNED_POLYGON", "ENCLOSED": "False", "PHONE_NUMBER": 19153035803.0, "IS_SYNTHETIC": "False", "INCLUDES_PARKING_LOT": "False", "WKT_AREA_SQ_METERS": 202.0, "DOMAINS": [ "jayva.ink" ], "WEBSITE": "https://borderprinthouse.myshopify.com/" }, "geometry": { "type": "Polygon", "coordinates": [ [ [ -106.479171328999939, 31.770086214000059 ], [ -106.47914071699995, 31.770058299000027 ], [ -106.479111873999955, 31.770080981000035 ], [ -106.479023867999956, 31.770000727000024 ], [ -106.479126879999967, 31.769919720000075 ], [ -106.479245496999965, 31.770027888000072 ], [ -106.479171328999939, 31.770086214000059 ] ] ] } },
{ "type": "Feature", "properties": { "PLACEKEY": "22h-222@8tf-p3j-jsq", "PARENT_PLACEKEY": null, "LOCATION_NAME": "Francis Properties", "BRANDS": null, "TOP_CATEGORY": "Activities Related to Real Estate", "SUB_CATEGORY": "Residential Property Managers", "NAICS_CODE": 531311, "LATITUDE": 31.773241, "LONGITUDE": -106.475714, "STREET_ADDRESS": "1701 E Yandell Dr", "CITY": "El Paso", "REGION": "TX", "POSTAL_CODE": 79902, "OPEN_HOURS": { "Mon": [ [ "8:00", "17:00" ] ], "Tue": [ [ "8:00", "17:00" ] ], "Wed": [ [ "8:00", "17:00" ] ], "Thu": [ [ "8:00", "17:00" ] ], "Fri": [ [ "8:00", "17:00" ] ], "Sat": [ ], "Sun": [ ] }, "CATEGORY_TAGS": "Property Management", "OPENED_ON": null, "CLOSED_ON": null, "TRACKING_CLOSED_SINCE": null, "GEOMETRY_TYPE": "POLYGON", "POLYGON_CLASS": "SHARED_POLYGON", "ENCLOSED": "False", "PHONE_NUMBER": 19153518000.0, "IS_SYNTHETIC": "False", "INCLUDES_PARKING_LOT": "False", "WKT_AREA_SQ_METERS": 296.0, "DOMAINS": [ "francisproperties.com" ], "WEBSITE": null }, "geometry": { "type": "Polygon", "coordinates": [ [ [ -106.475812382999948, 31.773390653000035 ], [ -106.475654418999966, 31.773204563000036 ], [ -106.475735553, 31.773147140000049 ], [ -106.475854562999984, 31.773267708000049 ], [ -106.475802786999964, 31.773304354000061 ], [ -106.475853276999942, 31.773355504000051 ], [ -106.475892108999972, 31.773328019000076 ], [ -106.475946203999968, 31.773382823000077 ], [ -106.475872853999988, 31.773434738000049 ], [ -106.475822364999942, 31.773383588000058 ], [ -106.475812382999948, 31.773390653000035 ] ] ] } },
{ "type": "Feature", "properties": { "PLACEKEY": "22t-222@8tf-p3j-m6k", "PARENT_PLACEKEY": null, "LOCATION_NAME": "Predator Pest Control", "BRANDS": null, "TOP_CATEGORY": "Services to Buildings and Dwellings", "SUB_CATEGORY": null, "NAICS_CODE": 5617, "LATITUDE": 31.768699, "LONGITUDE": -106.481182, "STREET_ADDRESS": "706 Noble St", "CITY": "El Paso", "REGION": "TX", "POSTAL_CODE": 79902, "OPEN_HOURS": null, "CATEGORY_TAGS": null, "OPENED_ON": null, "CLOSED_ON": null, "TRACKING_CLOSED_SINCE": null, "GEOMETRY_TYPE": "POLYGON", "POLYGON_CLASS": "SHARED_POLYGON", "ENCLOSED": "False", "PHONE_NUMBER": 19153736043.0, "IS_SYNTHETIC": "False", "INCLUDES_PARKING_LOT": "False", "WKT_AREA_SQ_METERS": 111.0, "DOMAINS": [ "predatorpestcontrolep.com" ], "WEBSITE": "http://predatorpestcontrolep.com/" }, "geometry": { "type": "Polygon", "coordinates": [ [ [ -106.481164958972016, 31.768774082759791 ], [ -106.481112106999944, 31.768714160000052 ], [ -106.481224135660483, 31.768642034544371 ], [ -106.481276987632555, 31.76870195730411 ], [ -106.481164958972016, 31.768774082759791 ] ] ] } },
{ "type": "Feature", "properties": { "PLACEKEY": "23g-222@8tf-p3j-jvz", "PARENT_PLACEKEY": null, "LOCATION_NAME": "Gold & Silver Exchange", "BRANDS": null, "TOP_CATEGORY": "Nondepository Credit Intermediation", "SUB_CATEGORY": "All Other Nondepository Credit Intermediation", "NAICS_CODE": 522298, "LATITUDE": 31.773462, "LONGITUDE": -106.477387, "STREET_ADDRESS": "1609 Montana Ave", "CITY": "El Paso", "REGION": "TX", "POSTAL_CODE": 79902, "OPEN_HOURS": { "Mon": [ [ "9:00", "15:00" ] ], "Tue": [ [ "9:00", "15:00" ] ], "Wed": [ [ "9:00", "15:00" ] ], "Thu": [ [ "9:00", "15:00" ] ], "Fri": [ [ "9:00", "15:00" ] ], "Sat": [ [ "9:00", "13:00" ] ], "Sun": [ ] }, "CATEGORY_TAGS": "Antiques,Jewelry", "OPENED_ON": null, "CLOSED_ON": null, "TRACKING_CLOSED_SINCE": null, "GEOMETRY_TYPE": "POLYGON", "POLYGON_CLASS": "SHARED_POLYGON", "ENCLOSED": "False", "PHONE_NUMBER": 19155323102.0, "IS_SYNTHETIC": "False", "INCLUDES_PARKING_LOT": "False", "WKT_AREA_SQ_METERS": 1533.0, "DOMAINS": [ "nmgoldandsilver.com" ], "WEBSITE": null }, "geometry": { "type": "Polygon", "coordinates": [ [ [ -106.476875930999938, 31.773747857000046 ], [ -106.477572686999963, 31.773299144000077 ], [ -106.477450137999938, 31.773162699000068 ], [ -106.477464694, 31.773153324000077 ], [ -106.477697599999942, 31.773418800000059 ], [ -106.477535899999964, 31.773522400000047 ], [ -106.477376199999981, 31.773628200000076 ], [ -106.477185, 31.773753100000079 ], [ -106.476991399999974, 31.773875300000043 ], [ -106.476875930999938, 31.773747857000046 ] ] ] } },
{ "type": "Feature", "properties": { "PLACEKEY": "228-222@8tf-p3j-89z", "PARENT_PLACEKEY": null, "LOCATION_NAME": "Carlos & Sons Body Shop", "BRANDS": null, "TOP_CATEGORY": "Automotive Repair and Maintenance", "SUB_CATEGORY": "Automotive Body, Paint, and Interior Repair and Maintenance", "NAICS_CODE": 811121, "LATITUDE": 31.767127, "LONGITUDE": -106.483599, "STREET_ADDRESS": "1001 Wyoming Ave", "CITY": "El Paso", "REGION": "TX", "POSTAL_CODE": 79902, "OPEN_HOURS": { "Mon": [ [ "8:00", "20:00" ] ], "Tue": [ [ "8:00", "20:00" ] ], "Wed": [ [ "8:00", "20:00" ] ], "Thu": [ [ "8:00", "20:00" ] ], "Fri": [ [ "8:00", "20:00" ] ], "Sat": [ [ "9:00", "18:00" ] ], "Sun": [ [ "10:00", "17:00" ] ] }, "CATEGORY_TAGS": "Body Shops", "OPENED_ON": null, "CLOSED_ON": null, "TRACKING_CLOSED_SINCE": null, "GEOMETRY_TYPE": "POLYGON", "POLYGON_CLASS": "OWNED_POLYGON", "ENCLOSED": "False", "PHONE_NUMBER": 19156914767.0, "IS_SYNTHETIC": "False", "INCLUDES_PARKING_LOT": "False", "WKT_AREA_SQ_METERS": 431.0, "DOMAINS": [ ], "WEBSITE": null }, "geometry": { "type": "Polygon", "coordinates": [ [ [ -106.483657092999977, 31.767302659000052 ], [ -106.48363345599995, 31.767276006000031 ], [ -106.483626776999984, 31.76728025400007 ], [ -106.483475873999964, 31.767108247000067 ], [ -106.483611898, 31.76702173700005 ], [ -106.483787483999947, 31.767219733000047 ], [ -106.483657092999977, 31.767302659000052 ] ], [ [ -106.483677226999987, 31.767158842000072 ], [ -106.483667096999966, 31.767147419000025 ], [ -106.483613142999957, 31.767181733000029 ], [ -106.483623272999978, 31.767193156000076 ], [ -106.483677226999987, 31.767158842000072 ] ] ] } },
{ "type": "Feature", "properties": { "PLACEKEY": "22c-222@8tf-p3j-h3q", "PARENT_PLACEKEY": null, "LOCATION_NAME": "Called out Christian Ministries", "BRANDS": null, "TOP_CATEGORY": "Religious Organizations", "SUB_CATEGORY": "Religious Organizations", "NAICS_CODE": 813110, "LATITUDE": 31.768958, "LONGITUDE": -106.478853, "STREET_ADDRESS": "1317 E Missouri Ave", "CITY": "El Paso", "REGION": "TX", "POSTAL_CODE": 79902, "OPEN_HOURS": { "Mon": [ ], "Tue": [ [ "19:00", "20:30" ] ], "Wed": [ ], "Thu": [ [ "19:00", "20:00" ] ], "Fri": [ ], "Sat": [ ], "Sun": [ [ "9:30", "13:00" ] ] }, "CATEGORY_TAGS": "Religious Affiliate", "OPENED_ON": null, "CLOSED_ON": null, "TRACKING_CLOSED_SINCE": null, "GEOMETRY_TYPE": "POLYGON", "POLYGON_CLASS": "OWNED_POLYGON", "ENCLOSED": "False", "PHONE_NUMBER": 19153551390.0, "IS_SYNTHETIC": "False", "INCLUDES_PARKING_LOT": "False", "WKT_AREA_SQ_METERS": 215.0, "DOMAINS": [ "calledoutchristianministries.org" ], "WEBSITE": null }, "geometry": { "type": "Polygon", "coordinates": [ [ [ -106.478958000308353, 31.768989937230195 ], [ -106.478870801607002, 31.76906623609386 ], [ -106.478748554, 31.768926598000064 ], [ -106.478847929999972, 31.768864209000071 ], [ -106.478958000308353, 31.768989937230195 ] ] ] } },
{ "type": "Feature", "properties": { "PLACEKEY": "22g-222@8tf-p3j-hbk", "PARENT_PLACEKEY": null, "LOCATION_NAME": "Love Women Health", "BRANDS": null, "TOP_CATEGORY": "Offices of Other Health Practitioners", "SUB_CATEGORY": "Offices of All Other Miscellaneous Health Practitioners", "NAICS_CODE": 621399, "LATITUDE": 31.771474, "LONGITUDE": -106.481117, "STREET_ADDRESS": "1312 E Rio Grande Ave", "CITY": "El Paso", "REGION": "TX", "POSTAL_CODE": 79902, "OPEN_HOURS": { "Mon": [ [ "9:00", "13:00" ] ], "Tue": [ [ "9:00", "13:00" ] ], "Wed": [ [ "9:00", "13:00" ] ], "Thu": [ ], "Fri": [ [ "11:00", "14:00" ] ], "Sat": [ [ "9:00", "12:00" ] ], "Sun": [ ] }, "CATEGORY_TAGS": "Doula,Nutritionists,Reiki", "OPENED_ON": null, "CLOSED_ON": null, "TRACKING_CLOSED_SINCE": null, "GEOMETRY_TYPE": "POLYGON", "POLYGON_CLASS": "OWNED_POLYGON", "ENCLOSED": "False", "PHONE_NUMBER": 19154007743.0, "IS_SYNTHETIC": "False", "INCLUDES_PARKING_LOT": "False", "WKT_AREA_SQ_METERS": 336.0, "DOMAINS": [ "lovewomenhealth.center" ], "WEBSITE": null }, "geometry": { "type": "Polygon", "coordinates": [ [ [ -106.481189871999959, 31.771590488000072 ], [ -106.481083076999937, 31.771505934000061 ], [ -106.481067715999984, 31.771519846000047 ], [ -106.480969133999963, 31.771441796000033 ], [ -106.481068986999958, 31.771351361000029 ], [ -106.481274362999955, 31.771513967000033 ], [ -106.481189871999959, 31.771590488000072 ] ] ] } },
{ "type": "Feature", "properties": { "PLACEKEY": "236-222@8tf-p3j-hh5", "PARENT_PLACEKEY": null, "LOCATION_NAME": "Pearl Properties", "BRANDS": null, "TOP_CATEGORY": "Activities Related to Real Estate", "SUB_CATEGORY": "Residential Property Managers", "NAICS_CODE": 531311, "LATITUDE": 31.771844, "LONGITUDE": -106.480228, "STREET_ADDRESS": "900 Newman St", "CITY": "El Paso", "REGION": "TX", "POSTAL_CODE": 79902, "OPEN_HOURS": { "Mon": [ [ "8:00", "17:00" ] ], "Tue": [ [ "8:00", "17:00" ] ], "Wed": [ [ "8:00", "17:00" ] ], "Thu": [ [ "8:00", "17:00" ] ], "Fri": [ [ "8:00", "17:00" ] ], "Sat": [ ], "Sun": [ ] }, "CATEGORY_TAGS": "Property Management", "OPENED_ON": null, "CLOSED_ON": null, "TRACKING_CLOSED_SINCE": null, "GEOMETRY_TYPE": "POLYGON", "POLYGON_CLASS": "SHARED_POLYGON", "ENCLOSED": "False", "PHONE_NUMBER": 19155326419.0, "IS_SYNTHETIC": "False", "INCLUDES_PARKING_LOT": "False", "WKT_AREA_SQ_METERS": 1241.0, "DOMAINS": [ "pearlelpaso.com" ], "WEBSITE": null }, "geometry": { "type": "Polygon", "coordinates": [ [ [ -106.479830697999944, 31.771844360000046 ], [ -106.48000972899996, 31.771729053000058 ], [ -106.480019941999956, 31.77174042300004 ], [ -106.480100505999985, 31.771688535000067 ], [ -106.480352416999949, 31.771969001000059 ], [ -106.480092820999971, 31.772136196000076 ], [ -106.479830697999944, 31.771844360000046 ] ] ] } },
{ "type": "Feature", "properties": { "PLACEKEY": "228-223@8tf-p3j-k2k", "PARENT_PLACEKEY": null, "LOCATION_NAME": "Lerma Eduardo N Sr Attorney At Law", "BRANDS": null, "TOP_CATEGORY": "Legal Services", "SUB_CATEGORY": "Offices of Lawyers", "NAICS_CODE": 541110, "LATITUDE": 31.772339, "LONGITUDE": -106.479033, "STREET_ADDRESS": "1417 Montana Ave", "CITY": "El Paso", "REGION": "TX", "POSTAL_CODE": 79902, "OPEN_HOURS": null, "CATEGORY_TAGS": null, "OPENED_ON": null, "CLOSED_ON": null, "TRACKING_CLOSED_SINCE": null, "GEOMETRY_TYPE": "POLYGON", "POLYGON_CLASS": "OWNED_POLYGON", "ENCLOSED": "False", "PHONE_NUMBER": 19155330177.0, "IS_SYNTHETIC": "False", "INCLUDES_PARKING_LOT": "False", "WKT_AREA_SQ_METERS": 330.0, "DOMAINS": [ ], "WEBSITE": null }, "geometry": { "type": "Polygon", "coordinates": [ [ [ -106.47906489899998, 31.772520588000077 ], [ -106.479016979999983, 31.77246180800006 ], [ -106.478984585999967, 31.772480744000063 ], [ -106.478904717999967, 31.772382777000075 ], [ -106.479052804999981, 31.772296211000025 ], [ -106.479180591999977, 31.772452958000031 ], [ -106.47906489899998, 31.772520588000077 ] ] ] } },
{ "type": "Feature", "properties": { "PLACEKEY": "22d-222@8tf-p3j-hqz", "PARENT_PLACEKEY": null, "LOCATION_NAME": "Apartments at 1207 Rio Grande Ave", "BRANDS": null, "TOP_CATEGORY": "Lessors of Real Estate", "SUB_CATEGORY": "Lessors of Residential Buildings and Dwellings", "NAICS_CODE": 531110, "LATITUDE": 31.771307, "LONGITUDE": -106.482445, "STREET_ADDRESS": "1207 E Rio Grande Ave", "CITY": "El Paso", "REGION": "TX", "POSTAL_CODE": 79902, "OPEN_HOURS": null, "CATEGORY_TAGS": null, "OPENED_ON": null, "CLOSED_ON": null, "TRACKING_CLOSED_SINCE": null, "GEOMETRY_TYPE": "POLYGON", "POLYGON_CLASS": "OWNED_POLYGON", "ENCLOSED": "False", "PHONE_NUMBER": null, "IS_SYNTHETIC": "False", "INCLUDES_PARKING_LOT": "False", "WKT_AREA_SQ_METERS": 310.0, "DOMAINS": [ ], "WEBSITE": null }, "geometry": { "type": "Polygon", "coordinates": [ [ [ -106.482442659103114, 31.771190751662608 ], [ -106.482574757897098, 31.77133523859559 ], [ -106.482448694073398, 31.771419609534142 ], [ -106.482315254174907, 31.771277973105587 ], [ -106.482442659103114, 31.771190751662608 ] ] ] } },
{ "type": "Feature", "properties": { "PLACEKEY": "22p-227@8tf-p3j-5zz", "PARENT_PLACEKEY": null, "LOCATION_NAME": "Julian Valdespino Lcdc", "BRANDS": null, "TOP_CATEGORY": "Offices of Physicians", "SUB_CATEGORY": "Offices of Physicians, Mental Health Specialists", "NAICS_CODE": 621112, "LATITUDE": 31.768563, "LONGITUDE": -106.484896, "STREET_ADDRESS": "1001 Montana Ave", "CITY": "El Paso", "REGION": "TX", "POSTAL_CODE": 79902, "OPEN_HOURS": null, "CATEGORY_TAGS": null, "OPENED_ON": null, "CLOSED_ON": null, "TRACKING_CLOSED_SINCE": null, "GEOMETRY_TYPE": "POLYGON", "POLYGON_CLASS": "SHARED_POLYGON", "ENCLOSED": "False", "PHONE_NUMBER": 19155347227.0, "IS_SYNTHETIC": "False", "INCLUDES_PARKING_LOT": "False", "WKT_AREA_SQ_METERS": 175.0, "DOMAINS": [ ], "WEBSITE": null }, "geometry": { "type": "Polygon", "coordinates": [ [ [ -106.484777437999981, 31.768552525000075 ], [ -106.484883581999952, 31.768481950000023 ], [ -106.48497386799994, 31.768579327000054 ], [ -106.484867722999979, 31.768649903000039 ], [ -106.484777437999981, 31.768552525000075 ] ] ] } },
{ "type": "Feature", "properties": { "PLACEKEY": "224-222@8tf-p3j-kzz", "PARENT_PLACEKEY": null, "LOCATION_NAME": "Diamond Bar Shaving & Beard", "BRANDS": null, "TOP_CATEGORY": "Personal Care Services", "SUB_CATEGORY": "Other Personal Care Services", "NAICS_CODE": 812199, "LATITUDE": 31.769383, "LONGITUDE": -106.482671, "STREET_ADDRESS": "1122 Montana Ave", "CITY": "El Paso", "REGION": "TX", "POSTAL_CODE": 79902, "OPEN_HOURS": { "Mon": [ ], "Tue": [ [ "12:00", "18:00" ] ], "Wed": [ [ "12:00", "18:00" ] ], "Thu": [ [ "12:00", "18:00" ] ], "Fri": [ [ "12:00", "18:00" ] ], "Sat": [ [ "12:00", "18:00" ] ], "Sun": [ ] }, "CATEGORY_TAGS": "Barber,Cosmetics", "OPENED_ON": null, "CLOSED_ON": null, "TRACKING_CLOSED_SINCE": null, "GEOMETRY_TYPE": "POLYGON", "POLYGON_CLASS": "SHARED_POLYGON", "ENCLOSED": "False", "PHONE_NUMBER": 19153145455.0, "IS_SYNTHETIC": "False", "INCLUDES_PARKING_LOT": "False", "WKT_AREA_SQ_METERS": 229.0, "DOMAINS": [ "diamondbarshaving.com" ], "WEBSITE": null }, "geometry": { "type": "Polygon", "coordinates": [ [ [ -106.482553476999954, 31.769347663000076 ], [ -106.482657546999974, 31.769274905000032 ], [ -106.482779265999966, 31.769399755000052 ], [ -106.482675195999946, 31.769472513000039 ], [ -106.482553476999954, 31.769347663000076 ] ] ] } },
{ "type": "Feature", "properties": { "PLACEKEY": "224-227@8tf-p3j-kzz", "PARENT_PLACEKEY": null, "LOCATION_NAME": "Del Puerto Construction Co", "BRANDS": null, "TOP_CATEGORY": "Residential Building Construction", "SUB_CATEGORY": "Residential Remodelers", "NAICS_CODE": 236118, "LATITUDE": 31.769362, "LONGITUDE": -106.482639, "STREET_ADDRESS": "1122 Montana Ave", "CITY": "El Paso", "REGION": "TX", "POSTAL_CODE": 79902, "OPEN_HOURS": null, "CATEGORY_TAGS": "Contractors", "OPENED_ON": null, "CLOSED_ON": null, "TRACKING_CLOSED_SINCE": null, "GEOMETRY_TYPE": "POLYGON", "POLYGON_CLASS": "SHARED_POLYGON", "ENCLOSED": "False", "PHONE_NUMBER": 19153139200.0, "IS_SYNTHETIC": "False", "INCLUDES_PARKING_LOT": "False", "WKT_AREA_SQ_METERS": 229.0, "DOMAINS": [ ], "WEBSITE": null }, "geometry": { "type": "Polygon", "coordinates": [ [ [ -106.482553476999954, 31.769347663000076 ], [ -106.482657546999974, 31.769274905000032 ], [ -106.482779265999966, 31.769399755000052 ], [ -106.482675195999946, 31.769472513000039 ], [ -106.482553476999954, 31.769347663000076 ] ] ] } },
{ "type": "Feature", "properties": { "PLACEKEY": "22g-222@8tf-p3j-hkf", "PARENT_PLACEKEY": null, "LOCATION_NAME": "Joe Lopez Law", "BRANDS": null, "TOP_CATEGORY": "Legal Services", "SUB_CATEGORY": "Offices of Lawyers", "NAICS_CODE": 541110, "LATITUDE": 31.772999, "LONGITUDE": -106.480571, "STREET_ADDRESS": "1408 Arizona Ave", "CITY": "El Paso", "REGION": "TX", "POSTAL_CODE": 79902, "OPEN_HOURS": null, "CATEGORY_TAGS": "Criminal Defense,Dui Lawyers,Personal Injury Law", "OPENED_ON": null, "CLOSED_ON": null, "TRACKING_CLOSED_SINCE": null, "GEOMETRY_TYPE": "POLYGON", "POLYGON_CLASS": "OWNED_POLYGON", "ENCLOSED": "False", "PHONE_NUMBER": 19152431441.0, "IS_SYNTHETIC": "False", "INCLUDES_PARKING_LOT": "False", "WKT_AREA_SQ_METERS": 198.0, "DOMAINS": [ "elpaso-lawyer.com" ], "WEBSITE": "https://www.elpaso-lawyer.com" }, "geometry": { "type": "Polygon", "coordinates": [ [ [ -106.480594692999944, 31.773105006000037 ], [ -106.480518615999983, 31.773017554000035 ], [ -106.480482622999943, 31.772980864000033 ], [ -106.480575813999963, 31.77292273300003 ], [ -106.480692545999943, 31.77305691600003 ], [ -106.480601995999962, 31.773113400000057 ], [ -106.480594692999944, 31.773105006000037 ] ] ] } },
{ "type": "Feature", "properties": { "PLACEKEY": "22b-223@8tf-p3j-m49", "PARENT_PLACEKEY": null, "LOCATION_NAME": "TaxSmart Business Services", "BRANDS": null, "TOP_CATEGORY": "Accounting, Tax Preparation, Bookkeeping, and Payroll Services", "SUB_CATEGORY": "Tax Preparation Services", "NAICS_CODE": 541213, "LATITUDE": 31.768335, "LONGITUDE": -106.479974, "STREET_ADDRESS": "1219 E Missouri Ave", "CITY": "El Paso", "REGION": "TX", "POSTAL_CODE": 79902, "OPEN_HOURS": { "Mon": [ [ "9:00", "16:00" ] ], "Tue": [ [ "9:00", "16:00" ] ], "Wed": [ [ "9:00", "16:00" ] ], "Thu": [ [ "9:00", "16:00" ] ], "Fri": [ [ "9:00", "12:00" ] ], "Sat": [ ], "Sun": [ ] }, "CATEGORY_TAGS": "Accountants,Bookkeepers", "OPENED_ON": null, "CLOSED_ON": null, "TRACKING_CLOSED_SINCE": null, "GEOMETRY_TYPE": "POLYGON", "POLYGON_CLASS": "SHARED_POLYGON", "ENCLOSED": "False", "PHONE_NUMBER": 19156005557.0, "IS_SYNTHETIC": "False", "INCLUDES_PARKING_LOT": "False", "WKT_AREA_SQ_METERS": 213.0, "DOMAINS": [ "taxsmartep.com" ], "WEBSITE": null }, "geometry": { "type": "Polygon", "coordinates": [ [ [ -106.479838650999966, 31.768250575000025 ], [ -106.479920690999961, 31.768200376000038 ], [ -106.480059005999976, 31.768362484000079 ], [ -106.479976965, 31.768412683000065 ], [ -106.479838650999966, 31.768250575000025 ] ] ] } },
{ "type": "Feature", "properties": { "PLACEKEY": "226-226@8tf-p3j-jn5", "PARENT_PLACEKEY": "226-222@8tf-p3j-jn5", "LOCATION_NAME": "Danelle Carlos Lcdc, Lpc", "BRANDS": null, "TOP_CATEGORY": "Offices of Physicians", "SUB_CATEGORY": "Offices of Physicians, Mental Health Specialists", "NAICS_CODE": 621112, "LATITUDE": 31.773003, "LONGITUDE": -106.476807, "STREET_ADDRESS": "1600 Montana Ave", "CITY": "El Paso", "REGION": "TX", "POSTAL_CODE": 79902, "OPEN_HOURS": null, "CATEGORY_TAGS": null, "OPENED_ON": null, "CLOSED_ON": null, "TRACKING_CLOSED_SINCE": null, "GEOMETRY_TYPE": "POLYGON", "POLYGON_CLASS": "SHARED_POLYGON", "ENCLOSED": "False", "PHONE_NUMBER": 19154797868.0, "IS_SYNTHETIC": "False", "INCLUDES_PARKING_LOT": "False", "WKT_AREA_SQ_METERS": 1317.0, "DOMAINS": [ ], "WEBSITE": null }, "geometry": { "type": "Polygon", "coordinates": [ [ [ -106.476783027999943, 31.773188924000067 ], [ -106.476647432999982, 31.77303102500008 ], [ -106.47672474999996, 31.772983417000034 ], [ -106.476708213999984, 31.772964161000061 ], [ -106.47673550199994, 31.772947358000067 ], [ -106.47674872999994, 31.772962763000066 ], [ -106.477098927999975, 31.77274712600007 ], [ -106.47723121599995, 31.772901174000026 ], [ -106.477099323999937, 31.77298238700007 ], [ -106.477148930999988, 31.773040156000036 ], [ -106.47696246299995, 31.773154975000068 ], [ -106.476919468999938, 31.773104910000029 ], [ -106.476783027999943, 31.773188924000067 ] ] ] } },
{ "type": "Feature", "properties": { "PLACEKEY": "22w-222@8tf-p3j-k4v", "PARENT_PLACEKEY": null, "LOCATION_NAME": "Dr. Alejandro Huerta DC", "BRANDS": null, "TOP_CATEGORY": "Offices of Other Health Practitioners", "SUB_CATEGORY": "Offices of Chiropractors", "NAICS_CODE": 621310, "LATITUDE": 31.772238, "LONGITUDE": -106.476595, "STREET_ADDRESS": "1604 E Yandell Dr", "CITY": "El Paso", "REGION": "TX", "POSTAL_CODE": 79902, "OPEN_HOURS": null, "CATEGORY_TAGS": null, "OPENED_ON": null, "CLOSED_ON": null, "TRACKING_CLOSED_SINCE": null, "GEOMETRY_TYPE": "POLYGON", "POLYGON_CLASS": "SHARED_POLYGON", "ENCLOSED": "False", "PHONE_NUMBER": 19152568535.0, "IS_SYNTHETIC": "False", "INCLUDES_PARKING_LOT": "False", "WKT_AREA_SQ_METERS": 401.0, "DOMAINS": [ ], "WEBSITE": null }, "geometry": { "type": "Polygon", "coordinates": [ [ [ -106.476354344999947, 31.772242017000053 ], [ -106.476349065999955, 31.772229784000046 ], [ -106.476425155999948, 31.772180781000031 ], [ -106.476557914999944, 31.772328598000058 ], [ -106.476566865999985, 31.772322833000032 ], [ -106.476485169999989, 31.772231869000052 ], [ -106.476583639999944, 31.772168454000052 ], [ -106.476552433999984, 31.772128726000062 ], [ -106.476678399999969, 31.772281200000066 ], [ -106.476502616999937, 31.772400105000031 ], [ -106.476354344999947, 31.772242017000053 ] ] ] } },
{ "type": "Feature", "properties": { "PLACEKEY": "22h-222@8tf-p3h-hnq", "PARENT_PLACEKEY": null, "LOCATION_NAME": "El Paso High Feeder Community Schools", "BRANDS": null, "TOP_CATEGORY": "Elementary and Secondary Schools", "SUB_CATEGORY": "Elementary and Secondary Schools", "NAICS_CODE": 611110, "LATITUDE": 31.77441, "LONGITUDE": -106.482722, "STREET_ADDRESS": "1300 Circle Dr", "CITY": "El Paso", "REGION": "TX", "POSTAL_CODE": 79902, "OPEN_HOURS": null, "CATEGORY_TAGS": null, "OPENED_ON": null, "CLOSED_ON": null, "TRACKING_CLOSED_SINCE": null, "GEOMETRY_TYPE": "POLYGON", "POLYGON_CLASS": "OWNED_POLYGON", "ENCLOSED": "False", "PHONE_NUMBER": 19152363600.0, "IS_SYNTHETIC": "False", "INCLUDES_PARKING_LOT": "False", "WKT_AREA_SQ_METERS": 90.0, "DOMAINS": [ "episd.org" ], "WEBSITE": "http://EPISD.org/Wiggs" }, "geometry": { "type": "Polygon", "coordinates": [ [ [ -106.48265298299998, 31.774393417000056 ], [ -106.482726072999981, 31.774348985000074 ], [ -106.482791664999979, 31.774426348000077 ], [ -106.482718573999989, 31.774470780000058 ], [ -106.48265298299998, 31.774393417000056 ] ] ] } },
{ "type": "Feature", "properties": { "PLACEKEY": "226-22n@8tf-p3j-jn5", "PARENT_PLACEKEY": "226-222@8tf-p3j-jn5", "LOCATION_NAME": "Mr. Manuel Hernandez Lpc", "BRANDS": null, "TOP_CATEGORY": "Offices of Physicians", "SUB_CATEGORY": "Offices of Physicians, Mental Health Specialists", "NAICS_CODE": 621112, "LATITUDE": 31.773021, "LONGITUDE": -106.476821, "STREET_ADDRESS": "1600 Montana Ave", "CITY": "El Paso", "REGION": "TX", "POSTAL_CODE": 79902, "OPEN_HOURS": null, "CATEGORY_TAGS": null, "OPENED_ON": null, "CLOSED_ON": null, "TRACKING_CLOSED_SINCE": null, "GEOMETRY_TYPE": "POLYGON", "POLYGON_CLASS": "SHARED_POLYGON", "ENCLOSED": "False", "PHONE_NUMBER": 19158873410.0, "IS_SYNTHETIC": "False", "INCLUDES_PARKING_LOT": "False", "WKT_AREA_SQ_METERS": 1317.0, "DOMAINS": [ ], "WEBSITE": null }, "geometry": { "type": "Polygon", "coordinates": [ [ [ -106.476783027999943, 31.773188924000067 ], [ -106.476647432999982, 31.77303102500008 ], [ -106.47672474999996, 31.772983417000034 ], [ -106.476708213999984, 31.772964161000061 ], [ -106.47673550199994, 31.772947358000067 ], [ -106.47674872999994, 31.772962763000066 ], [ -106.477098927999975, 31.77274712600007 ], [ -106.47723121599995, 31.772901174000026 ], [ -106.477099323999937, 31.77298238700007 ], [ -106.477148930999988, 31.773040156000036 ], [ -106.47696246299995, 31.773154975000068 ], [ -106.476919468999938, 31.773104910000029 ], [ -106.476783027999943, 31.773188924000067 ] ] ] } },
{ "type": "Feature", "properties": { "PLACEKEY": "222-223@8tf-p3j-jy9", "PARENT_PLACEKEY": null, "LOCATION_NAME": "Rigos Body & Paint", "BRANDS": null, "TOP_CATEGORY": "Automotive Repair and Maintenance", "SUB_CATEGORY": "Automotive Body, Paint, and Interior Repair and Maintenance", "NAICS_CODE": 811121, "LATITUDE": 31.771121, "LONGITUDE": -106.47728, "STREET_ADDRESS": "1505 Wyoming El Paso", "CITY": "El Paso", "REGION": "TX", "POSTAL_CODE": 79902, "OPEN_HOURS": { "Mon": [ [ "9:00", "17:00" ] ], "Tue": [ [ "9:00", "17:00" ] ], "Wed": [ [ "9:00", "17:00" ] ], "Thu": [ [ "9:00", "17:00" ] ], "Fri": [ [ "9:00", "17:00" ] ], "Sat": [ [ "9:00", "13:00" ] ], "Sun": [ ] }, "CATEGORY_TAGS": null, "OPENED_ON": null, "CLOSED_ON": null, "TRACKING_CLOSED_SINCE": null, "GEOMETRY_TYPE": "POLYGON", "POLYGON_CLASS": "OWNED_POLYGON", "ENCLOSED": "False", "PHONE_NUMBER": 19155323344.0, "IS_SYNTHETIC": "False", "INCLUDES_PARKING_LOT": "False", "WKT_AREA_SQ_METERS": 469.0, "DOMAINS": [ ], "WEBSITE": null }, "geometry": { "type": "Polygon", "coordinates": [ [ [ -106.47717234299995, 31.771108922000053 ], [ -106.477297646999943, 31.771029246000069 ], [ -106.477494359, 31.771255495000048 ], [ -106.477365637, 31.771337345000063 ], [ -106.47717234299995, 31.771108922000053 ] ] ] } },
{ "type": "Feature", "properties": { "PLACEKEY": "222-225@8tf-p3j-5pv", "PARENT_PLACEKEY": null, "LOCATION_NAME": "Manos De Luz", "BRANDS": null, "TOP_CATEGORY": "Offices of Other Health Practitioners", "SUB_CATEGORY": "Offices of All Other Miscellaneous Health Practitioners", "NAICS_CODE": 621399, "LATITUDE": 31.770356, "LONGITUDE": -106.482341, "STREET_ADDRESS": "905 Noble St", "CITY": "El Paso", "REGION": "TX", "POSTAL_CODE": 79902, "OPEN_HOURS": { "Mon": [ [ "9:00", "19:00" ] ], "Tue": [ [ "9:00", "19:00" ] ], "Wed": [ [ "9:00", "19:00" ] ], "Thu": [ [ "9:00", "19:00" ] ], "Fri": [ [ "9:00", "19:00" ] ], "Sat": [ [ "9:00", "19:00" ] ], "Sun": [ ] }, "CATEGORY_TAGS": null, "OPENED_ON": null, "CLOSED_ON": null, "TRACKING_CLOSED_SINCE": null, "GEOMETRY_TYPE": "POLYGON", "POLYGON_CLASS": "SHARED_POLYGON", "ENCLOSED": "False", "PHONE_NUMBER": 19152092145.0, "IS_SYNTHETIC": "False", "INCLUDES_PARKING_LOT": "False", "WKT_AREA_SQ_METERS": 122.0, "DOMAINS": [ "healingelpaso.com" ], "WEBSITE": "https://www.healingelpaso.com/" }, "geometry": { "type": "Polygon", "coordinates": [ [ [ -106.482453760999988, 31.770351988000073 ], [ -106.482336839999959, 31.770426379000071 ], [ -106.482279924999943, 31.770365379000054 ], [ -106.482394641999974, 31.770288625000035 ], [ -106.482453760999988, 31.770351988000073 ] ] ] } },
{ "type": "Feature", "properties": { "PLACEKEY": "23h-223@8tf-p3j-jvz", "PARENT_PLACEKEY": "22w-222@8tf-p3j-jvz", "LOCATION_NAME": "United Transportation Union", "BRANDS": null, "TOP_CATEGORY": "Civic and Social Organizations", "SUB_CATEGORY": "Civic and Social Organizations", "NAICS_CODE": 813410, "LATITUDE": 31.773921, "LONGITUDE": -106.476766, "STREET_ADDRESS": "905 Dallas St", "CITY": "El Paso", "REGION": "TX", "POSTAL_CODE": 79902, "OPEN_HOURS": null, "CATEGORY_TAGS": null, "OPENED_ON": null, "CLOSED_ON": null, "TRACKING_CLOSED_SINCE": null, "GEOMETRY_TYPE": "POLYGON", "POLYGON_CLASS": "SHARED_POLYGON", "ENCLOSED": "False", "PHONE_NUMBER": 19158814218.0, "IS_SYNTHETIC": "False", "INCLUDES_PARKING_LOT": "False", "WKT_AREA_SQ_METERS": 716.0, "DOMAINS": [ "utulocal18.org" ], "WEBSITE": null }, "geometry": { "type": "Polygon", "coordinates": [ [ [ -106.476875930999938, 31.773747857000046 ], [ -106.476991399999974, 31.773875300000043 ], [ -106.476802339999949, 31.773998928000026 ], [ -106.476601337999966, 31.773775132000026 ], [ -106.476646097999947, 31.773746308000057 ], [ -106.476629077999974, 31.773727357000041 ], [ -106.476687266999988, 31.773689884000078 ], [ -106.476700881999989, 31.773705044000053 ], [ -106.476781450999965, 31.773653159000048 ], [ -106.476869957999952, 31.773751703000073 ], [ -106.476875930999938, 31.773747857000046 ] ] ] } },
{ "type": "Feature", "properties": { "PLACEKEY": "22c-22j@8tf-p3j-hkf", "PARENT_PLACEKEY": null, "LOCATION_NAME": "AhOK", "BRANDS": null, "TOP_CATEGORY": "Other Miscellaneous Manufacturing", "SUB_CATEGORY": null, "NAICS_CODE": 3399, "LATITUDE": 31.771842, "LONGITUDE": -106.479992, "STREET_ADDRESS": "1401 Montana Ave", "CITY": "El Paso", "REGION": "TX", "POSTAL_CODE": 79902, "OPEN_HOURS": null, "CATEGORY_TAGS": null, "OPENED_ON": null, "CLOSED_ON": null, "TRACKING_CLOSED_SINCE": null, "GEOMETRY_TYPE": "POLYGON", "POLYGON_CLASS": "SHARED_POLYGON", "ENCLOSED": "False", "PHONE_NUMBER": 19152228088.0, "IS_SYNTHETIC": "False", "INCLUDES_PARKING_LOT": "False", "WKT_AREA_SQ_METERS": 1241.0, "DOMAINS": [ "ahok.us" ], "WEBSITE": null }, "geometry": { "type": "Polygon", "coordinates": [ [ [ -106.479830697999944, 31.771844360000046 ], [ -106.48000972899996, 31.771729053000058 ], [ -106.480019941999956, 31.77174042300004 ], [ -106.480100505999985, 31.771688535000067 ], [ -106.480352416999949, 31.771969001000059 ], [ -106.480092820999971, 31.772136196000076 ], [ -106.479830697999944, 31.771844360000046 ] ] ] } },
{ "type": "Feature", "properties": { "PLACEKEY": "22f-222@8tf-p3j-jy9", "PARENT_PLACEKEY": null, "LOCATION_NAME": "Salas & Salas Llp", "BRANDS": null, "TOP_CATEGORY": "Legal Services", "SUB_CATEGORY": "Offices of Lawyers", "NAICS_CODE": 541110, "LATITUDE": 31.772102, "LONGITUDE": -106.478518, "STREET_ADDRESS": "1500 Montana Ave", "CITY": "El Paso", "REGION": "TX", "POSTAL_CODE": 79902, "OPEN_HOURS": null, "CATEGORY_TAGS": null, "OPENED_ON": null, "CLOSED_ON": null, "TRACKING_CLOSED_SINCE": null, "GEOMETRY_TYPE": "POLYGON", "POLYGON_CLASS": "OWNED_POLYGON", "ENCLOSED": "False", "PHONE_NUMBER": 19155347252.0, "IS_SYNTHETIC": "False", "INCLUDES_PARKING_LOT": "False", "WKT_AREA_SQ_METERS": 192.0, "DOMAINS": [ ], "WEBSITE": null }, "geometry": { "type": "Polygon", "coordinates": [ [ [ -106.478409141999975, 31.772072726000033 ], [ -106.478505027999972, 31.772006532000034 ], [ -106.478615177999984, 31.772120944000051 ], [ -106.478519291999987, 31.772187139000039 ], [ -106.478409141999975, 31.772072726000033 ] ] ] } },
{ "type": "Feature", "properties": { "PLACEKEY": "227-222@8tf-p3j-hkf", "PARENT_PLACEKEY": null, "LOCATION_NAME": "Apartments at 1400 Arizona Ave", "BRANDS": null, "TOP_CATEGORY": "Lessors of Real Estate", "SUB_CATEGORY": "Lessors of Residential Buildings and Dwellings", "NAICS_CODE": 531110, "LATITUDE": 31.772725, "LONGITUDE": -106.480973, "STREET_ADDRESS": "1400 Arizona Ave", "CITY": "El Paso", "REGION": "TX", "POSTAL_CODE": 79902, "OPEN_HOURS": null, "CATEGORY_TAGS": null, "OPENED_ON": null, "CLOSED_ON": null, "TRACKING_CLOSED_SINCE": null, "GEOMETRY_TYPE": "POLYGON", "POLYGON_CLASS": "OWNED_POLYGON", "ENCLOSED": "False", "PHONE_NUMBER": null, "IS_SYNTHETIC": "False", "INCLUDES_PARKING_LOT": "False", "WKT_AREA_SQ_METERS": 225.0, "DOMAINS": [ ], "WEBSITE": null }, "geometry": { "type": "Polygon", "coordinates": [ [ [ -106.480886530999953, 31.772627821000071 ], [ -106.480932110999959, 31.772599933000038 ], [ -106.481080313999939, 31.772773617000041 ], [ -106.480993711999986, 31.772826605000034 ], [ -106.480865269999981, 31.772676078000075 ], [ -106.48090629099994, 31.772650979000048 ], [ -106.480886530999953, 31.772627821000071 ] ] ] } },
{ "type": "Feature", "properties": { "PLACEKEY": "229-222@8tf-p3j-8d9", "PARENT_PLACEKEY": null, "LOCATION_NAME": "Iglesia Luterana Cristo Rey", "BRANDS": null, "TOP_CATEGORY": "Religious Organizations", "SUB_CATEGORY": "Religious Organizations", "NAICS_CODE": 813110, "LATITUDE": 31.767698, "LONGITUDE": -106.483571, "STREET_ADDRESS": "1010 E Yandell Dr", "CITY": "El Paso", "REGION": "TX", "POSTAL_CODE": 79902, "OPEN_HOURS": null, "CATEGORY_TAGS": "Place of Worship", "OPENED_ON": null, "CLOSED_ON": null, "TRACKING_CLOSED_SINCE": null, "GEOMETRY_TYPE": "POLYGON", "POLYGON_CLASS": "OWNED_POLYGON", "ENCLOSED": "False", "PHONE_NUMBER": 19155446545.0, "IS_SYNTHETIC": "False", "INCLUDES_PARKING_LOT": "False", "WKT_AREA_SQ_METERS": 592.0, "DOMAINS": [ "paypal.com" ], "WEBSITE": null }, "geometry": { "type": "Polygon", "coordinates": [ [ [ -106.483620522999956, 31.767503390000059 ], [ -106.483733072999939, 31.767632033000041 ], [ -106.483479521, 31.767792259000032 ], [ -106.483355095999968, 31.767651053000066 ], [ -106.483481278999989, 31.767571314000065 ], [ -106.483464465999987, 31.76755223300006 ], [ -106.483491504999961, 31.767535145000068 ], [ -106.483501592999971, 31.767546595000056 ], [ -106.48349479899997, 31.76756277100003 ], [ -106.48359394299996, 31.767500119000033 ], [ -106.483620522999956, 31.767503390000059 ] ] ] } },
{ "type": "Feature", "properties": { "PLACEKEY": "226-223@8tf-p3j-k2k", "PARENT_PLACEKEY": "226-225@8tf-p3j-k2k", "LOCATION_NAME": "Guiding Star El Paso", "BRANDS": null, "TOP_CATEGORY": "Other Ambulatory Health Care Services", "SUB_CATEGORY": "All Other Miscellaneous Ambulatory Health Care Services", "NAICS_CODE": 621999, "LATITUDE": 31.77227, "LONGITUDE": -106.479457, "STREET_ADDRESS": "1411 Montana Ave", "CITY": "El Paso", "REGION": "TX", "POSTAL_CODE": 79902, "OPEN_HOURS": { "Mon": [ [ "9:00", "16:00" ] ], "Tue": [ [ "9:00", "16:00" ] ], "Wed": [ [ "9:00", "16:00" ] ], "Thu": [ [ "9:00", "16:00" ] ], "Fri": [ [ "9:00", "16:00" ] ], "Sat": [ ], "Sun": [ ] }, "CATEGORY_TAGS": null, "OPENED_ON": null, "CLOSED_ON": null, "TRACKING_CLOSED_SINCE": null, "GEOMETRY_TYPE": "POLYGON", "POLYGON_CLASS": "SHARED_POLYGON", "ENCLOSED": "True", "PHONE_NUMBER": 19155449600.0, "IS_SYNTHETIC": "False", "INCLUDES_PARKING_LOT": "False", "WKT_AREA_SQ_METERS": 1417.0, "DOMAINS": [ "guidingstarsouthwest.org" ], "WEBSITE": null }, "geometry": { "type": "Polygon", "coordinates": [ [ [ -106.479262545999973, 31.772494087000041 ], [ -106.479333484999984, 31.772453698000049 ], [ -106.479317795999975, 31.772433939000052 ], [ -106.479243131999965, 31.772476450000056 ], [ -106.479098799999974, 31.772294677000048 ], [ -106.479341461, 31.772156517000042 ], [ -106.479354010999941, 31.772172323000063 ], [ -106.479428675999941, 31.77212981200006 ], [ -106.479409850999957, 31.772106102000066 ], [ -106.479479847999983, 31.772066248000044 ], [ -106.479652419, 31.772283586000071 ], [ -106.479563753999969, 31.772334068000077 ], [ -106.47954806599995, 31.77231431000007 ], [ -106.479534065999985, 31.772322281000072 ], [ -106.47955916799998, 31.772353893000059 ], [ -106.479465836999964, 31.772407032000046 ], [ -106.479384257999982, 31.772304291000069 ], [ -106.479304925999941, 31.772349459000054 ], [ -106.479386504999979, 31.772452200000032 ], [ -106.479461169999979, 31.772409689000028 ], [ -106.479545887999961, 31.772516383000038 ], [ -106.479370651999943, 31.772616153000058 ], [ -106.479262545999973, 31.772494087000041 ] ] ] } },
{ "type": "Feature", "properties": { "PLACEKEY": "228-225@8tf-p3j-hh5", "PARENT_PLACEKEY": "228-222@8tf-p3j-hh5", "LOCATION_NAME": "Mr. Joe Collins", "BRANDS": null, "TOP_CATEGORY": "Offices of Physicians", "SUB_CATEGORY": "Offices of Physicians, Mental Health Specialists", "NAICS_CODE": 621112, "LATITUDE": 31.771608, "LONGITUDE": -106.479218, "STREET_ADDRESS": "1418 Montana Ave", "CITY": "El Paso", "REGION": "TX", "POSTAL_CODE": 79902, "OPEN_HOURS": null, "CATEGORY_TAGS": null, "OPENED_ON": null, "CLOSED_ON": null, "TRACKING_CLOSED_SINCE": null, "GEOMETRY_TYPE": "POLYGON", "POLYGON_CLASS": "SHARED_POLYGON", "ENCLOSED": "False", "PHONE_NUMBER": 19155492868.0, "IS_SYNTHETIC": "False", "INCLUDES_PARKING_LOT": "False", "WKT_AREA_SQ_METERS": 217.0, "DOMAINS": [ ], "WEBSITE": null }, "geometry": { "type": "Polygon", "coordinates": [ [ [ -106.479074608999952, 31.771574753000039 ], [ -106.479177272999948, 31.771516301000077 ], [ -106.479287088999968, 31.771654606000027 ], [ -106.479184424999971, 31.771713059000035 ], [ -106.479074608999952, 31.771574753000039 ] ] ] } },
{ "type": "Feature", "properties": { "PLACEKEY": "24h-222@8tf-p3j-5zz", "PARENT_PLACEKEY": null, "LOCATION_NAME": "Erxleben Harvey Atty", "BRANDS": null, "TOP_CATEGORY": "Legal Services", "SUB_CATEGORY": "Offices of Lawyers", "NAICS_CODE": 541110, "LATITUDE": 31.769013, "LONGITUDE": -106.483227, "STREET_ADDRESS": "1100 Montana Ave Ste 208", "CITY": "El Paso", "REGION": "TX", "POSTAL_CODE": 79902, "OPEN_HOURS": null, "CATEGORY_TAGS": null, "OPENED_ON": null, "CLOSED_ON": null, "TRACKING_CLOSED_SINCE": null, "GEOMETRY_TYPE": "POLYGON", "POLYGON_CLASS": "SHARED_POLYGON", "ENCLOSED": "False", "PHONE_NUMBER": 19155329905.0, "IS_SYNTHETIC": "False", "INCLUDES_PARKING_LOT": "False", "WKT_AREA_SQ_METERS": 898.0, "DOMAINS": [ ], "WEBSITE": null }, "geometry": { "type": "Polygon", "coordinates": [ [ [ -106.482981904999974, 31.768995542000027 ], [ -106.483232533999967, 31.768834106000043 ], [ -106.483426574999953, 31.769050136000033 ], [ -106.48317594699995, 31.769211573000064 ], [ -106.482981904999974, 31.768995542000027 ] ] ] } },
{ "type": "Feature", "properties": { "PLACEKEY": "22h-222@8tf-p3j-m6k", "PARENT_PLACEKEY": null, "LOCATION_NAME": "Migza Collision Center", "BRANDS": null, "TOP_CATEGORY": "Automotive Repair and Maintenance", "SUB_CATEGORY": "Other Automotive Mechanical and Electrical Repair and Maintenance", "NAICS_CODE": 811118, "LATITUDE": 31.768995, "LONGITUDE": -106.480742, "STREET_ADDRESS": "1217 Wyoming Ave", "CITY": "El Paso", "REGION": "TX", "POSTAL_CODE": 79902, "OPEN_HOURS": { "Mon": [ [ "9:00", "18:00" ] ], "Tue": [ [ "9:00", "18:00" ] ], "Wed": [ [ "9:00", "18:00" ] ], "Thu": [ [ "9:00", "18:00" ] ], "Fri": [ [ "9:00", "18:00" ] ], "Sat": [ ], "Sun": [ ] }, "CATEGORY_TAGS": "Auto Repair,Oil Changes", "OPENED_ON": null, "CLOSED_ON": null, "TRACKING_CLOSED_SINCE": null, "GEOMETRY_TYPE": "POLYGON", "POLYGON_CLASS": "OWNED_POLYGON", "ENCLOSED": "False", "PHONE_NUMBER": 19157020083.0, "IS_SYNTHETIC": "False", "INCLUDES_PARKING_LOT": "False", "WKT_AREA_SQ_METERS": 369.0, "DOMAINS": [ "migzacollisioncenter.com" ], "WEBSITE": null }, "geometry": { "type": "Polygon", "coordinates": [ [ [ -106.480601926999952, 31.768942381000045 ], [ -106.480727233999971, 31.768867185000033 ], [ -106.480884764999985, 31.769046952000053 ], [ -106.480754097999977, 31.769125364000047 ], [ -106.480601926999952, 31.768942381000045 ] ] ] } },
{ "type": "Feature", "properties": { "PLACEKEY": "22h-225@8tf-p3j-jsq", "PARENT_PLACEKEY": null, "LOCATION_NAME": "REsource Transactions LLC", "BRANDS": null, "TOP_CATEGORY": "Offices of Real Estate Agents and Brokers", "SUB_CATEGORY": "Offices of Real Estate Agents and Brokers", "NAICS_CODE": 531210, "LATITUDE": 31.77322, "LONGITUDE": -106.475754, "STREET_ADDRESS": "1701 E Yandell Dr", "CITY": "El Paso", "REGION": "TX", "POSTAL_CODE": 79902, "OPEN_HOURS": { "Mon": [ [ "8:30", "17:00" ] ], "Tue": [ [ "8:30", "17:00" ] ], "Wed": [ [ "8:30", "17:00" ] ], "Thu": [ [ "8:30", "17:00" ] ], "Fri": [ [ "8:30", "17:00" ] ], "Sat": [ ], "Sun": [ ] }, "CATEGORY_TAGS": null, "OPENED_ON": null, "CLOSED_ON": null, "TRACKING_CLOSED_SINCE": null, "GEOMETRY_TYPE": "POLYGON", "POLYGON_CLASS": "SHARED_POLYGON", "ENCLOSED": "False", "PHONE_NUMBER": 19153518000.0, "IS_SYNTHETIC": "False", "INCLUDES_PARKING_LOT": "False", "WKT_AREA_SQ_METERS": 296.0, "DOMAINS": [ "myresourcedesk.com" ], "WEBSITE": null }, "geometry": { "type": "Polygon", "coordinates": [ [ [ -106.475812382999948, 31.773390653000035 ], [ -106.475654418999966, 31.773204563000036 ], [ -106.475735553, 31.773147140000049 ], [ -106.475854562999984, 31.773267708000049 ], [ -106.475802786999964, 31.773304354000061 ], [ -106.475853276999942, 31.773355504000051 ], [ -106.475892108999972, 31.773328019000076 ], [ -106.475946203999968, 31.773382823000077 ], [ -106.475872853999988, 31.773434738000049 ], [ -106.475822364999942, 31.773383588000058 ], [ -106.475812382999948, 31.773390653000035 ] ] ] } },
{ "type": "Feature", "properties": { "PLACEKEY": "224-222@8tf-p3j-jqf", "PARENT_PLACEKEY": null, "LOCATION_NAME": "Cap Rate Real Estate Group", "BRANDS": null, "TOP_CATEGORY": "Offices of Real Estate Agents and Brokers", "SUB_CATEGORY": "Offices of Real Estate Agents and Brokers", "NAICS_CODE": 531210, "LATITUDE": 31.773705, "LONGITUDE": -106.47791, "STREET_ADDRESS": "914 N Lee St", "CITY": "El Paso", "REGION": "TX", "POSTAL_CODE": 79902, "OPEN_HOURS": null, "CATEGORY_TAGS": null, "OPENED_ON": null, "CLOSED_ON": null, "TRACKING_CLOSED_SINCE": null, "GEOMETRY_TYPE": "POLYGON", "POLYGON_CLASS": "SHARED_POLYGON", "ENCLOSED": "False", "PHONE_NUMBER": 19154438859.0, "IS_SYNTHETIC": "False", "INCLUDES_PARKING_LOT": "False", "WKT_AREA_SQ_METERS": 188.0, "DOMAINS": [ "capraterealestategroup.com" ], "WEBSITE": null }, "geometry": { "type": "Polygon", "coordinates": [ [ [ -106.477925594999988, 31.773611456000026 ], [ -106.477966998999989, 31.773587096000028 ], [ -106.4780386, 31.773674351000068 ], [ -106.47795627, 31.773726772000032 ], [ -106.477879171999973, 31.773772135000058 ], [ -106.477824620999968, 31.773705659000029 ], [ -106.477926218, 31.77364588100005 ], [ -106.477906963999942, 31.773622419000048 ], [ -106.477925594999988, 31.773611456000026 ] ] ] } },
{ "type": "Feature", "properties": { "PLACEKEY": "22b-222@8tf-p3j-hh5", "PARENT_PLACEKEY": null, "LOCATION_NAME": "Building B", "BRANDS": null, "TOP_CATEGORY": "Lessors of Real Estate", "SUB_CATEGORY": "Lessors of Residential Buildings and Dwellings", "NAICS_CODE": 531110, "LATITUDE": 31.771096, "LONGITUDE": -106.480054, "STREET_ADDRESS": "1330 Montana Ave", "CITY": "El Paso", "REGION": "TX", "POSTAL_CODE": 79902, "OPEN_HOURS": null, "CATEGORY_TAGS": null, "OPENED_ON": null, "CLOSED_ON": null, "TRACKING_CLOSED_SINCE": null, "GEOMETRY_TYPE": "POLYGON", "POLYGON_CLASS": "OWNED_POLYGON", "ENCLOSED": "False", "PHONE_NUMBER": null, "IS_SYNTHETIC": "False", "INCLUDES_PARKING_LOT": "False", "WKT_AREA_SQ_METERS": 223.0, "DOMAINS": [ ], "WEBSITE": null }, "geometry": { "type": "Polygon", "coordinates": [ [ [ -106.480170331778609, 31.771077364231925 ], [ -106.480114005389296, 31.771113278997703 ], [ -106.480119369807326, 31.771121830130383 ], [ -106.480090536060416, 31.771138932393324 ], [ -106.480097241582953, 31.771147483523613 ], [ -106.480042926850402, 31.771178837661218 ], [ -106.479951061191642, 31.771077934307673 ], [ -106.480095229926192, 31.770986152065642 ], [ -106.480170331778609, 31.771077364231925 ] ] ] } },
{ "type": "Feature", "properties": { "PLACEKEY": "226-233@8tf-p3j-jn5", "PARENT_PLACEKEY": "226-222@8tf-p3j-jn5", "LOCATION_NAME": "Vianney Lopez Lcdc", "BRANDS": null, "TOP_CATEGORY": "Offices of Physicians", "SUB_CATEGORY": "Offices of Physicians, Mental Health Specialists", "NAICS_CODE": 621112, "LATITUDE": 31.772994, "LONGITUDE": -106.476819, "STREET_ADDRESS": "1600 Montana Ave", "CITY": "El Paso", "REGION": "TX", "POSTAL_CODE": 79902, "OPEN_HOURS": null, "CATEGORY_TAGS": null, "OPENED_ON": null, "CLOSED_ON": null, "TRACKING_CLOSED_SINCE": null, "GEOMETRY_TYPE": "POLYGON", "POLYGON_CLASS": "SHARED_POLYGON", "ENCLOSED": "False", "PHONE_NUMBER": 19158773410.0, "IS_SYNTHETIC": "False", "INCLUDES_PARKING_LOT": "False", "WKT_AREA_SQ_METERS": 1317.0, "DOMAINS": [ ], "WEBSITE": null }, "geometry": { "type": "Polygon", "coordinates": [ [ [ -106.476783027999943, 31.773188924000067 ], [ -106.476647432999982, 31.77303102500008 ], [ -106.47672474999996, 31.772983417000034 ], [ -106.476708213999984, 31.772964161000061 ], [ -106.47673550199994, 31.772947358000067 ], [ -106.47674872999994, 31.772962763000066 ], [ -106.477098927999975, 31.77274712600007 ], [ -106.47723121599995, 31.772901174000026 ], [ -106.477099323999937, 31.77298238700007 ], [ -106.477148930999988, 31.773040156000036 ], [ -106.47696246299995, 31.773154975000068 ], [ -106.476919468999938, 31.773104910000029 ], [ -106.476783027999943, 31.773188924000067 ] ] ] } },
{ "type": "Feature", "properties": { "PLACEKEY": "22s-223@8tf-p3j-jvz", "PARENT_PLACEKEY": null, "LOCATION_NAME": "Jeans Night Club & Bar", "BRANDS": null, "TOP_CATEGORY": "Drinking Places (Alcoholic Beverages)", "SUB_CATEGORY": "Drinking Places (Alcoholic Beverages)", "NAICS_CODE": 722410, "LATITUDE": 31.77362, "LONGITUDE": -106.477109, "STREET_ADDRESS": "1615 Montana Ave # Not", "CITY": "El Paso", "REGION": "TX", "POSTAL_CODE": 79902, "OPEN_HOURS": { "Mon": [ [ "0:00", "2:00" ], [ "14:00", "24:00" ] ], "Tue": [ [ "0:00", "2:00" ], [ "14:00", "24:00" ] ], "Wed": [ [ "0:00", "2:00" ], [ "14:00", "24:00" ] ], "Thu": [ [ "0:00", "2:00" ], [ "14:00", "24:00" ] ], "Fri": [ [ "0:00", "2:00" ], [ "14:00", "24:00" ] ], "Sat": [ [ "0:00", "2:00" ], [ "14:00", "24:00" ] ], "Sun": [ [ "0:00", "2:00" ], [ "15:00", "24:00" ] ] }, "CATEGORY_TAGS": "Bar or Pub,Dance Club,Sports Bar", "OPENED_ON": null, "CLOSED_ON": null, "TRACKING_CLOSED_SINCE": null, "GEOMETRY_TYPE": "POLYGON", "POLYGON_CLASS": "SHARED_POLYGON", "ENCLOSED": "False", "PHONE_NUMBER": 19152391897.0, "IS_SYNTHETIC": "False", "INCLUDES_PARKING_LOT": "False", "WKT_AREA_SQ_METERS": 1533.0, "DOMAINS": [ ], "WEBSITE": null }, "geometry": { "type": "Polygon", "coordinates": [ [ [ -106.476875930999938, 31.773747857000046 ], [ -106.477572686999963, 31.773299144000077 ], [ -106.477450137999938, 31.773162699000068 ], [ -106.477464694, 31.773153324000077 ], [ -106.477697599999942, 31.773418800000059 ], [ -106.477535899999964, 31.773522400000047 ], [ -106.477376199999981, 31.773628200000076 ], [ -106.477185, 31.773753100000079 ], [ -106.476991399999974, 31.773875300000043 ], [ -106.476875930999938, 31.773747857000046 ] ] ] } },
{ "type": "Feature", "properties": { "PLACEKEY": "22j-222@8tf-p3j-jy9", "PARENT_PLACEKEY": null, "LOCATION_NAME": "Legacy Appliance Sales & Repair", "BRANDS": null, "TOP_CATEGORY": "Electronics and Appliance Stores", "SUB_CATEGORY": "Household Appliance Stores", "NAICS_CODE": 443141, "LATITUDE": 31.771202, "LONGITUDE": -106.477152, "STREET_ADDRESS": "1507 Wyoming Ave", "CITY": "El Paso", "REGION": "TX", "POSTAL_CODE": 79902, "OPEN_HOURS": { "Mon": [ [ "10:00", "18:00" ] ], "Tue": [ [ "10:00", "18:00" ] ], "Wed": [ [ "10:00", "17:00" ] ], "Thu": [ [ "10:00", "18:00" ] ], "Fri": [ [ "10:00", "18:00" ] ], "Sat": [ [ "10:00", "16:00" ] ], "Sun": [ ] }, "CATEGORY_TAGS": "Appliance Repair,Appliances", "OPENED_ON": null, "CLOSED_ON": null, "TRACKING_CLOSED_SINCE": null, "GEOMETRY_TYPE": "POLYGON", "POLYGON_CLASS": "OWNED_POLYGON", "ENCLOSED": "False", "PHONE_NUMBER": 19155004322.0, "IS_SYNTHETIC": "False", "INCLUDES_PARKING_LOT": "False", "WKT_AREA_SQ_METERS": 432.0, "DOMAINS": [ ], "WEBSITE": null }, "geometry": { "type": "Polygon", "coordinates": [ [ [ -106.477189931999987, 31.771365702000026 ], [ -106.477043164999941, 31.771191061000025 ], [ -106.47717234299995, 31.771108922000053 ], [ -106.477365637, 31.771337345000063 ], [ -106.477349954999966, 31.77134731600006 ], [ -106.477366837999966, 31.771366356000044 ], [ -106.477321870999958, 31.771394948000079 ], [ -106.477257716999986, 31.771322600000076 ], [ -106.477189931999987, 31.771365702000026 ] ] ] } },
{ "type": "Feature", "properties": { "PLACEKEY": "22k-222@8tf-p3j-8jv", "PARENT_PLACEKEY": null, "LOCATION_NAME": "El Paso Veterinary Supply", "BRANDS": null, "TOP_CATEGORY": "Other Professional, Scientific, and Technical Services", "SUB_CATEGORY": "Veterinary Services", "NAICS_CODE": 541940, "LATITUDE": 31.771289, "LONGITUDE": -106.476921, "STREET_ADDRESS": "1517 Wyoming Ave", "CITY": "El Paso", "REGION": "TX", "POSTAL_CODE": 79902, "OPEN_HOURS": { "Mon": [ [ "9:00", "17:00" ] ], "Tue": [ [ "9:00", "17:00" ] ], "Wed": [ [ "9:00", "17:00" ] ], "Thu": [ [ "9:00", "17:00" ] ], "Fri": [ [ "9:00", "17:00" ] ], "Sat": [ [ "9:00", "12:00" ] ], "Sun": [ ] }, "CATEGORY_TAGS": null, "OPENED_ON": null, "CLOSED_ON": null, "TRACKING_CLOSED_SINCE": null, "GEOMETRY_TYPE": "POLYGON", "POLYGON_CLASS": "SHARED_POLYGON", "ENCLOSED": "False", "PHONE_NUMBER": 19155330849.0, "IS_SYNTHETIC": "False", "INCLUDES_PARKING_LOT": "False", "WKT_AREA_SQ_METERS": 363.0, "DOMAINS": [ "hotmail.com" ], "WEBSITE": null }, "geometry": { "type": "Polygon", "coordinates": [ [ [ -106.476907432999951, 31.771277367000039 ], [ -106.477043164999941, 31.771191061000025 ], [ -106.477189931999987, 31.771365702000026 ], [ -106.47717228099998, 31.771376926000073 ], [ -106.477145268999948, 31.771346464000032 ], [ -106.477082315999951, 31.77138649300008 ], [ -106.477129586999979, 31.771439802000032 ], [ -106.477079099999969, 31.771471904000066 ], [ -106.476907432999951, 31.771277367000039 ] ] ] } },
{ "type": "Feature", "properties": { "PLACEKEY": "224-223@8tf-p3j-jqf", "PARENT_PLACEKEY": null, "LOCATION_NAME": "Zima Properties", "BRANDS": null, "TOP_CATEGORY": "Other Specialty Trade Contractors", "SUB_CATEGORY": null, "NAICS_CODE": 2389, "LATITUDE": 31.773699, "LONGITUDE": -106.477933, "STREET_ADDRESS": "914 N Lee St", "CITY": "El Paso", "REGION": "TX", "POSTAL_CODE": 79902, "OPEN_HOURS": null, "CATEGORY_TAGS": null, "OPENED_ON": null, "CLOSED_ON": null, "TRACKING_CLOSED_SINCE": null, "GEOMETRY_TYPE": "POLYGON", "POLYGON_CLASS": "SHARED_POLYGON", "ENCLOSED": "False", "PHONE_NUMBER": 19154876064.0, "IS_SYNTHETIC": "False", "INCLUDES_PARKING_LOT": "False", "WKT_AREA_SQ_METERS": 188.0, "DOMAINS": [ "zimatx.com" ], "WEBSITE": "http://zimatx.com/" }, "geometry": { "type": "Polygon", "coordinates": [ [ [ -106.477925594999988, 31.773611456000026 ], [ -106.477966998999989, 31.773587096000028 ], [ -106.4780386, 31.773674351000068 ], [ -106.47795627, 31.773726772000032 ], [ -106.477879171999973, 31.773772135000058 ], [ -106.477824620999968, 31.773705659000029 ], [ -106.477926218, 31.77364588100005 ], [ -106.477906963999942, 31.773622419000048 ], [ -106.477925594999988, 31.773611456000026 ] ] ] } },
{ "type": "Feature", "properties": { "PLACEKEY": "229-22b@8tf-p3j-hnq", "PARENT_PLACEKEY": null, "LOCATION_NAME": "Jose Troche Law Office", "BRANDS": null, "TOP_CATEGORY": "Legal Services", "SUB_CATEGORY": "Offices of Lawyers", "NAICS_CODE": 541110, "LATITUDE": 31.7701, "LONGITUDE": -106.481468, "STREET_ADDRESS": "1216 Montana Ave", "CITY": "El Paso", "REGION": "TX", "POSTAL_CODE": 79902, "OPEN_HOURS": null, "CATEGORY_TAGS": null, "OPENED_ON": null, "CLOSED_ON": null, "TRACKING_CLOSED_SINCE": null, "GEOMETRY_TYPE": "POLYGON", "POLYGON_CLASS": "SHARED_POLYGON", "ENCLOSED": "False", "PHONE_NUMBER": 19158388114.0, "IS_SYNTHETIC": "False", "INCLUDES_PARKING_LOT": "False", "WKT_AREA_SQ_METERS": 106.0, "DOMAINS": [ ], "WEBSITE": null }, "geometry": { "type": "Polygon", "coordinates": [ [ [ -106.481517514882668, 31.770103485117335 ], [ -106.48144378901425, 31.77017721098575 ], [ -106.481369442999949, 31.770102365000071 ], [ -106.481455506999964, 31.77004106000004 ], [ -106.481517514882668, 31.770103485117335 ] ] ] } },
{ "type": "Feature", "properties": { "PLACEKEY": "zzy-223@8tf-p3j-hbk", "PARENT_PLACEKEY": null, "LOCATION_NAME": "Sun Metro Montana Brown", "BRANDS": null, "TOP_CATEGORY": "Urban Transit Systems", "SUB_CATEGORY": "Bus and Other Motor Vehicle Transit Systems", "NAICS_CODE": 485113, "LATITUDE": 31.770631, "LONGITUDE": -106.48104, "STREET_ADDRESS": "Sun Metro Montana Brown", "CITY": "El Paso", "REGION": "TX", "POSTAL_CODE": 79902, "OPEN_HOURS": null, "CATEGORY_TAGS": "Bus Station,Buses", "OPENED_ON": null, "CLOSED_ON": null, "TRACKING_CLOSED_SINCE": null, "GEOMETRY_TYPE": "POINT", "POLYGON_CLASS": null, "ENCLOSED": null, "PHONE_NUMBER": null, "IS_SYNTHETIC": null, "INCLUDES_PARKING_LOT": null, "WKT_AREA_SQ_METERS": null, "DOMAINS": [ ], "WEBSITE": null }, "geometry": { "type": "Polygon", "coordinates": [ [ [ -106.48101, 31.770631 ], [ -106.481010144458196, 31.770628059485791 ], [ -106.481010576441577, 31.770625147290342 ], [ -106.481011291789926, 31.770622291459684 ], [ -106.481012283614021, 31.770619519497032 ], [ -106.481013542362064, 31.770616858097895 ], [ -106.481015055911627, 31.770614332893011 ], [ -106.481016809686395, 31.770611968201475 ], [ -106.481018786796554, 31.770609786796566 ], [ -106.481020968201463, 31.7706078096864 ], [ -106.481023332893002, 31.770606055911632 ], [ -106.481025858097894, 31.770604542362072 ], [ -106.481028519497016, 31.770603283614026 ], [ -106.481031291459672, 31.770602291789931 ], [ -106.48103414729033, 31.770601576441589 ], [ -106.481037059485786, 31.770601144458201 ], [ -106.48104, 31.770601 ], [ -106.4810429405142, 31.770601144458201 ], [ -106.481045852709656, 31.770601576441589 ], [ -106.481048708540314, 31.770602291789931 ], [ -106.48105148050297, 31.770603283614026 ], [ -106.481054141902092, 31.770604542362072 ], [ -106.481056667106984, 31.770606055911632 ], [ -106.481059031798523, 31.7706078096864 ], [ -106.481061213203432, 31.770609786796566 ], [ -106.481063190313591, 31.770611968201475 ], [ -106.481064944088359, 31.770614332893011 ], [ -106.481066457637922, 31.770616858097895 ], [ -106.481067716385965, 31.770619519497032 ], [ -106.48106870821006, 31.770622291459684 ], [ -106.481069423558409, 31.770625147290342 ], [ -106.48106985554179, 31.770628059485791 ], [ -106.48107, 31.770631 ], [ -106.48106985554179, 31.770633940514212 ], [ -106.481069423558409, 31.770636852709661 ], [ -106.48106870821006, 31.770639708540319 ], [ -106.481067716385965, 31.770642480502971 ], [ -106.481066457637922, 31.770645141902108 ], [ -106.481064944088359, 31.770647667106992 ], [ -106.481063190313591, 31.770650031798528 ], [ -106.481061213203432, 31.770652213203437 ], [ -106.481059031798523, 31.770654190313603 ], [ -106.481056667106984, 31.770655944088372 ], [ -106.481054141902092, 31.770657457637931 ], [ -106.48105148050297, 31.770658716385977 ], [ -106.481048708540314, 31.770659708210072 ], [ -106.481045852709656, 31.770660423558414 ], [ -106.4810429405142, 31.770660855541802 ], [ -106.48104, 31.770661 ], [ -106.481037059485786, 31.770660855541802 ], [ -106.48103414729033, 31.770660423558414 ], [ -106.481031291459672, 31.770659708210072 ], [ -106.481028519497016, 31.770658716385977 ], [ -106.481025858097894, 31.770657457637931 ], [ -106.481023332893002, 31.770655944088372 ], [ -106.481020968201463, 31.770654190313603 ], [ -106.481018786796554, 31.770652213203437 ], [ -106.481016809686395, 31.770650031798528 ], [ -106.481015055911627, 31.770647667106992 ], [ -106.481013542362064, 31.770645141902108 ], [ -106.481012283614021, 31.770642480502971 ], [ -106.481011291789926, 31.770639708540319 ], [ -106.481010576441577, 31.770636852709661 ], [ -106.481010144458196, 31.770633940514212 ], [ -106.48101, 31.770631 ] ] ] } },
{ "type": "Feature", "properties": { "PLACEKEY": "224-224@8tf-p3j-ht9", "PARENT_PLACEKEY": null, "LOCATION_NAME": "Reed & Associates", "BRANDS": null, "TOP_CATEGORY": "Offices of Other Health Practitioners", "SUB_CATEGORY": "Offices of Mental Health Practitioners (except Physicians)", "NAICS_CODE": 621330, "LATITUDE": 31.770735, "LONGITUDE": -106.480568, "STREET_ADDRESS": "1310 Montana Ave", "CITY": "El Paso", "REGION": "TX", "POSTAL_CODE": 79902, "OPEN_HOURS": { "Mon": [ [ "8:00", "18:00" ] ], "Tue": [ [ "8:00", "18:00" ] ], "Wed": [ [ "8:00", "18:00" ] ], "Thu": [ [ "8:00", "18:00" ] ], "Fri": [ [ "8:00", "18:00" ] ], "Sat": [ ], "Sun": [ ] }, "CATEGORY_TAGS": "Hypnosis,Mental Health", "OPENED_ON": null, "CLOSED_ON": null, "TRACKING_CLOSED_SINCE": null, "GEOMETRY_TYPE": "POLYGON", "POLYGON_CLASS": "SHARED_POLYGON", "ENCLOSED": "False", "PHONE_NUMBER": 19155421582.0, "IS_SYNTHETIC": "False", "INCLUDES_PARKING_LOT": "False", "WKT_AREA_SQ_METERS": 259.0, "DOMAINS": [ ], "WEBSITE": null }, "geometry": { "type": "Polygon", "coordinates": [ [ [ -106.480557618999967, 31.770846702000028 ], [ -106.48045785, 31.770708594000041 ], [ -106.480424272, 31.770725988000038 ], [ -106.480377321999981, 31.770660995000071 ], [ -106.480444477999981, 31.770626208000067 ], [ -106.480497296999943, 31.770699324000077 ], [ -106.480559347999986, 31.770667179000043 ], [ -106.480630428999973, 31.77074674000005 ], [ -106.480663149999941, 31.770792035000056 ], [ -106.480557618999967, 31.770846702000028 ] ] ] } },
{ "type": "Feature", "properties": { "PLACEKEY": "22p-222@8tf-p3j-mc5", "PARENT_PLACEKEY": null, "LOCATION_NAME": "E & J Kustomotive", "BRANDS": null, "TOP_CATEGORY": "Automotive Repair and Maintenance", "SUB_CATEGORY": "General Automotive Repair", "NAICS_CODE": 811111, "LATITUDE": 31.767168, "LONGITUDE": -106.482623, "STREET_ADDRESS": "1022 Wyoming Ave", "CITY": "El Paso", "REGION": "TX", "POSTAL_CODE": 79902, "OPEN_HOURS": { "Mon": [ [ "8:30", "18:00" ] ], "Tue": [ [ "8:30", "18:00" ] ], "Wed": [ [ "8:30", "18:00" ] ], "Thu": [ [ "8:30", "18:00" ] ], "Fri": [ [ "8:30", "18:00" ] ], "Sat": [ [ "9:30", "17:00" ] ], "Sun": [ ] }, "CATEGORY_TAGS": "Auto Customization,Transmission Repair", "OPENED_ON": null, "CLOSED_ON": null, "TRACKING_CLOSED_SINCE": null, "GEOMETRY_TYPE": "POLYGON", "POLYGON_CLASS": "OWNED_POLYGON", "ENCLOSED": "False", "PHONE_NUMBER": 19154496314.0, "IS_SYNTHETIC": "False", "INCLUDES_PARKING_LOT": "False", "WKT_AREA_SQ_METERS": 493.0, "DOMAINS": [ "yearone.com" ], "WEBSITE": null }, "geometry": { "type": "Polygon", "coordinates": [ [ [ -106.482630307999955, 31.76729171900007 ], [ -106.482618787999968, 31.767281138000044 ], [ -106.48241485899996, 31.767047546000072 ], [ -106.482432263999954, 31.767066274000058 ], [ -106.482569294999962, 31.766982962000043 ], [ -106.482762770999955, 31.767211185000065 ], [ -106.482630307999955, 31.76729171900007 ] ] ] } },
{ "type": "Feature", "properties": { "PLACEKEY": "22m-22c@8tf-p3j-hnq", "PARENT_PLACEKEY": null, "LOCATION_NAME": "Beckster's Boutique", "BRANDS": null, "TOP_CATEGORY": "Clothing Stores", "SUB_CATEGORY": null, "NAICS_CODE": 4481, "LATITUDE": 31.769817, "LONGITUDE": -106.481976, "STREET_ADDRESS": "1204 Montana Ave", "CITY": "El Paso", "REGION": "TX", "POSTAL_CODE": 79902, "OPEN_HOURS": null, "CATEGORY_TAGS": null, "OPENED_ON": null, "CLOSED_ON": null, "TRACKING_CLOSED_SINCE": null, "GEOMETRY_TYPE": "POLYGON", "POLYGON_CLASS": "SHARED_POLYGON", "ENCLOSED": "False", "PHONE_NUMBER": null, "IS_SYNTHETIC": "False", "INCLUDES_PARKING_LOT": "False", "WKT_AREA_SQ_METERS": 263.0, "DOMAINS": [ ], "WEBSITE": null }, "geometry": { "type": "Polygon", "coordinates": [ [ [ -106.481873865999944, 31.769789334000052 ], [ -106.481984453999985, 31.769723831000078 ], [ -106.482110151999962, 31.76987600700005 ], [ -106.481999564999967, 31.76994151100007 ], [ -106.481873865999944, 31.769789334000052 ] ] ] } },
{ "type": "Feature", "properties": { "PLACEKEY": "226-22x@8tf-p3j-jn5", "PARENT_PLACEKEY": "226-222@8tf-p3j-jn5", "LOCATION_NAME": "Rene Lujan Lpc", "BRANDS": null, "TOP_CATEGORY": "Offices of Physicians", "SUB_CATEGORY": "Offices of Physicians, Mental Health Specialists", "NAICS_CODE": 621112, "LATITUDE": 31.772998, "LONGITUDE": -106.476827, "STREET_ADDRESS": "1600 Montana Ave", "CITY": "El Paso", "REGION": "TX", "POSTAL_CODE": 79902, "OPEN_HOURS": null, "CATEGORY_TAGS": null, "OPENED_ON": null, "CLOSED_ON": null, "TRACKING_CLOSED_SINCE": null, "GEOMETRY_TYPE": "POLYGON", "POLYGON_CLASS": "SHARED_POLYGON", "ENCLOSED": "False", "PHONE_NUMBER": 19158873410.0, "IS_SYNTHETIC": "False", "INCLUDES_PARKING_LOT": "False", "WKT_AREA_SQ_METERS": 1317.0, "DOMAINS": [ ], "WEBSITE": null }, "geometry": { "type": "Polygon", "coordinates": [ [ [ -106.476783027999943, 31.773188924000067 ], [ -106.476647432999982, 31.77303102500008 ], [ -106.47672474999996, 31.772983417000034 ], [ -106.476708213999984, 31.772964161000061 ], [ -106.47673550199994, 31.772947358000067 ], [ -106.47674872999994, 31.772962763000066 ], [ -106.477098927999975, 31.77274712600007 ], [ -106.47723121599995, 31.772901174000026 ], [ -106.477099323999937, 31.77298238700007 ], [ -106.477148930999988, 31.773040156000036 ], [ -106.47696246299995, 31.773154975000068 ], [ -106.476919468999938, 31.773104910000029 ], [ -106.476783027999943, 31.773188924000067 ] ] ] } },
{ "type": "Feature", "properties": { "PLACEKEY": "22c-223@8tf-p3j-h3q", "PARENT_PLACEKEY": null, "LOCATION_NAME": "Gods Remnant Assembly El Paso", "BRANDS": null, "TOP_CATEGORY": "Religious Organizations", "SUB_CATEGORY": "Religious Organizations", "NAICS_CODE": 813110, "LATITUDE": 31.769099, "LONGITUDE": -106.478977, "STREET_ADDRESS": "1317 E Missouri Ave", "CITY": "El Paso", "REGION": "TX", "POSTAL_CODE": 79902, "OPEN_HOURS": null, "CATEGORY_TAGS": "Place of Worship", "OPENED_ON": null, "CLOSED_ON": null, "TRACKING_CLOSED_SINCE": null, "GEOMETRY_TYPE": "POLYGON", "POLYGON_CLASS": "OWNED_POLYGON", "ENCLOSED": "False", "PHONE_NUMBER": null, "IS_SYNTHETIC": "False", "INCLUDES_PARKING_LOT": "False", "WKT_AREA_SQ_METERS": 218.0, "DOMAINS": [ ], "WEBSITE": null }, "geometry": { "type": "Polygon", "coordinates": [ [ [ -106.478870801607002, 31.76906623609386 ], [ -106.478958000308353, 31.768989937230195 ], [ -106.479082348999953, 31.76913197500005 ], [ -106.478982972999972, 31.769194364000043 ], [ -106.478870801607002, 31.76906623609386 ] ] ] } },
{ "type": "Feature", "properties": { "PLACEKEY": "zzy-223@8tf-p3j-5mk", "PARENT_PLACEKEY": null, "LOCATION_NAME": "Sun Metro Arizona Octavia", "BRANDS": null, "TOP_CATEGORY": "Urban Transit Systems", "SUB_CATEGORY": "Bus and Other Motor Vehicle Transit Systems", "NAICS_CODE": 485113, "LATITUDE": 31.770477, "LONGITUDE": -106.485123, "STREET_ADDRESS": "Sun Metro Arizona Octavia", "CITY": "El Paso", "REGION": "TX", "POSTAL_CODE": 79902, "OPEN_HOURS": null, "CATEGORY_TAGS": "Bus Station,Buses", "OPENED_ON": null, "CLOSED_ON": null, "TRACKING_CLOSED_SINCE": null, "GEOMETRY_TYPE": "POINT", "POLYGON_CLASS": null, "ENCLOSED": null, "PHONE_NUMBER": null, "IS_SYNTHETIC": null, "INCLUDES_PARKING_LOT": null, "WKT_AREA_SQ_METERS": null, "DOMAINS": [ ], "WEBSITE": null }, "geometry": { "type": "Polygon", "coordinates": [ [ [ -106.485093, 31.770477 ], [ -106.485093144458205, 31.770474059485789 ], [ -106.485093576441585, 31.77047114729034 ], [ -106.485094291789935, 31.770468291459682 ], [ -106.485095283614029, 31.77046551949703 ], [ -106.485096542362072, 31.770462858097893 ], [ -106.485098055911635, 31.770460332893009 ], [ -106.485099809686403, 31.770457968201473 ], [ -106.485101786796562, 31.770455786796564 ], [ -106.485103968201472, 31.770453809686398 ], [ -106.485106332893011, 31.77045205591163 ], [ -106.485108858097902, 31.77045054236207 ], [ -106.485111519497025, 31.770449283614024 ], [ -106.485114291459681, 31.770448291789929 ], [ -106.485117147290339, 31.770447576441587 ], [ -106.485120059485794, 31.770447144458199 ], [ -106.485123, 31.770447 ], [ -106.485125940514209, 31.770447144458199 ], [ -106.485128852709664, 31.770447576441587 ], [ -106.485131708540322, 31.770448291789929 ], [ -106.485134480502978, 31.770449283614024 ], [ -106.485137141902101, 31.77045054236207 ], [ -106.485139667106992, 31.77045205591163 ], [ -106.485142031798532, 31.770453809686398 ], [ -106.485144213203441, 31.770455786796564 ], [ -106.4851461903136, 31.770457968201473 ], [ -106.485147944088368, 31.770460332893009 ], [ -106.485149457637931, 31.770462858097893 ], [ -106.485150716385974, 31.77046551949703 ], [ -106.485151708210068, 31.770468291459682 ], [ -106.485152423558418, 31.77047114729034 ], [ -106.485152855541799, 31.770474059485789 ], [ -106.485153, 31.770477 ], [ -106.485152855541799, 31.77047994051421 ], [ -106.485152423558418, 31.770482852709659 ], [ -106.485151708210068, 31.770485708540317 ], [ -106.485150716385974, 31.770488480502969 ], [ -106.485149457637931, 31.770491141902106 ], [ -106.485147944088368, 31.77049366710699 ], [ -106.4851461903136, 31.770496031798526 ], [ -106.485144213203441, 31.770498213203435 ], [ -106.485142031798532, 31.770500190313602 ], [ -106.485139667106992, 31.77050194408837 ], [ -106.485137141902101, 31.770503457637929 ], [ -106.485134480502978, 31.770504716385975 ], [ -106.485131708540322, 31.77050570821007 ], [ -106.485128852709664, 31.770506423558412 ], [ -106.485125940514209, 31.7705068555418 ], [ -106.485123, 31.770507 ], [ -106.485120059485794, 31.7705068555418 ], [ -106.485117147290339, 31.770506423558412 ], [ -106.485114291459681, 31.77050570821007 ], [ -106.485111519497025, 31.770504716385975 ], [ -106.485108858097902, 31.770503457637929 ], [ -106.485106332893011, 31.77050194408837 ], [ -106.485103968201472, 31.770500190313602 ], [ -106.485101786796562, 31.770498213203435 ], [ -106.485099809686403, 31.770496031798526 ], [ -106.485098055911635, 31.77049366710699 ], [ -106.485096542362072, 31.770491141902106 ], [ -106.485095283614029, 31.770488480502969 ], [ -106.485094291789935, 31.770485708540317 ], [ -106.485093576441585, 31.770482852709659 ], [ -106.485093144458205, 31.77047994051421 ], [ -106.485093, 31.770477 ] ] ] } },
{ "type": "Feature", "properties": { "PLACEKEY": "228-222@8tf-p3j-hh5", "PARENT_PLACEKEY": null, "LOCATION_NAME": "Pinnacle Social Services", "BRANDS": null, "TOP_CATEGORY": "Offices of Other Health Practitioners", "SUB_CATEGORY": "Offices of Mental Health Practitioners (except Physicians)", "NAICS_CODE": 621330, "LATITUDE": 31.771615, "LONGITUDE": -106.479181, "STREET_ADDRESS": "1418 Montana Ave", "CITY": "El Paso", "REGION": "TX", "POSTAL_CODE": 79902, "OPEN_HOURS": { "Mon": [ [ "9:00", "17:00" ] ], "Tue": [ [ "9:00", "17:00" ] ], "Wed": [ [ "9:00", "17:00" ] ], "Thu": [ [ "9:00", "17:00" ] ], "Fri": [ [ "9:00", "17:00" ] ], "Sat": [ ], "Sun": [ ] }, "CATEGORY_TAGS": "Mental Health", "OPENED_ON": null, "CLOSED_ON": null, "TRACKING_CLOSED_SINCE": null, "GEOMETRY_TYPE": "POLYGON", "POLYGON_CLASS": "OWNED_POLYGON", "ENCLOSED": "False", "PHONE_NUMBER": 19153514431.0, "IS_SYNTHETIC": "False", "INCLUDES_PARKING_LOT": "False", "WKT_AREA_SQ_METERS": 217.0, "DOMAINS": [ "pinnacleelpaso.com" ], "WEBSITE": null }, "geometry": { "type": "Polygon", "coordinates": [ [ [ -106.479074608999952, 31.771574753000039 ], [ -106.479177272999948, 31.771516301000077 ], [ -106.479287088999968, 31.771654606000027 ], [ -106.479184424999971, 31.771713059000035 ], [ -106.479074608999952, 31.771574753000039 ] ] ] } },
{ "type": "Feature", "properties": { "PLACEKEY": "22m-225@8tf-p3j-hnq", "PARENT_PLACEKEY": null, "LOCATION_NAME": "Wendy Robin Weir MA", "BRANDS": null, "TOP_CATEGORY": "Offices of Other Health Practitioners", "SUB_CATEGORY": "Offices of All Other Miscellaneous Health Practitioners", "NAICS_CODE": 621399, "LATITUDE": 31.769794, "LONGITUDE": -106.482042, "STREET_ADDRESS": "1204 Montana Ave", "CITY": "El Paso", "REGION": "TX", "POSTAL_CODE": 79902, "OPEN_HOURS": { "Mon": [ [ "8:00", "19:00" ] ], "Tue": [ ], "Wed": [ [ "8:00", "19:00" ] ], "Thu": [ [ "7:00", "19:00" ] ], "Fri": [ ], "Sat": [ ], "Sun": [ ] }, "CATEGORY_TAGS": "Acupuncture,Traditional Chinese Medicine", "OPENED_ON": null, "CLOSED_ON": null, "TRACKING_CLOSED_SINCE": null, "GEOMETRY_TYPE": "POLYGON", "POLYGON_CLASS": "SHARED_POLYGON", "ENCLOSED": "False", "PHONE_NUMBER": 15756507543.0, "IS_SYNTHETIC": "False", "INCLUDES_PARKING_LOT": "False", "WKT_AREA_SQ_METERS": 263.0, "DOMAINS": [ "wendyrobinweir.com" ], "WEBSITE": "http://www.wendyrobinweir.com" }, "geometry": { "type": "Polygon", "coordinates": [ [ [ -106.481873865999944, 31.769789334000052 ], [ -106.481984453999985, 31.769723831000078 ], [ -106.482110151999962, 31.76987600700005 ], [ -106.481999564999967, 31.76994151100007 ], [ -106.481873865999944, 31.769789334000052 ] ] ] } },
{ "type": "Feature", "properties": { "PLACEKEY": "226-23h@8tf-p3j-jn5", "PARENT_PLACEKEY": "226-222@8tf-p3j-jn5", "LOCATION_NAME": "Rocio Fernandez Lcdc", "BRANDS": null, "TOP_CATEGORY": "Offices of Physicians", "SUB_CATEGORY": "Offices of Physicians, Mental Health Specialists", "NAICS_CODE": 621112, "LATITUDE": 31.773017, "LONGITUDE": -106.476839, "STREET_ADDRESS": "1600 Montana Ave", "CITY": "El Paso", "REGION": "TX", "POSTAL_CODE": 79902, "OPEN_HOURS": null, "CATEGORY_TAGS": null, "OPENED_ON": null, "CLOSED_ON": null, "TRACKING_CLOSED_SINCE": null, "GEOMETRY_TYPE": "POLYGON", "POLYGON_CLASS": "SHARED_POLYGON", "ENCLOSED": "False", "PHONE_NUMBER": 19158873410.0, "IS_SYNTHETIC": "False", "INCLUDES_PARKING_LOT": "False", "WKT_AREA_SQ_METERS": 1317.0, "DOMAINS": [ ], "WEBSITE": null }, "geometry": { "type": "Polygon", "coordinates": [ [ [ -106.476783027999943, 31.773188924000067 ], [ -106.476647432999982, 31.77303102500008 ], [ -106.47672474999996, 31.772983417000034 ], [ -106.476708213999984, 31.772964161000061 ], [ -106.47673550199994, 31.772947358000067 ], [ -106.47674872999994, 31.772962763000066 ], [ -106.477098927999975, 31.77274712600007 ], [ -106.47723121599995, 31.772901174000026 ], [ -106.477099323999937, 31.77298238700007 ], [ -106.477148930999988, 31.773040156000036 ], [ -106.47696246299995, 31.773154975000068 ], [ -106.476919468999938, 31.773104910000029 ], [ -106.476783027999943, 31.773188924000067 ] ] ] } },
{ "type": "Feature", "properties": { "PLACEKEY": "22c-222@8tf-p3j-jn5", "PARENT_PLACEKEY": null, "LOCATION_NAME": "Law Office of David Wilton", "BRANDS": null, "TOP_CATEGORY": "Legal Services", "SUB_CATEGORY": "Offices of Lawyers", "NAICS_CODE": 541110, "LATITUDE": 31.772596, "LONGITUDE": -106.477799, "STREET_ADDRESS": "1522 Montana Ave Ste 200", "CITY": "El Paso", "REGION": "TX", "POSTAL_CODE": 79902, "OPEN_HOURS": { "Mon": [ [ "0:00", "24:00" ] ], "Tue": [ ], "Wed": [ ], "Thu": [ ], "Fri": [ ], "Sat": [ ], "Sun": [ ] }, "CATEGORY_TAGS": "Criminal Defense", "OPENED_ON": null, "CLOSED_ON": null, "TRACKING_CLOSED_SINCE": null, "GEOMETRY_TYPE": "POLYGON", "POLYGON_CLASS": "SHARED_POLYGON", "ENCLOSED": "False", "PHONE_NUMBER": 19152476761.0, "IS_SYNTHETIC": "False", "INCLUDES_PARKING_LOT": "False", "WKT_AREA_SQ_METERS": 1077.0, "DOMAINS": [ ], "WEBSITE": null }, "geometry": { "type": "Polygon", "coordinates": [ [ [ -106.477640213999962, 31.772800278000034 ], [ -106.477396366999983, 31.772537252000063 ], [ -106.477560141999959, 31.772428381000054 ], [ -106.477591974999939, 31.772408941000037 ], [ -106.477670850999971, 31.772494023000036 ], [ -106.477626619999967, 31.772523427000067 ], [ -106.477640508999968, 31.772538409000049 ], [ -106.477706856999987, 31.77249430300003 ], [ -106.477692966999939, 31.772479321000048 ], [ -106.477737198999989, 31.772449917000074 ], [ -106.477768449999985, 31.772483626000053 ], [ -106.477812681999978, 31.772454223000068 ], [ -106.477916852999954, 31.772566588000075 ], [ -106.477801850999981, 31.77264303700008 ], [ -106.477732403999937, 31.772568127000056 ], [ -106.477719133999983, 31.77257694900004 ], [ -106.477818570999943, 31.772684206000065 ], [ -106.477640213999962, 31.772800278000034 ] ] ] } },
{ "type": "Feature", "properties": { "PLACEKEY": "227-222@8tf-qxh-hnq", "PARENT_PLACEKEY": null, "LOCATION_NAME": "Santa Fe Home Care", "BRANDS": null, "TOP_CATEGORY": "Home Health Care Services", "SUB_CATEGORY": "Home Health Care Services", "NAICS_CODE": 621610, "LATITUDE": 31.769362, "LONGITUDE": -106.478424, "STREET_ADDRESS": "611 Newman St", "CITY": "El Paso", "REGION": "TX", "POSTAL_CODE": 79902, "OPEN_HOURS": { "Mon": [ [ "7:00", "15:00" ] ], "Tue": [ [ "7:00", "15:00" ] ], "Wed": [ [ "7:00", "15:00" ] ], "Thu": [ [ "7:00", "15:00" ] ], "Fri": [ [ "7:00", "15:00" ] ], "Sat": [ ], "Sun": [ ] }, "CATEGORY_TAGS": "Occupational Therapy", "OPENED_ON": null, "CLOSED_ON": null, "TRACKING_CLOSED_SINCE": null, "GEOMETRY_TYPE": "POLYGON", "POLYGON_CLASS": "SHARED_POLYGON", "ENCLOSED": "False", "PHONE_NUMBER": 19158453900.0, "IS_SYNTHETIC": "False", "INCLUDES_PARKING_LOT": "False", "WKT_AREA_SQ_METERS": 650.0, "DOMAINS": [ "santafehomecare.net" ], "WEBSITE": "https://www.santafehomecare.net" }, "geometry": { "type": "Polygon", "coordinates": [ [ [ -106.478443418999973, 31.769142410000029 ], [ -106.478656199999989, 31.769380900000044 ], [ -106.478491016999953, 31.769485931000077 ], [ -106.478277643999945, 31.769249861000048 ], [ -106.478443418999973, 31.769142410000029 ] ] ] } },
{ "type": "Feature", "properties": { "PLACEKEY": "222-222@8tf-p3j-m6k", "PARENT_PLACEKEY": null, "LOCATION_NAME": "Apartments at 709 Brown St", "BRANDS": null, "TOP_CATEGORY": "Lessors of Real Estate", "SUB_CATEGORY": "Lessors of Residential Buildings and Dwellings", "NAICS_CODE": 531110, "LATITUDE": 31.769325, "LONGITUDE": -106.480374, "STREET_ADDRESS": "709 Brown St", "CITY": "El Paso", "REGION": "TX", "POSTAL_CODE": 79902, "OPEN_HOURS": null, "CATEGORY_TAGS": null, "OPENED_ON": null, "CLOSED_ON": null, "TRACKING_CLOSED_SINCE": null, "GEOMETRY_TYPE": "POLYGON", "POLYGON_CLASS": "OWNED_POLYGON", "ENCLOSED": "False", "PHONE_NUMBER": null, "IS_SYNTHETIC": "False", "INCLUDES_PARKING_LOT": "False", "WKT_AREA_SQ_METERS": 138.0, "DOMAINS": [ ], "WEBSITE": null }, "geometry": { "type": "Polygon", "coordinates": [ [ [ -106.480364039999984, 31.769421683000076 ], [ -106.480347363999954, 31.769402513000045 ], [ -106.480320200999984, 31.769419459000062 ], [ -106.480270173999941, 31.769361951000064 ], [ -106.48038788599996, 31.769288521000078 ], [ -106.480454585999951, 31.769365199000049 ], [ -106.480364039999984, 31.769421683000076 ] ] ] } },
{ "type": "Feature", "properties": { "PLACEKEY": "22c-223@8tf-p3j-kzz", "PARENT_PLACEKEY": null, "LOCATION_NAME": "FXSA Inc", "BRANDS": null, "TOP_CATEGORY": "Architectural, Engineering, and Related Services", "SUB_CATEGORY": "Engineering Services", "NAICS_CODE": 541330, "LATITUDE": 31.769478, "LONGITUDE": -106.482492, "STREET_ADDRESS": "1130 Montana Ave", "CITY": "El Paso", "REGION": "TX", "POSTAL_CODE": 79902, "OPEN_HOURS": { "Mon": [ [ "8:00", "18:00" ] ], "Tue": [ [ "8:00", "18:00" ] ], "Wed": [ [ "8:00", "18:00" ] ], "Thu": [ [ "8:00", "18:00" ] ], "Fri": [ [ "8:00", "12:00" ] ], "Sat": [ ], "Sun": [ ] }, "CATEGORY_TAGS": null, "OPENED_ON": null, "CLOSED_ON": null, "TRACKING_CLOSED_SINCE": null, "GEOMETRY_TYPE": "POLYGON", "POLYGON_CLASS": "SHARED_POLYGON", "ENCLOSED": "False", "PHONE_NUMBER": 19155334600.0, "IS_SYNTHETIC": "False", "INCLUDES_PARKING_LOT": "False", "WKT_AREA_SQ_METERS": 365.0, "DOMAINS": [ "fxsa.com" ], "WEBSITE": "http://www.fxsa.com/" }, "geometry": { "type": "Polygon", "coordinates": [ [ [ -106.482385439999973, 31.769447592000063 ], [ -106.482515833999969, 31.769364668000037 ], [ -106.482644147999963, 31.76950935800005 ], [ -106.482482278999953, 31.769612299000073 ], [ -106.48238773199995, 31.76950568500007 ], [ -106.482419206999964, 31.769485668000073 ], [ -106.482385439999973, 31.769447592000063 ] ] ] } },
{ "type": "Feature", "properties": { "PLACEKEY": "226-22v@8tf-p3j-jn5", "PARENT_PLACEKEY": "226-222@8tf-p3j-jn5", "LOCATION_NAME": "Jeanette Espinoza Lpc", "BRANDS": null, "TOP_CATEGORY": "Offices of Physicians", "SUB_CATEGORY": "Offices of Physicians, Mental Health Specialists", "NAICS_CODE": 621112, "LATITUDE": 31.772985, "LONGITUDE": -106.476818, "STREET_ADDRESS": "1600 Montana Ave", "CITY": "El Paso", "REGION": "TX", "POSTAL_CODE": 79902, "OPEN_HOURS": null, "CATEGORY_TAGS": null, "OPENED_ON": null, "CLOSED_ON": null, "TRACKING_CLOSED_SINCE": null, "GEOMETRY_TYPE": "POLYGON", "POLYGON_CLASS": "SHARED_POLYGON", "ENCLOSED": "False", "PHONE_NUMBER": 19158873410.0, "IS_SYNTHETIC": "False", "INCLUDES_PARKING_LOT": "False", "WKT_AREA_SQ_METERS": 1317.0, "DOMAINS": [ ], "WEBSITE": null }, "geometry": { "type": "Polygon", "coordinates": [ [ [ -106.476783027999943, 31.773188924000067 ], [ -106.476647432999982, 31.77303102500008 ], [ -106.47672474999996, 31.772983417000034 ], [ -106.476708213999984, 31.772964161000061 ], [ -106.47673550199994, 31.772947358000067 ], [ -106.47674872999994, 31.772962763000066 ], [ -106.477098927999975, 31.77274712600007 ], [ -106.47723121599995, 31.772901174000026 ], [ -106.477099323999937, 31.77298238700007 ], [ -106.477148930999988, 31.773040156000036 ], [ -106.47696246299995, 31.773154975000068 ], [ -106.476919468999938, 31.773104910000029 ], [ -106.476783027999943, 31.773188924000067 ] ] ] } },
{ "type": "Feature", "properties": { "PLACEKEY": "22k-223@8tf-p3j-hh5", "PARENT_PLACEKEY": null, "LOCATION_NAME": "Progressive", "BRANDS": "Progressive", "TOP_CATEGORY": "Agencies, Brokerages, and Other Insurance Related Activities", "SUB_CATEGORY": "Insurance Agencies and Brokerages", "NAICS_CODE": 524210, "LATITUDE": 31.771771, "LONGITUDE": -106.478872, "STREET_ADDRESS": "1444 Montana Ave Ste 201", "CITY": "El Paso", "REGION": "TX", "POSTAL_CODE": 79902, "OPEN_HOURS": { "Mon": [ [ "8:30", "17:30" ] ], "Tue": [ [ "8:30", "17:30" ] ], "Wed": [ [ "8:30", "17:30" ] ], "Thu": [ [ "8:30", "17:30" ] ], "Fri": [ [ "8:30", "17:30" ] ], "Sat": [ ], "Sun": [ ] }, "CATEGORY_TAGS": "Auto Insurance,Pet Insurance", "OPENED_ON": null, "CLOSED_ON": null, "TRACKING_CLOSED_SINCE": null, "GEOMETRY_TYPE": "POLYGON", "POLYGON_CLASS": "SHARED_POLYGON", "ENCLOSED": "False", "PHONE_NUMBER": 19155992900.0, "IS_SYNTHETIC": "False", "INCLUDES_PARKING_LOT": "False", "WKT_AREA_SQ_METERS": 827.0, "DOMAINS": [ "progressive.com" ], "WEBSITE": "https://www.progressiveagent.com/local-agent/texas/el-paso/mt-franklin-insurance-agency/" }, "geometry": { "type": "Polygon", "coordinates": [ [ [ -106.478633072999969, 31.771778685000072 ], [ -106.478852898999946, 31.771638006000046 ], [ -106.479056322999952, 31.77186594300008 ], [ -106.478836495999985, 31.77200662100006 ], [ -106.478633072999969, 31.771778685000072 ] ] ] } },
{ "type": "Feature", "properties": { "PLACEKEY": "22q-222@8tf-p3j-hdv", "PARENT_PLACEKEY": null, "LOCATION_NAME": "Brown 1014", "BRANDS": null, "TOP_CATEGORY": "Lessors of Real Estate", "SUB_CATEGORY": "Lessors of Residential Buildings and Dwellings", "NAICS_CODE": 531110, "LATITUDE": 31.771906, "LONGITUDE": -106.482033, "STREET_ADDRESS": "1014 Brown St", "CITY": "El Paso", "REGION": "TX", "POSTAL_CODE": 79902, "OPEN_HOURS": null, "CATEGORY_TAGS": null, "OPENED_ON": null, "CLOSED_ON": null, "TRACKING_CLOSED_SINCE": null, "GEOMETRY_TYPE": "POLYGON", "POLYGON_CLASS": "OWNED_POLYGON", "ENCLOSED": "False", "PHONE_NUMBER": null, "IS_SYNTHETIC": "False", "INCLUDES_PARKING_LOT": "False", "WKT_AREA_SQ_METERS": 182.0, "DOMAINS": [ ], "WEBSITE": null }, "geometry": { "type": "Polygon", "coordinates": [ [ [ -106.481917464, 31.771923403000073 ], [ -106.482093684999938, 31.771821058000057 ], [ -106.482147753999982, 31.771887815000071 ], [ -106.481971533999968, 31.771990161000076 ], [ -106.481917464, 31.771923403000073 ] ] ] } },
{ "type": "Feature", "properties": { "PLACEKEY": "22k-222@8tf-p3j-hh5", "PARENT_PLACEKEY": null, "LOCATION_NAME": "Mt Franklin Insurance", "BRANDS": null, "TOP_CATEGORY": "Agencies, Brokerages, and Other Insurance Related Activities", "SUB_CATEGORY": "Insurance Agencies and Brokerages", "NAICS_CODE": 524210, "LATITUDE": 31.771759, "LONGITUDE": -106.478877, "STREET_ADDRESS": "1444 Montana Ave Ste 201", "CITY": "El Paso", "REGION": "TX", "POSTAL_CODE": 79902, "OPEN_HOURS": { "Mon": [ [ "8:30", "17:30" ] ], "Tue": [ [ "8:30", "17:30" ] ], "Wed": [ [ "8:30", "17:30" ] ], "Thu": [ [ "8:30", "17:30" ] ], "Fri": [ [ "8:30", "17:30" ] ], "Sat": [ ], "Sun": [ ] }, "CATEGORY_TAGS": "Auto Insurance", "OPENED_ON": null, "CLOSED_ON": null, "TRACKING_CLOSED_SINCE": null, "GEOMETRY_TYPE": "POLYGON", "POLYGON_CLASS": "SHARED_POLYGON", "ENCLOSED": "False", "PHONE_NUMBER": 19155992900.0, "IS_SYNTHETIC": "False", "INCLUDES_PARKING_LOT": "False", "WKT_AREA_SQ_METERS": 827.0, "DOMAINS": [ "mtfranklin.com" ], "WEBSITE": "https://www.mtfranklin.com" }, "geometry": { "type": "Polygon", "coordinates": [ [ [ -106.478633072999969, 31.771778685000072 ], [ -106.478852898999946, 31.771638006000046 ], [ -106.479056322999952, 31.77186594300008 ], [ -106.478836495999985, 31.77200662100006 ], [ -106.478633072999969, 31.771778685000072 ] ] ] } },
{ "type": "Feature", "properties": { "PLACEKEY": "225-223@8tf-p3j-kzz", "PARENT_PLACEKEY": null, "LOCATION_NAME": "Hawk & Hero Productions", "BRANDS": null, "TOP_CATEGORY": "Other Professional, Scientific, and Technical Services", "SUB_CATEGORY": "Photography Studios, Portrait", "NAICS_CODE": 541921, "LATITUDE": 31.769261, "LONGITUDE": -106.482796, "STREET_ADDRESS": "1116 Montana Ave", "CITY": "El Paso", "REGION": "TX", "POSTAL_CODE": 79902, "OPEN_HOURS": { "Mon": [ [ "9:00", "21:00" ] ], "Tue": [ [ "9:00", "21:00" ] ], "Wed": [ [ "9:00", "21:00" ] ], "Thu": [ [ "9:00", "21:00" ] ], "Fri": [ [ "9:00", "21:00" ] ], "Sat": [ [ "9:00", "21:00" ] ], "Sun": [ [ "9:00", "21:00" ] ] }, "CATEGORY_TAGS": "Photographer,Session Photography", "OPENED_ON": null, "CLOSED_ON": null, "TRACKING_CLOSED_SINCE": null, "GEOMETRY_TYPE": "POLYGON", "POLYGON_CLASS": "SHARED_POLYGON", "ENCLOSED": "False", "PHONE_NUMBER": 12077516553.0, "IS_SYNTHETIC": "False", "INCLUDES_PARKING_LOT": "False", "WKT_AREA_SQ_METERS": 155.0, "DOMAINS": [ "hawkandhero.com" ], "WEBSITE": "http://www.hawkandhero.com" }, "geometry": { "type": "Polygon", "coordinates": [ [ [ -106.482881298701813, 31.769271796724581 ], [ -106.482799720221053, 31.769339187643471 ], [ -106.482705765999981, 31.769225443000039 ], [ -106.482797919999939, 31.769170856000073 ], [ -106.482881298701813, 31.769271796724581 ] ] ] } },
{ "type": "Feature", "properties": { "PLACEKEY": "22b-222@8tf-p3j-5vf", "PARENT_PLACEKEY": null, "LOCATION_NAME": "Celia A Villasenor", "BRANDS": null, "TOP_CATEGORY": "Legal Services", "SUB_CATEGORY": "Offices of Lawyers", "NAICS_CODE": 541110, "LATITUDE": 31.768725, "LONGITUDE": -106.484613, "STREET_ADDRESS": "1009 Montana Ave", "CITY": "El Paso", "REGION": "TX", "POSTAL_CODE": 79902, "OPEN_HOURS": { "Mon": [ [ "9:00", "17:00" ] ], "Tue": [ [ "9:00", "17:00" ] ], "Wed": [ [ "9:00", "17:00" ] ], "Thu": [ [ "9:00", "17:00" ] ], "Fri": [ [ "9:00", "17:00" ] ], "Sat": [ ], "Sun": [ ] }, "CATEGORY_TAGS": "Criminal Defense,Divorce,Estate Planning", "OPENED_ON": null, "CLOSED_ON": null, "TRACKING_CLOSED_SINCE": null, "GEOMETRY_TYPE": "POLYGON", "POLYGON_CLASS": null, "ENCLOSED": "False", "PHONE_NUMBER": 19158380890.0, "IS_SYNTHETIC": "False", "INCLUDES_PARKING_LOT": "False", "WKT_AREA_SQ_METERS": 250.0, "DOMAINS": [ "celiavillasenorlaw.com" ], "WEBSITE": null }, "geometry": { "type": "Polygon", "coordinates": [ [ [ -106.484513783999944, 31.768709800000067 ], [ -106.484622679999973, 31.768642298000032 ], [ -106.484745568999983, 31.768784466000056 ], [ -106.484636672999954, 31.768851969000025 ], [ -106.484513783999944, 31.768709800000067 ] ] ] } },
{ "type": "Feature", "properties": { "PLACEKEY": "22s-227@8tf-p3j-jvz", "PARENT_PLACEKEY": null, "LOCATION_NAME": "Whatever Lounge", "BRANDS": null, "TOP_CATEGORY": "Drinking Places (Alcoholic Beverages)", "SUB_CATEGORY": "Drinking Places (Alcoholic Beverages)", "NAICS_CODE": 722410, "LATITUDE": 31.773623, "LONGITUDE": -106.477078, "STREET_ADDRESS": "1615 Montana Ave # Not", "CITY": "El Paso", "REGION": "TX", "POSTAL_CODE": 79902, "OPEN_HOURS": null, "CATEGORY_TAGS": "Dance Club,Gay Bar", "OPENED_ON": null, "CLOSED_ON": null, "TRACKING_CLOSED_SINCE": null, "GEOMETRY_TYPE": "POLYGON", "POLYGON_CLASS": "SHARED_POLYGON", "ENCLOSED": "False", "PHONE_NUMBER": null, "IS_SYNTHETIC": "False", "INCLUDES_PARKING_LOT": "False", "WKT_AREA_SQ_METERS": 1533.0, "DOMAINS": [ ], "WEBSITE": null }, "geometry": { "type": "Polygon", "coordinates": [ [ [ -106.476875930999938, 31.773747857000046 ], [ -106.477572686999963, 31.773299144000077 ], [ -106.477450137999938, 31.773162699000068 ], [ -106.477464694, 31.773153324000077 ], [ -106.477697599999942, 31.773418800000059 ], [ -106.477535899999964, 31.773522400000047 ], [ -106.477376199999981, 31.773628200000076 ], [ -106.477185, 31.773753100000079 ], [ -106.476991399999974, 31.773875300000043 ], [ -106.476875930999938, 31.773747857000046 ] ] ] } },
{ "type": "Feature", "properties": { "PLACEKEY": "zzw-222@8tf-p3j-hh5", "PARENT_PLACEKEY": null, "LOCATION_NAME": "Risen Wellness", "BRANDS": null, "TOP_CATEGORY": "Drugs and Druggists' Sundries Merchant Wholesalers", "SUB_CATEGORY": "Drugs and Druggists' Sundries Merchant Wholesalers", "NAICS_CODE": 424210, "LATITUDE": 31.772043, "LONGITUDE": -106.479572, "STREET_ADDRESS": "1409 Montana Ave", "CITY": "El Paso", "REGION": "TX", "POSTAL_CODE": 79902, "OPEN_HOURS": { "Mon": [ [ "11:00", "18:00" ] ], "Tue": [ [ "11:00", "18:00" ] ], "Wed": [ [ "11:00", "20:00" ] ], "Thu": [ [ "11:00", "20:00" ] ], "Fri": [ [ "11:00", "20:00" ] ], "Sat": [ [ "10:00", "18:00" ] ], "Sun": [ ] }, "CATEGORY_TAGS": null, "OPENED_ON": null, "CLOSED_ON": null, "TRACKING_CLOSED_SINCE": null, "GEOMETRY_TYPE": "POLYGON", "POLYGON_CLASS": "OWNED_POLYGON", "ENCLOSED": "False", "PHONE_NUMBER": null, "IS_SYNTHETIC": "False", "INCLUDES_PARKING_LOT": "False", "WKT_AREA_SQ_METERS": 112.0, "DOMAINS": [ "risenwellness.com" ], "WEBSITE": null }, "geometry": { "type": "Polygon", "coordinates": [ [ [ -106.479639272768296, 31.77204938178533 ], [ -106.479553048012093, 31.772118361590369 ], [ -106.479494016, 31.772054285000024 ], [ -106.479520617999981, 31.772036710000066 ], [ -106.479506782999977, 31.772021693000056 ], [ -106.479573288999973, 31.771977759000038 ], [ -106.479639272768296, 31.77204938178533 ] ] ] } },
{ "type": "Feature", "properties": { "PLACEKEY": "22b-226@8tf-p3j-5vf", "PARENT_PLACEKEY": null, "LOCATION_NAME": "Spencer Trial Attorneys", "BRANDS": null, "TOP_CATEGORY": "Legal Services", "SUB_CATEGORY": "Offices of Lawyers", "NAICS_CODE": 541110, "LATITUDE": 31.76877, "LONGITUDE": -106.484616, "STREET_ADDRESS": "1009 Montana Ave", "CITY": "El Paso", "REGION": "TX", "POSTAL_CODE": 79902, "OPEN_HOURS": { "Mon": [ [ "8:00", "17:00" ] ], "Tue": [ [ "8:00", "17:00" ] ], "Wed": [ [ "8:00", "17:00" ] ], "Thu": [ [ "8:00", "17:00" ] ], "Fri": [ [ "8:00", "17:00" ] ], "Sat": [ ], "Sun": [ ] }, "CATEGORY_TAGS": "Estate Planning,Immigration Law,Personal Injury Law", "OPENED_ON": null, "CLOSED_ON": null, "TRACKING_CLOSED_SINCE": null, "GEOMETRY_TYPE": "POLYGON", "POLYGON_CLASS": "SHARED_POLYGON", "ENCLOSED": "False", "PHONE_NUMBER": 19155325562.0, "IS_SYNTHETIC": "False", "INCLUDES_PARKING_LOT": "False", "WKT_AREA_SQ_METERS": 250.0, "DOMAINS": [ "spencertrialattorneys.com" ], "WEBSITE": "https://spencertrialattorneys.com" }, "geometry": { "type": "Polygon", "coordinates": [ [ [ -106.484513783999944, 31.768709800000067 ], [ -106.484622679999973, 31.768642298000032 ], [ -106.484745568999983, 31.768784466000056 ], [ -106.484636672999954, 31.768851969000025 ], [ -106.484513783999944, 31.768709800000067 ] ] ] } },
{ "type": "Feature", "properties": { "PLACEKEY": "22c-22c@8tf-p3j-hkf", "PARENT_PLACEKEY": null, "LOCATION_NAME": "Meiidz", "BRANDS": null, "TOP_CATEGORY": "Services to Buildings and Dwellings", "SUB_CATEGORY": "Janitorial Services", "NAICS_CODE": 561720, "LATITUDE": 31.771895, "LONGITUDE": -106.48004, "STREET_ADDRESS": "1401 Montana Ave", "CITY": "El Paso", "REGION": "TX", "POSTAL_CODE": 79902, "OPEN_HOURS": null, "CATEGORY_TAGS": null, "OPENED_ON": null, "CLOSED_ON": null, "TRACKING_CLOSED_SINCE": null, "GEOMETRY_TYPE": "POLYGON", "POLYGON_CLASS": "SHARED_POLYGON", "ENCLOSED": "False", "PHONE_NUMBER": 19152606744.0, "IS_SYNTHETIC": "False", "INCLUDES_PARKING_LOT": "False", "WKT_AREA_SQ_METERS": 1241.0, "DOMAINS": [ "meiidz.com" ], "WEBSITE": "http://meiidz.com/" }, "geometry": { "type": "Polygon", "coordinates": [ [ [ -106.479830697999944, 31.771844360000046 ], [ -106.48000972899996, 31.771729053000058 ], [ -106.480019941999956, 31.77174042300004 ], [ -106.480100505999985, 31.771688535000067 ], [ -106.480352416999949, 31.771969001000059 ], [ -106.480092820999971, 31.772136196000076 ], [ -106.479830697999944, 31.771844360000046 ] ] ] } },
{ "type": "Feature", "properties": { "PLACEKEY": "229-222@8tf-p3j-5s5", "PARENT_PLACEKEY": null, "LOCATION_NAME": "Leo Marketing", "BRANDS": null, "TOP_CATEGORY": "Advertising, Public Relations, and Related Services", "SUB_CATEGORY": null, "NAICS_CODE": 5418, "LATITUDE": 31.770615, "LONGITUDE": -106.483453, "STREET_ADDRESS": "1127 E Rio Grande Ave", "CITY": "El Paso", "REGION": "TX", "POSTAL_CODE": 79902, "OPEN_HOURS": { "Mon": [ [ "9:00", "17:00" ] ], "Tue": [ [ "9:00", "17:00" ] ], "Wed": [ [ "9:00", "17:00" ] ], "Thu": [ [ "9:00", "17:00" ] ], "Fri": [ [ "9:00", "17:00" ] ], "Sat": [ ], "Sun": [ ] }, "CATEGORY_TAGS": "Advertising,Marketing", "OPENED_ON": null, "CLOSED_ON": null, "TRACKING_CLOSED_SINCE": null, "GEOMETRY_TYPE": "POLYGON", "POLYGON_CLASS": null, "ENCLOSED": "False", "PHONE_NUMBER": 19153077111.0, "IS_SYNTHETIC": "False", "INCLUDES_PARKING_LOT": "False", "WKT_AREA_SQ_METERS": 243.0, "DOMAINS": [ "leomarketing.com" ], "WEBSITE": null }, "geometry": { "type": "Polygon", "coordinates": [ [ [ -106.483364724999944, 31.770599994000065 ], [ -106.483472388999985, 31.770531087000052 ], [ -106.483594448999952, 31.770667844000059 ], [ -106.483486784999968, 31.770736752000062 ], [ -106.483364724999944, 31.770599994000065 ] ] ] } },
{ "type": "Feature", "properties": { "PLACEKEY": "226-237@8tf-p3j-jn5", "PARENT_PLACEKEY": "226-222@8tf-p3j-jn5", "LOCATION_NAME": "Sergio Rodarte MD", "BRANDS": null, "TOP_CATEGORY": "Offices of Physicians", "SUB_CATEGORY": "Offices of Physicians (except Mental Health Specialists)", "NAICS_CODE": 621111, "LATITUDE": 31.773012, "LONGITUDE": -106.476819, "STREET_ADDRESS": "1600 Montana Ave", "CITY": "El Paso", "REGION": "TX", "POSTAL_CODE": 79902, "OPEN_HOURS": null, "CATEGORY_TAGS": null, "OPENED_ON": null, "CLOSED_ON": null, "TRACKING_CLOSED_SINCE": null, "GEOMETRY_TYPE": "POLYGON", "POLYGON_CLASS": "SHARED_POLYGON", "ENCLOSED": "False", "PHONE_NUMBER": 19158873410.0, "IS_SYNTHETIC": "False", "INCLUDES_PARKING_LOT": "False", "WKT_AREA_SQ_METERS": 1317.0, "DOMAINS": [ ], "WEBSITE": null }, "geometry": { "type": "Polygon", "coordinates": [ [ [ -106.476783027999943, 31.773188924000067 ], [ -106.476647432999982, 31.77303102500008 ], [ -106.47672474999996, 31.772983417000034 ], [ -106.476708213999984, 31.772964161000061 ], [ -106.47673550199994, 31.772947358000067 ], [ -106.47674872999994, 31.772962763000066 ], [ -106.477098927999975, 31.77274712600007 ], [ -106.47723121599995, 31.772901174000026 ], [ -106.477099323999937, 31.77298238700007 ], [ -106.477148930999988, 31.773040156000036 ], [ -106.47696246299995, 31.773154975000068 ], [ -106.476919468999938, 31.773104910000029 ], [ -106.476783027999943, 31.773188924000067 ] ] ] } },
{ "type": "Feature", "properties": { "PLACEKEY": "zzy-224@8tf-p3j-k2k", "PARENT_PLACEKEY": "226-225@8tf-p3j-k2k", "LOCATION_NAME": "Ramos Health Plans", "BRANDS": null, "TOP_CATEGORY": "Health Care and Social Assistance", "SUB_CATEGORY": null, "NAICS_CODE": 62, "LATITUDE": 31.772318, "LONGITUDE": -106.479269, "STREET_ADDRESS": "1413 Montana Ave Ste 200", "CITY": "El Paso", "REGION": "TX", "POSTAL_CODE": 79902, "OPEN_HOURS": { "Mon": [ [ "8:00", "17:00" ] ], "Tue": [ [ "8:00", "17:00" ] ], "Wed": [ [ "8:00", "17:00" ] ], "Thu": [ [ "8:00", "17:00" ] ], "Fri": [ [ "8:00", "12:00" ] ], "Sat": [ ], "Sun": [ ] }, "CATEGORY_TAGS": null, "OPENED_ON": null, "CLOSED_ON": null, "TRACKING_CLOSED_SINCE": null, "GEOMETRY_TYPE": "POLYGON", "POLYGON_CLASS": "SHARED_POLYGON", "ENCLOSED": "True", "PHONE_NUMBER": 19156266137.0, "IS_SYNTHETIC": "False", "INCLUDES_PARKING_LOT": "False", "WKT_AREA_SQ_METERS": 1417.0, "DOMAINS": [ "ramoshp.com" ], "WEBSITE": "http://www.ramoshp.com/" }, "geometry": { "type": "Polygon", "coordinates": [ [ [ -106.479262545999973, 31.772494087000041 ], [ -106.479333484999984, 31.772453698000049 ], [ -106.479317795999975, 31.772433939000052 ], [ -106.479243131999965, 31.772476450000056 ], [ -106.479098799999974, 31.772294677000048 ], [ -106.479341461, 31.772156517000042 ], [ -106.479354010999941, 31.772172323000063 ], [ -106.479428675999941, 31.77212981200006 ], [ -106.479409850999957, 31.772106102000066 ], [ -106.479479847999983, 31.772066248000044 ], [ -106.479652419, 31.772283586000071 ], [ -106.479563753999969, 31.772334068000077 ], [ -106.47954806599995, 31.77231431000007 ], [ -106.479534065999985, 31.772322281000072 ], [ -106.47955916799998, 31.772353893000059 ], [ -106.479465836999964, 31.772407032000046 ], [ -106.479384257999982, 31.772304291000069 ], [ -106.479304925999941, 31.772349459000054 ], [ -106.479386504999979, 31.772452200000032 ], [ -106.479461169999979, 31.772409689000028 ], [ -106.479545887999961, 31.772516383000038 ], [ -106.479370651999943, 31.772616153000058 ], [ -106.479262545999973, 31.772494087000041 ] ] ] } },
{ "type": "Feature", "properties": { "PLACEKEY": "zzy-222@8tf-p3j-hdv", "PARENT_PLACEKEY": null, "LOCATION_NAME": "Sun Metro 1301 Arizona Brown", "BRANDS": null, "TOP_CATEGORY": "Urban Transit Systems", "SUB_CATEGORY": "Bus and Other Motor Vehicle Transit Systems", "NAICS_CODE": 485113, "LATITUDE": 31.772239, "LONGITUDE": -106.482413, "STREET_ADDRESS": "1301 Arizona Brown", "CITY": "El Paso", "REGION": "TX", "POSTAL_CODE": 79902, "OPEN_HOURS": null, "CATEGORY_TAGS": "Bus Station,Buses", "OPENED_ON": null, "CLOSED_ON": null, "TRACKING_CLOSED_SINCE": null, "GEOMETRY_TYPE": "POINT", "POLYGON_CLASS": null, "ENCLOSED": null, "PHONE_NUMBER": null, "IS_SYNTHETIC": null, "INCLUDES_PARKING_LOT": null, "WKT_AREA_SQ_METERS": null, "DOMAINS": [ ], "WEBSITE": null }, "geometry": { "type": "Polygon", "coordinates": [ [ [ -106.482383, 31.772239 ], [ -106.482383144458197, 31.772236059485788 ], [ -106.482383576441578, 31.77223314729034 ], [ -106.482384291789927, 31.772230291459682 ], [ -106.482385283614022, 31.772227519497029 ], [ -106.482386542362065, 31.772224858097893 ], [ -106.482388055911628, 31.772222332893008 ], [ -106.482389809686396, 31.772219968201473 ], [ -106.482391786796555, 31.772217786796563 ], [ -106.482393968201464, 31.772215809686397 ], [ -106.482396332893003, 31.772214055911629 ], [ -106.482398858097895, 31.77221254236207 ], [ -106.482401519497017, 31.772211283614023 ], [ -106.482404291459673, 31.772210291789929 ], [ -106.482407147290331, 31.772209576441586 ], [ -106.482410059485787, 31.772209144458198 ], [ -106.482413, 31.772209 ], [ -106.482415940514201, 31.772209144458198 ], [ -106.482418852709657, 31.772209576441586 ], [ -106.482421708540315, 31.772210291789929 ], [ -106.482424480502971, 31.772211283614023 ], [ -106.482427141902093, 31.77221254236207 ], [ -106.482429667106985, 31.772214055911629 ], [ -106.482432031798524, 31.772215809686397 ], [ -106.482434213203433, 31.772217786796563 ], [ -106.482436190313592, 31.772219968201473 ], [ -106.48243794408836, 31.772222332893008 ], [ -106.482439457637923, 31.772224858097893 ], [ -106.482440716385966, 31.772227519497029 ], [ -106.482441708210061, 31.772230291459682 ], [ -106.48244242355841, 31.77223314729034 ], [ -106.482442855541791, 31.772236059485788 ], [ -106.482443, 31.772239 ], [ -106.482442855541791, 31.77224194051421 ], [ -106.48244242355841, 31.772244852709658 ], [ -106.482441708210061, 31.772247708540316 ], [ -106.482440716385966, 31.772250480502969 ], [ -106.482439457637923, 31.772253141902105 ], [ -106.48243794408836, 31.77225566710699 ], [ -106.482436190313592, 31.772258031798525 ], [ -106.482434213203433, 31.772260213203435 ], [ -106.482432031798524, 31.772262190313601 ], [ -106.482429667106985, 31.772263944088369 ], [ -106.482427141902093, 31.772265457637928 ], [ -106.482424480502971, 31.772266716385975 ], [ -106.482421708540315, 31.77226770821007 ], [ -106.482418852709657, 31.772268423558412 ], [ -106.482415940514201, 31.7722688555418 ], [ -106.482413, 31.772269 ], [ -106.482410059485787, 31.7722688555418 ], [ -106.482407147290331, 31.772268423558412 ], [ -106.482404291459673, 31.77226770821007 ], [ -106.482401519497017, 31.772266716385975 ], [ -106.482398858097895, 31.772265457637928 ], [ -106.482396332893003, 31.772263944088369 ], [ -106.482393968201464, 31.772262190313601 ], [ -106.482391786796555, 31.772260213203435 ], [ -106.482389809686396, 31.772258031798525 ], [ -106.482388055911628, 31.77225566710699 ], [ -106.482386542362065, 31.772253141902105 ], [ -106.482385283614022, 31.772250480502969 ], [ -106.482384291789927, 31.772247708540316 ], [ -106.482383576441578, 31.772244852709658 ], [ -106.482383144458197, 31.77224194051421 ], [ -106.482383, 31.772239 ] ] ] } },
{ "type": "Feature", "properties": { "PLACEKEY": "22m-22b@8tf-p3j-hnq", "PARENT_PLACEKEY": null, "LOCATION_NAME": "Nurture Development and Lactation", "BRANDS": null, "TOP_CATEGORY": "Offices of Other Health Practitioners", "SUB_CATEGORY": "Offices of Physical, Occupational and Speech Therapists, and Audiologists", "NAICS_CODE": 621340, "LATITUDE": 31.770152, "LONGITUDE": -106.481511, "STREET_ADDRESS": "1204 Montana Ave", "CITY": "El Paso", "REGION": "TX", "POSTAL_CODE": 79902, "OPEN_HOURS": null, "CATEGORY_TAGS": null, "OPENED_ON": null, "CLOSED_ON": null, "TRACKING_CLOSED_SINCE": null, "GEOMETRY_TYPE": "POLYGON", "POLYGON_CLASS": "SHARED_POLYGON", "ENCLOSED": "False", "PHONE_NUMBER": 19153427302.0, "IS_SYNTHETIC": "False", "INCLUDES_PARKING_LOT": "False", "WKT_AREA_SQ_METERS": 214.0, "DOMAINS": [ "nurturemomandme.com" ], "WEBSITE": "https://www.nurturemomandme.com/" }, "geometry": { "type": "Polygon", "coordinates": [ [ [ -106.481369442999949, 31.770102365000071 ], [ -106.481455506999964, 31.77004106000004 ], [ -106.481593055999952, 31.770179533000032 ], [ -106.481506990999947, 31.770240838000063 ], [ -106.481369442999949, 31.770102365000071 ] ] ] } },
{ "type": "Feature", "properties": { "PLACEKEY": "23q-222@8tf-p3j-hnq", "PARENT_PLACEKEY": null, "LOCATION_NAME": "Derek Quinata", "BRANDS": null, "TOP_CATEGORY": "Legal Services", "SUB_CATEGORY": "Offices of Lawyers", "NAICS_CODE": 541110, "LATITUDE": 31.769916, "LONGITUDE": -106.481851, "STREET_ADDRESS": "1210 Montana Ave Ste 203", "CITY": "El Paso", "REGION": "TX", "POSTAL_CODE": 79902, "OPEN_HOURS": { "Mon": [ [ "9:00", "17:00" ] ], "Tue": [ [ "9:00", "17:00" ] ], "Wed": [ [ "9:00", "17:00" ] ], "Thu": [ [ "9:00", "17:00" ] ], "Fri": [ [ "9:00", "17:00" ] ], "Sat": [ [ "10:00", "14:00" ] ], "Sun": [ ] }, "CATEGORY_TAGS": "Criminal Defense,Divorce,Employment Law", "OPENED_ON": null, "CLOSED_ON": null, "TRACKING_CLOSED_SINCE": null, "GEOMETRY_TYPE": "POLYGON", "POLYGON_CLASS": "SHARED_POLYGON", "ENCLOSED": "False", "PHONE_NUMBER": 19156676966.0, "IS_SYNTHETIC": "False", "INCLUDES_PARKING_LOT": "False", "WKT_AREA_SQ_METERS": 243.0, "DOMAINS": [ ], "WEBSITE": null }, "geometry": { "type": "Polygon", "coordinates": [ [ [ -106.481746232999967, 31.769875290000073 ], [ -106.481853144999945, 31.769805547000033 ], [ -106.481976681999981, 31.769941349000078 ], [ -106.481869769999946, 31.770011093000051 ], [ -106.481746232999967, 31.769875290000073 ] ] ] } },
{ "type": "Feature", "properties": { "PLACEKEY": "zzy-222@8tf-p3j-j35", "PARENT_PLACEKEY": null, "LOCATION_NAME": "Eleganzza Granite", "BRANDS": null, "TOP_CATEGORY": "Building Finishing Contractors", "SUB_CATEGORY": "Finish Carpentry Contractors", "NAICS_CODE": 238350, "LATITUDE": 31.772007, "LONGITUDE": -106.475105, "STREET_ADDRESS": "1628 Wyoming Ave", "CITY": "El Paso", "REGION": "TX", "POSTAL_CODE": 79902, "OPEN_HOURS": { "Mon": [ [ "7:30", "16:00" ] ], "Tue": [ [ "7:30", "16:00" ] ], "Wed": [ [ "7:30", "16:00" ] ], "Thu": [ [ "7:30", "16:00" ] ], "Fri": [ [ "7:30", "16:00" ] ], "Sat": [ ], "Sun": [ ] }, "CATEGORY_TAGS": "Cabinetry,Countertop Installation,Shutters", "OPENED_ON": null, "CLOSED_ON": null, "TRACKING_CLOSED_SINCE": null, "GEOMETRY_TYPE": "POLYGON", "POLYGON_CLASS": "OWNED_POLYGON", "ENCLOSED": "False", "PHONE_NUMBER": 19158670727.0, "IS_SYNTHETIC": "False", "INCLUDES_PARKING_LOT": "False", "WKT_AREA_SQ_METERS": 298.0, "DOMAINS": [ "eleganzza.net" ], "WEBSITE": null }, "geometry": { "type": "Polygon", "coordinates": [ [ [ -106.475063315999989, 31.771877094000047 ], [ -106.475064644999975, 31.771876297000063 ], [ -106.475236948999964, 31.772082219000026 ], [ -106.475145183999985, 31.772137278000059 ], [ -106.474972879999939, 31.771931355000049 ], [ -106.475063315999989, 31.771877094000047 ] ] ] } },
{ "type": "Feature", "properties": { "PLACEKEY": "225-222@8tf-p3j-jqf", "PARENT_PLACEKEY": null, "LOCATION_NAME": "Tres Vistas", "BRANDS": null, "TOP_CATEGORY": "Lessors of Real Estate", "SUB_CATEGORY": "Lessors of Residential Buildings and Dwellings", "NAICS_CODE": 531110, "LATITUDE": 31.774369, "LONGITUDE": -106.478487, "STREET_ADDRESS": "1600 Arizona Ave", "CITY": "El Paso", "REGION": "TX", "POSTAL_CODE": 79902, "OPEN_HOURS": null, "CATEGORY_TAGS": null, "OPENED_ON": null, "CLOSED_ON": null, "TRACKING_CLOSED_SINCE": null, "GEOMETRY_TYPE": "POLYGON", "POLYGON_CLASS": "OWNED_POLYGON", "ENCLOSED": "False", "PHONE_NUMBER": null, "IS_SYNTHETIC": "False", "INCLUDES_PARKING_LOT": "False", "WKT_AREA_SQ_METERS": 169.0, "DOMAINS": [ ], "WEBSITE": null }, "geometry": { "type": "Polygon", "coordinates": [ [ [ -106.478582700556956, 31.774394868442624 ], [ -106.478471388882838, 31.774454154176304 ], [ -106.478396287030421, 31.774350974172993 ], [ -106.478508269256793, 31.77429054826127 ], [ -106.478582700556956, 31.774394868442624 ] ] ] } },
{ "type": "Feature", "properties": { "PLACEKEY": "226-222@8tf-p3h-fzz", "PARENT_PLACEKEY": null, "LOCATION_NAME": "Apartments at 1415 Brown St", "BRANDS": null, "TOP_CATEGORY": "Lessors of Real Estate", "SUB_CATEGORY": "Lessors of Residential Buildings and Dwellings", "NAICS_CODE": 531110, "LATITUDE": 31.77447, "LONGITUDE": -106.485356, "STREET_ADDRESS": "1415 Brown St", "CITY": "El Paso", "REGION": "TX", "POSTAL_CODE": 79902, "OPEN_HOURS": null, "CATEGORY_TAGS": null, "OPENED_ON": null, "CLOSED_ON": null, "TRACKING_CLOSED_SINCE": null, "GEOMETRY_TYPE": "POLYGON", "POLYGON_CLASS": "OWNED_POLYGON", "ENCLOSED": "False", "PHONE_NUMBER": null, "IS_SYNTHETIC": "False", "INCLUDES_PARKING_LOT": "False", "WKT_AREA_SQ_METERS": 688.0, "DOMAINS": [ ], "WEBSITE": null }, "geometry": { "type": "Polygon", "coordinates": [ [ [ -106.48513656199998, 31.77450807200006 ], [ -106.485461057999942, 31.77430302700003 ], [ -106.485575407999988, 31.774432780000041 ], [ -106.48525091199997, 31.77463782600006 ], [ -106.48513656199998, 31.77450807200006 ] ] ] } },
{ "type": "Feature", "properties": { "PLACEKEY": "222-222@8tf-p3j-jn5", "PARENT_PLACEKEY": null, "LOCATION_NAME": "Snoddy Sam Atty", "BRANDS": null, "TOP_CATEGORY": "Legal Services", "SUB_CATEGORY": "Offices of Lawyers", "NAICS_CODE": 541110, "LATITUDE": 31.772391, "LONGITUDE": -106.477916, "STREET_ADDRESS": "1518 Montana Ave", "CITY": "El Paso", "REGION": "TX", "POSTAL_CODE": 79902, "OPEN_HOURS": null, "CATEGORY_TAGS": null, "OPENED_ON": null, "CLOSED_ON": null, "TRACKING_CLOSED_SINCE": null, "GEOMETRY_TYPE": "POLYGON", "POLYGON_CLASS": "OWNED_POLYGON", "ENCLOSED": "False", "PHONE_NUMBER": 19155424287.0, "IS_SYNTHETIC": "False", "INCLUDES_PARKING_LOT": "False", "WKT_AREA_SQ_METERS": 299.0, "DOMAINS": [ ], "WEBSITE": null }, "geometry": { "type": "Polygon", "coordinates": [ [ [ -106.47795989399998, 31.772555570000065 ], [ -106.477832633999981, 31.772410212000068 ], [ -106.477810047999981, 31.772424391000072 ], [ -106.47775646499997, 31.772363187000053 ], [ -106.477828741999986, 31.772317814000075 ], [ -106.477868929999943, 31.772363717000076 ], [ -106.477837307999948, 31.772383568000066 ], [ -106.477850704, 31.772398868000039 ], [ -106.477932014999965, 31.772347823000075 ], [ -106.478059274999964, 31.772493181000073 ], [ -106.47795989399998, 31.772555570000065 ] ] ] } },
{ "type": "Feature", "properties": { "PLACEKEY": "22b-22d@8tf-p3j-jn5", "PARENT_PLACEKEY": "22b-228@8tf-p3j-jn5", "LOCATION_NAME": "Celeste Nevarez Lpc", "BRANDS": null, "TOP_CATEGORY": "Offices of Physicians", "SUB_CATEGORY": "Offices of Physicians, Mental Health Specialists", "NAICS_CODE": 621112, "LATITUDE": 31.773003, "LONGITUDE": -106.477903, "STREET_ADDRESS": "1551 Montana Ave", "CITY": "El Paso", "REGION": "TX", "POSTAL_CODE": 79902, "OPEN_HOURS": null, "CATEGORY_TAGS": null, "OPENED_ON": null, "CLOSED_ON": null, "TRACKING_CLOSED_SINCE": null, "GEOMETRY_TYPE": "POLYGON", "POLYGON_CLASS": "SHARED_POLYGON", "ENCLOSED": "True", "PHONE_NUMBER": 19158873410.0, "IS_SYNTHETIC": "False", "INCLUDES_PARKING_LOT": "False", "WKT_AREA_SQ_METERS": 653.0, "DOMAINS": [ ], "WEBSITE": null }, "geometry": { "type": "Polygon", "coordinates": [ [ [ -106.477805304999947, 31.772985382000059 ], [ -106.478046439999957, 31.772829096000066 ], [ -106.478193407999981, 31.772991691000072 ], [ -106.477952273999961, 31.773147977000065 ], [ -106.477805304999947, 31.772985382000059 ] ] ] } },
{ "type": "Feature", "properties": { "PLACEKEY": "22b-227@8tf-p3j-jn5", "PARENT_PLACEKEY": "22b-228@8tf-p3j-jn5", "LOCATION_NAME": "Mariaitzel Favela Lpc", "BRANDS": null, "TOP_CATEGORY": "Offices of Physicians", "SUB_CATEGORY": "Offices of Physicians, Mental Health Specialists", "NAICS_CODE": 621112, "LATITUDE": 31.77298, "LONGITUDE": -106.477927, "STREET_ADDRESS": "1551 Montana Ave", "CITY": "El Paso", "REGION": "TX", "POSTAL_CODE": 79902, "OPEN_HOURS": null, "CATEGORY_TAGS": null, "OPENED_ON": null, "CLOSED_ON": null, "TRACKING_CLOSED_SINCE": null, "GEOMETRY_TYPE": "POLYGON", "POLYGON_CLASS": "SHARED_POLYGON", "ENCLOSED": "True", "PHONE_NUMBER": 19157473510.0, "IS_SYNTHETIC": "False", "INCLUDES_PARKING_LOT": "False", "WKT_AREA_SQ_METERS": 653.0, "DOMAINS": [ ], "WEBSITE": null }, "geometry": { "type": "Polygon", "coordinates": [ [ [ -106.477805304999947, 31.772985382000059 ], [ -106.478046439999957, 31.772829096000066 ], [ -106.478193407999981, 31.772991691000072 ], [ -106.477952273999961, 31.773147977000065 ], [ -106.477805304999947, 31.772985382000059 ] ] ] } },
{ "type": "Feature", "properties": { "PLACEKEY": "22m-222@8tf-p3j-kxq", "PARENT_PLACEKEY": null, "LOCATION_NAME": "PCS Home Realty and Property Management", "BRANDS": null, "TOP_CATEGORY": "Offices of Real Estate Agents and Brokers", "SUB_CATEGORY": "Offices of Real Estate Agents and Brokers", "NAICS_CODE": 531210, "LATITUDE": 31.768272, "LONGITUDE": -106.480878, "STREET_ADDRESS": "1200 Wyoming Ave", "CITY": "El Paso", "REGION": "TX", "POSTAL_CODE": 79902, "OPEN_HOURS": null, "CATEGORY_TAGS": null, "OPENED_ON": null, "CLOSED_ON": null, "TRACKING_CLOSED_SINCE": null, "GEOMETRY_TYPE": "POLYGON", "POLYGON_CLASS": "SHARED_POLYGON", "ENCLOSED": "False", "PHONE_NUMBER": 19154333918.0, "IS_SYNTHETIC": "False", "INCLUDES_PARKING_LOT": "False", "WKT_AREA_SQ_METERS": 233.0, "DOMAINS": [ "pcsfortbliss.com" ], "WEBSITE": null }, "geometry": { "type": "Polygon", "coordinates": [ [ [ -106.480900215999952, 31.768403396000053 ], [ -106.480801854999982, 31.768299287000048 ], [ -106.480771119999986, 31.768320111000037 ], [ -106.480728964999969, 31.768275493000033 ], [ -106.48076408999998, 31.768251694000071 ], [ -106.480774628999939, 31.768262848000063 ], [ -106.480858051999974, 31.76820632600004 ], [ -106.480988028999946, 31.768343899000058 ], [ -106.480900215999952, 31.768403396000053 ] ] ] } },
{ "type": "Feature", "properties": { "PLACEKEY": "226-224@8tf-p3j-hh5", "PARENT_PLACEKEY": null, "LOCATION_NAME": "Rosales Joe Atty", "BRANDS": null, "TOP_CATEGORY": "Legal Services", "SUB_CATEGORY": "Offices of Lawyers", "NAICS_CODE": 541110, "LATITUDE": 31.771309, "LONGITUDE": -106.479612, "STREET_ADDRESS": "1400 Montana Ave", "CITY": "El Paso", "REGION": "TX", "POSTAL_CODE": 79902, "OPEN_HOURS": null, "CATEGORY_TAGS": null, "OPENED_ON": null, "CLOSED_ON": null, "TRACKING_CLOSED_SINCE": null, "GEOMETRY_TYPE": "POLYGON", "POLYGON_CLASS": null, "ENCLOSED": "False", "PHONE_NUMBER": 19155420884.0, "IS_SYNTHETIC": "False", "INCLUDES_PARKING_LOT": "False", "WKT_AREA_SQ_METERS": 535.0, "DOMAINS": [ "rosaleslawfirm.com" ], "WEBSITE": null }, "geometry": { "type": "Polygon", "coordinates": [ [ [ -106.479443590999949, 31.771346401000073 ], [ -106.479532837999955, 31.771278769000048 ], [ -106.479521587999955, 31.771268123000027 ], [ -106.479605393999975, 31.771204614000055 ], [ -106.479702892999967, 31.771296871000061 ], [ -106.479757367, 31.771255589000077 ], [ -106.479821115999982, 31.771315911000045 ], [ -106.479590649999977, 31.771490563000043 ], [ -106.479440650999948, 31.771348629000045 ], [ -106.479443590999949, 31.771346401000073 ] ], [ [ -106.479600550999976, 31.771278575000053 ], [ -106.479578049999986, 31.771257286000036 ], [ -106.479536146999976, 31.771289040000056 ], [ -106.479558647999966, 31.771310331000052 ], [ -106.479600550999976, 31.771278575000053 ] ] ] } },
{ "type": "Feature", "properties": { "PLACEKEY": "225-222@8tf-p3j-jsq", "PARENT_PLACEKEY": null, "LOCATION_NAME": "All Temp Insulation", "BRANDS": null, "TOP_CATEGORY": "Other Specialty Trade Contractors", "SUB_CATEGORY": null, "NAICS_CODE": 2389, "LATITUDE": 31.772334, "LONGITUDE": -106.475672, "STREET_ADDRESS": "1629 Wyoming Ave", "CITY": "El Paso", "REGION": "TX", "POSTAL_CODE": 79902, "OPEN_HOURS": null, "CATEGORY_TAGS": null, "OPENED_ON": null, "CLOSED_ON": null, "TRACKING_CLOSED_SINCE": null, "GEOMETRY_TYPE": "POLYGON", "POLYGON_CLASS": "OWNED_POLYGON", "ENCLOSED": "False", "PHONE_NUMBER": 19155331910.0, "IS_SYNTHETIC": "False", "INCLUDES_PARKING_LOT": "False", "WKT_AREA_SQ_METERS": 1242.0, "DOMAINS": [ "alltempinsulation.net" ], "WEBSITE": "https://alltempinsulation.net" }, "geometry": { "type": "Polygon", "coordinates": [ [ [ -106.475564788999975, 31.77249237500007 ], [ -106.475381156999958, 31.772275747000037 ], [ -106.475563886999964, 31.772164677000035 ], [ -106.475531094999951, 31.772125994000078 ], [ -106.475663573999952, 31.772045468000044 ], [ -106.475683248999985, 31.772068678000039 ], [ -106.475695068999983, 31.772061493000024 ], [ -106.475793860999943, 31.772183152000025 ], [ -106.475789470999985, 31.772185820000061 ], [ -106.475897682999971, 31.772313476000079 ], [ -106.475710384999957, 31.772427322000055 ], [ -106.475697267999976, 31.772411849000036 ], [ -106.475564788999975, 31.77249237500007 ] ] ] } },
{ "type": "Feature", "properties": { "PLACEKEY": "228-222@8tf-p3h-g6k", "PARENT_PLACEKEY": null, "LOCATION_NAME": "Pathology Professional Services", "BRANDS": null, "TOP_CATEGORY": "Offices of Physicians", "SUB_CATEGORY": "Offices of Physicians (except Mental Health Specialists)", "NAICS_CODE": 621111, "LATITUDE": 31.774557, "LONGITUDE": -106.4844, "STREET_ADDRESS": "1301 E River Ave", "CITY": "El Paso", "REGION": "TX", "POSTAL_CODE": 79902, "OPEN_HOURS": null, "CATEGORY_TAGS": "Pathologists", "OPENED_ON": null, "CLOSED_ON": null, "TRACKING_CLOSED_SINCE": null, "GEOMETRY_TYPE": "POLYGON", "POLYGON_CLASS": "SHARED_POLYGON", "ENCLOSED": "False", "PHONE_NUMBER": 19155333000.0, "IS_SYNTHETIC": "False", "INCLUDES_PARKING_LOT": "False", "WKT_AREA_SQ_METERS": 304.0, "DOMAINS": [ "questdiagnostics.com" ], "WEBSITE": null }, "geometry": { "type": "Polygon", "coordinates": [ [ [ -106.484253657999943, 31.774563820000026 ], [ -106.484379043, 31.774482545000069 ], [ -106.484502099999986, 31.774618663000069 ], [ -106.484368139999958, 31.77470549700007 ], [ -106.484245083999951, 31.774569378000024 ], [ -106.484253657999943, 31.774563820000026 ] ] ] } },
{ "type": "Feature", "properties": { "PLACEKEY": "22s-222@8tf-p3j-5zz", "PARENT_PLACEKEY": null, "LOCATION_NAME": "Bock Rutherford & Co Cpas", "BRANDS": null, "TOP_CATEGORY": "Accounting, Tax Preparation, Bookkeeping, and Payroll Services", "SUB_CATEGORY": "Offices of Certified Public Accountants", "NAICS_CODE": 541211, "LATITUDE": 31.769101, "LONGITUDE": -106.483278, "STREET_ADDRESS": "1100 Montana Ave Ste 202", "CITY": "El Paso", "REGION": "TX", "POSTAL_CODE": 79902, "OPEN_HOURS": null, "CATEGORY_TAGS": "Accountants", "OPENED_ON": null, "CLOSED_ON": null, "TRACKING_CLOSED_SINCE": null, "GEOMETRY_TYPE": "POLYGON", "POLYGON_CLASS": "SHARED_POLYGON", "ENCLOSED": "False", "PHONE_NUMBER": 19155448984.0, "IS_SYNTHETIC": "False", "INCLUDES_PARKING_LOT": "False", "WKT_AREA_SQ_METERS": 898.0, "DOMAINS": [ ], "WEBSITE": null }, "geometry": { "type": "Polygon", "coordinates": [ [ [ -106.482981904999974, 31.768995542000027 ], [ -106.483232533999967, 31.768834106000043 ], [ -106.483426574999953, 31.769050136000033 ], [ -106.48317594699995, 31.769211573000064 ], [ -106.482981904999974, 31.768995542000027 ] ] ] } },
{ "type": "Feature", "properties": { "PLACEKEY": "22f-223@8tf-p3j-hnq", "PARENT_PLACEKEY": null, "LOCATION_NAME": "JEG Advisors", "BRANDS": null, "TOP_CATEGORY": "Accounting, Tax Preparation, Bookkeeping, and Payroll Services", "SUB_CATEGORY": "Tax Preparation Services", "NAICS_CODE": 541213, "LATITUDE": 31.769516, "LONGITUDE": -106.481731, "STREET_ADDRESS": "1203 E Yandell Dr", "CITY": "El Paso", "REGION": "TX", "POSTAL_CODE": 79902, "OPEN_HOURS": { "Mon": [ [ "9:00", "18:00" ] ], "Tue": [ [ "9:00", "18:00" ] ], "Wed": [ [ "9:00", "18:00" ] ], "Thu": [ [ "9:00", "18:00" ] ], "Fri": [ [ "9:00", "18:00" ] ], "Sat": [ [ "10:00", "15:00" ] ], "Sun": [ ] }, "CATEGORY_TAGS": null, "OPENED_ON": null, "CLOSED_ON": null, "TRACKING_CLOSED_SINCE": null, "GEOMETRY_TYPE": "POLYGON", "POLYGON_CLASS": "SHARED_POLYGON", "ENCLOSED": "False", "PHONE_NUMBER": 19152092950.0, "IS_SYNTHETIC": "False", "INCLUDES_PARKING_LOT": "False", "WKT_AREA_SQ_METERS": 167.0, "DOMAINS": [ "jegep.com" ], "WEBSITE": null }, "geometry": { "type": "Polygon", "coordinates": [ [ [ -106.481699153999955, 31.769393115000071 ], [ -106.481814842999938, 31.769522019000078 ], [ -106.48173522899998, 31.769572326000059 ], [ -106.481620891999967, 31.769442568000045 ], [ -106.481699153999955, 31.769393115000071 ] ] ] } },
{ "type": "Feature", "properties": { "PLACEKEY": "228-223@8tf-p3j-jy9", "PARENT_PLACEKEY": null, "LOCATION_NAME": "Spector Irwin M", "BRANDS": null, "TOP_CATEGORY": "Legal Services", "SUB_CATEGORY": "Offices of Lawyers", "NAICS_CODE": 541110, "LATITUDE": 31.771176, "LONGITUDE": -106.478257, "STREET_ADDRESS": "1430 E Yandell Dr", "CITY": "El Paso", "REGION": "TX", "POSTAL_CODE": 79902, "OPEN_HOURS": null, "CATEGORY_TAGS": null, "OPENED_ON": null, "CLOSED_ON": null, "TRACKING_CLOSED_SINCE": null, "GEOMETRY_TYPE": "POLYGON", "POLYGON_CLASS": "SHARED_POLYGON", "ENCLOSED": "False", "PHONE_NUMBER": 19155440441.0, "IS_SYNTHETIC": "False", "INCLUDES_PARKING_LOT": "False", "WKT_AREA_SQ_METERS": 202.0, "DOMAINS": [ ], "WEBSITE": null }, "geometry": { "type": "Polygon", "coordinates": [ [ [ -106.478157949999968, 31.771199821000039 ], [ -106.478373287999943, 31.771062015000041 ], [ -106.478420752999966, 31.771115200000054 ], [ -106.478384863999963, 31.77113816800005 ], [ -106.478367911999953, 31.771119173000045 ], [ -106.478345480999963, 31.771133528000064 ], [ -106.478369212999951, 31.771160121000037 ], [ -106.478212194999969, 31.771260604000076 ], [ -106.478157949999968, 31.771199821000039 ] ] ] } },
{ "type": "Feature", "properties": { "PLACEKEY": "22n-224@8tf-p3j-ht9", "PARENT_PLACEKEY": null, "LOCATION_NAME": "Jerry Winkler Miller", "BRANDS": null, "TOP_CATEGORY": "Offices of Physicians", "SUB_CATEGORY": "Offices of Physicians (except Mental Health Specialists)", "NAICS_CODE": 621111, "LATITUDE": 31.770409, "LONGITUDE": -106.47941, "STREET_ADDRESS": "1330 E Yandell Dr", "CITY": "El Paso", "REGION": "TX", "POSTAL_CODE": 79902, "OPEN_HOURS": null, "CATEGORY_TAGS": null, "OPENED_ON": null, "CLOSED_ON": null, "TRACKING_CLOSED_SINCE": null, "GEOMETRY_TYPE": "POLYGON", "POLYGON_CLASS": "SHARED_POLYGON", "ENCLOSED": "False", "PHONE_NUMBER": 19152250410.0, "IS_SYNTHETIC": "False", "INCLUDES_PARKING_LOT": "False", "WKT_AREA_SQ_METERS": 766.0, "DOMAINS": [ ], "WEBSITE": null }, "geometry": { "type": "Polygon", "coordinates": [ [ [ -106.479387272999986, 31.770488282000031 ], [ -106.479193798999972, 31.770260054000062 ], [ -106.479321702, 31.770182301000034 ], [ -106.479393844999947, 31.770267402000059 ], [ -106.479526317999955, 31.770186872000068 ], [ -106.479647648999958, 31.770329997000033 ], [ -106.479387272999986, 31.770488282000031 ] ] ] } },
{ "type": "Feature", "properties": { "PLACEKEY": "22q-222@8tf-p3j-m6k", "PARENT_PLACEKEY": null, "LOCATION_NAME": "Apartments at 710 Noble St", "BRANDS": null, "TOP_CATEGORY": "Lessors of Real Estate", "SUB_CATEGORY": "Lessors of Residential Buildings and Dwellings", "NAICS_CODE": 531110, "LATITUDE": 31.768678, "LONGITUDE": -106.481236, "STREET_ADDRESS": "710 Noble St", "CITY": "El Paso", "REGION": "TX", "POSTAL_CODE": 79902, "OPEN_HOURS": null, "CATEGORY_TAGS": null, "OPENED_ON": null, "CLOSED_ON": null, "TRACKING_CLOSED_SINCE": null, "GEOMETRY_TYPE": "POLYGON", "POLYGON_CLASS": "SHARED_POLYGON", "ENCLOSED": "False", "PHONE_NUMBER": null, "IS_SYNTHETIC": "False", "INCLUDES_PARKING_LOT": "False", "WKT_AREA_SQ_METERS": 111.0, "DOMAINS": [ ], "WEBSITE": null }, "geometry": { "type": "Polygon", "coordinates": [ [ [ -106.481164958972016, 31.768774082759791 ], [ -106.481112106999944, 31.768714160000052 ], [ -106.481224135660483, 31.768642034544371 ], [ -106.481276987632555, 31.76870195730411 ], [ -106.481164958972016, 31.768774082759791 ] ] ] } },
{ "type": "Feature", "properties": { "PLACEKEY": "23d-222@8tf-p3j-k4v", "PARENT_PLACEKEY": null, "LOCATION_NAME": "EPT Fence", "BRANDS": null, "TOP_CATEGORY": "Other Specialty Trade Contractors", "SUB_CATEGORY": null, "NAICS_CODE": 2389, "LATITUDE": 31.772257, "LONGITUDE": -106.476493, "STREET_ADDRESS": "1606 E Yandell Dr", "CITY": "El Paso", "REGION": "TX", "POSTAL_CODE": 79902, "OPEN_HOURS": null, "CATEGORY_TAGS": "Fences and Gates", "OPENED_ON": null, "CLOSED_ON": null, "TRACKING_CLOSED_SINCE": null, "GEOMETRY_TYPE": "POLYGON", "POLYGON_CLASS": "SHARED_POLYGON", "ENCLOSED": "False", "PHONE_NUMBER": 19152735963.0, "IS_SYNTHETIC": "False", "INCLUDES_PARKING_LOT": "False", "WKT_AREA_SQ_METERS": 401.0, "DOMAINS": [ ], "WEBSITE": null }, "geometry": { "type": "Polygon", "coordinates": [ [ [ -106.476354344999947, 31.772242017000053 ], [ -106.476349065999955, 31.772229784000046 ], [ -106.476425155999948, 31.772180781000031 ], [ -106.476557914999944, 31.772328598000058 ], [ -106.476566865999985, 31.772322833000032 ], [ -106.476485169999989, 31.772231869000052 ], [ -106.476583639999944, 31.772168454000052 ], [ -106.476552433999984, 31.772128726000062 ], [ -106.476678399999969, 31.772281200000066 ], [ -106.476502616999937, 31.772400105000031 ], [ -106.476354344999947, 31.772242017000053 ] ] ] } },
{ "type": "Feature", "properties": { "PLACEKEY": "22n-222@8tf-p3j-5xq", "PARENT_PLACEKEY": null, "LOCATION_NAME": "Christ Chavez Photographer", "BRANDS": null, "TOP_CATEGORY": "Other Professional, Scientific, and Technical Services", "SUB_CATEGORY": "Photography Studios, Portrait", "NAICS_CODE": 541921, "LATITUDE": 31.769695, "LONGITUDE": -106.485673, "STREET_ADDRESS": "1002 Arizona Ave Ste 1", "CITY": "El Paso", "REGION": "TX", "POSTAL_CODE": 79902, "OPEN_HOURS": { "Mon": [ [ "8:00", "17:00" ] ], "Tue": [ [ "8:00", "17:00" ] ], "Wed": [ [ "8:00", "17:00" ] ], "Thu": [ [ "8:00", "17:00" ] ], "Fri": [ [ "8:00", "17:00" ] ], "Sat": [ [ "8:00", "17:00" ] ], "Sun": [ ] }, "CATEGORY_TAGS": "Estate Photography,Photographer,Session Photography", "OPENED_ON": null, "CLOSED_ON": null, "TRACKING_CLOSED_SINCE": null, "GEOMETRY_TYPE": "POLYGON", "POLYGON_CLASS": "SHARED_POLYGON", "ENCLOSED": "False", "PHONE_NUMBER": 19153511010.0, "IS_SYNTHETIC": "False", "INCLUDES_PARKING_LOT": "False", "WKT_AREA_SQ_METERS": 204.0, "DOMAINS": [ "christchavez.com" ], "WEBSITE": "http://christchavez.com/" }, "geometry": { "type": "Polygon", "coordinates": [ [ [ -106.485747454999967, 31.769828821000033 ], [ -106.485621187, 31.769683685000075 ], [ -106.485698975, 31.769635154000071 ], [ -106.4858243, 31.769777900000065 ], [ -106.485842759999969, 31.769793861000039 ], [ -106.485761269999955, 31.769844701000068 ], [ -106.485747454999967, 31.769828821000033 ] ] ] } },
{ "type": "Feature", "properties": { "PLACEKEY": "226-22h@8tf-p3j-jn5", "PARENT_PLACEKEY": "226-222@8tf-p3j-jn5", "LOCATION_NAME": "Anais Hernandez Lpc", "BRANDS": null, "TOP_CATEGORY": "Offices of Physicians", "SUB_CATEGORY": "Offices of Physicians, Mental Health Specialists", "NAICS_CODE": 621112, "LATITUDE": 31.772997, "LONGITUDE": -106.476838, "STREET_ADDRESS": "1600 Montana Ave", "CITY": "El Paso", "REGION": "TX", "POSTAL_CODE": 79902, "OPEN_HOURS": null, "CATEGORY_TAGS": null, "OPENED_ON": null, "CLOSED_ON": null, "TRACKING_CLOSED_SINCE": null, "GEOMETRY_TYPE": "POLYGON", "POLYGON_CLASS": "SHARED_POLYGON", "ENCLOSED": "False", "PHONE_NUMBER": 19158873410.0, "IS_SYNTHETIC": "False", "INCLUDES_PARKING_LOT": "False", "WKT_AREA_SQ_METERS": 1317.0, "DOMAINS": [ ], "WEBSITE": null }, "geometry": { "type": "Polygon", "coordinates": [ [ [ -106.476783027999943, 31.773188924000067 ], [ -106.476647432999982, 31.77303102500008 ], [ -106.47672474999996, 31.772983417000034 ], [ -106.476708213999984, 31.772964161000061 ], [ -106.47673550199994, 31.772947358000067 ], [ -106.47674872999994, 31.772962763000066 ], [ -106.477098927999975, 31.77274712600007 ], [ -106.47723121599995, 31.772901174000026 ], [ -106.477099323999937, 31.77298238700007 ], [ -106.477148930999988, 31.773040156000036 ], [ -106.47696246299995, 31.773154975000068 ], [ -106.476919468999938, 31.773104910000029 ], [ -106.476783027999943, 31.773188924000067 ] ] ] } },
{ "type": "Feature", "properties": { "PLACEKEY": "22f-222@8tf-p3j-5j9", "PARENT_PLACEKEY": null, "LOCATION_NAME": "Law Office Of Orlando Mondragon", "BRANDS": null, "TOP_CATEGORY": "Legal Services", "SUB_CATEGORY": "Offices of Lawyers", "NAICS_CODE": 541110, "LATITUDE": 31.769477, "LONGITUDE": -106.484281, "STREET_ADDRESS": "1028 E Rio Grande Ave", "CITY": "El Paso", "REGION": "TX", "POSTAL_CODE": 79902, "OPEN_HOURS": { "Mon": [ [ "8:00", "17:00" ] ], "Tue": [ [ "8:00", "17:00" ] ], "Wed": [ [ "8:00", "17:00" ] ], "Thu": [ [ "8:00", "17:00" ] ], "Fri": [ [ "8:00", "14:30" ] ], "Sat": [ ], "Sun": [ ] }, "CATEGORY_TAGS": "Criminal Defense,Immigration Law", "OPENED_ON": null, "CLOSED_ON": null, "TRACKING_CLOSED_SINCE": null, "GEOMETRY_TYPE": "POLYGON", "POLYGON_CLASS": "OWNED_POLYGON", "ENCLOSED": "False", "PHONE_NUMBER": 19155668181.0, "IS_SYNTHETIC": "False", "INCLUDES_PARKING_LOT": "False", "WKT_AREA_SQ_METERS": 147.0, "DOMAINS": [ "omondragonlaw.com" ], "WEBSITE": "http://www.omondragonlaw.com" }, "geometry": { "type": "Polygon", "coordinates": [ [ [ -106.484190769999941, 31.769449400000042 ], [ -106.484269800999982, 31.769395850000024 ], [ -106.484371680999971, 31.769503675000067 ], [ -106.484292649999986, 31.769557224000039 ], [ -106.484190769999941, 31.769449400000042 ] ] ] } },
{ "type": "Feature", "properties": { "PLACEKEY": "22k-222@8tf-p3j-5zz", "PARENT_PLACEKEY": null, "LOCATION_NAME": "Robert G Torres & Company", "BRANDS": null, "TOP_CATEGORY": "Accounting, Tax Preparation, Bookkeeping, and Payroll Services", "SUB_CATEGORY": "Offices of Certified Public Accountants", "NAICS_CODE": 541211, "LATITUDE": 31.767856, "LONGITUDE": -106.484089, "STREET_ADDRESS": "1005 E Yandell Dr", "CITY": "El Paso", "REGION": "TX", "POSTAL_CODE": 79902, "OPEN_HOURS": { "Mon": [ [ "9:00", "17:00" ] ], "Tue": [ [ "9:00", "17:00" ] ], "Wed": [ [ "9:00", "17:00" ] ], "Thu": [ [ "9:00", "17:00" ] ], "Fri": [ [ "9:00", "17:00" ] ], "Sat": [ ], "Sun": [ ] }, "CATEGORY_TAGS": "Accountants,Business Financing", "OPENED_ON": null, "CLOSED_ON": null, "TRACKING_CLOSED_SINCE": null, "GEOMETRY_TYPE": "POLYGON", "POLYGON_CLASS": "OWNED_POLYGON", "ENCLOSED": "False", "PHONE_NUMBER": 19155845059.0, "IS_SYNTHETIC": "False", "INCLUDES_PARKING_LOT": "False", "WKT_AREA_SQ_METERS": 241.0, "DOMAINS": [ "rgtorrescpa.com" ], "WEBSITE": "http://rgtorrescpa.com" }, "geometry": { "type": "Polygon", "coordinates": [ [ [ -106.483965566999984, 31.76789597100003 ], [ -106.484167429999957, 31.767766767000069 ], [ -106.484211505999951, 31.767816152000023 ], [ -106.48408141699997, 31.767899416000034 ], [ -106.484139054999957, 31.767963996000049 ], [ -106.484067280999966, 31.768009935000066 ], [ -106.483965566999984, 31.76789597100003 ] ] ] } },
{ "type": "Feature", "properties": { "PLACEKEY": "222-224@8tf-p3j-k2k", "PARENT_PLACEKEY": null, "LOCATION_NAME": "The Rodrigo V Ramos Law Firm", "BRANDS": null, "TOP_CATEGORY": "Legal Services", "SUB_CATEGORY": "Offices of Lawyers", "NAICS_CODE": 541110, "LATITUDE": 31.772932, "LONGITUDE": -106.478268, "STREET_ADDRESS": "1519 Montana Ave", "CITY": "El Paso", "REGION": "TX", "POSTAL_CODE": 79902, "OPEN_HOURS": { "Mon": [ [ "9:00", "17:00" ] ], "Tue": [ [ "9:00", "17:00" ] ], "Wed": [ [ "9:00", "17:00" ] ], "Thu": [ [ "9:00", "17:00" ] ], "Fri": [ [ "9:00", "15:30" ] ], "Sat": [ ], "Sun": [ ] }, "CATEGORY_TAGS": "Criminal Defense,Divorce,Personal Injury Law", "OPENED_ON": null, "CLOSED_ON": null, "TRACKING_CLOSED_SINCE": null, "GEOMETRY_TYPE": "POLYGON", "POLYGON_CLASS": null, "ENCLOSED": "False", "PHONE_NUMBER": 19155323300.0, "IS_SYNTHETIC": "False", "INCLUDES_PARKING_LOT": "False", "WKT_AREA_SQ_METERS": 246.0, "DOMAINS": [ "rodramoslaw.com" ], "WEBSITE": null }, "geometry": { "type": "Polygon", "coordinates": [ [ [ -106.478178312999944, 31.772882025000058 ], [ -106.47828994799994, 31.772809670000072 ], [ -106.478409573999954, 31.772942015000069 ], [ -106.478297937999969, 31.773014369000066 ], [ -106.478178312999944, 31.772882025000058 ] ] ] } },
{ "type": "Feature", "properties": { "PLACEKEY": "22p-222@8tf-p3j-j35", "PARENT_PLACEKEY": null, "LOCATION_NAME": "Apartments at 603 N Dallas St", "BRANDS": null, "TOP_CATEGORY": "Lessors of Real Estate", "SUB_CATEGORY": "Lessors of Residential Buildings and Dwellings", "NAICS_CODE": 531110, "LATITUDE": 31.771591, "LONGITUDE": -106.474738, "STREET_ADDRESS": "603 Dallas St", "CITY": "El Paso", "REGION": "TX", "POSTAL_CODE": 79902, "OPEN_HOURS": null, "CATEGORY_TAGS": null, "OPENED_ON": null, "CLOSED_ON": null, "TRACKING_CLOSED_SINCE": null, "GEOMETRY_TYPE": "POLYGON", "POLYGON_CLASS": "OWNED_POLYGON", "ENCLOSED": "False", "PHONE_NUMBER": null, "IS_SYNTHETIC": "False", "INCLUDES_PARKING_LOT": "False", "WKT_AREA_SQ_METERS": 196.0, "DOMAINS": [ ], "WEBSITE": null }, "geometry": { "type": "Polygon", "coordinates": [ [ [ -106.474833988455984, 31.771613399150247 ], [ -106.474747288724416, 31.771690465578288 ], [ -106.474642432999985, 31.771569139000064 ], [ -106.47476041799996, 31.771496021000075 ], [ -106.474796947999948, 31.771538290000024 ], [ -106.474778797999988, 31.771549539000034 ], [ -106.474833988455984, 31.771613399150247 ] ] ] } },
{ "type": "Feature", "properties": { "PLACEKEY": "22k-223@8tf-p3j-hnq", "PARENT_PLACEKEY": null, "LOCATION_NAME": "Legendary Boot Company", "BRANDS": null, "TOP_CATEGORY": "Shoe Stores", "SUB_CATEGORY": "Shoe Stores", "NAICS_CODE": 448210, "LATITUDE": 31.769605, "LONGITUDE": -106.481491, "STREET_ADDRESS": "1207 E Yandell Dr", "CITY": "El Paso", "REGION": "TX", "POSTAL_CODE": 79902, "OPEN_HOURS": null, "CATEGORY_TAGS": null, "OPENED_ON": null, "CLOSED_ON": null, "TRACKING_CLOSED_SINCE": null, "GEOMETRY_TYPE": "POLYGON", "POLYGON_CLASS": "SHARED_POLYGON", "ENCLOSED": "False", "PHONE_NUMBER": 19154125541.0, "IS_SYNTHETIC": "False", "INCLUDES_PARKING_LOT": "False", "WKT_AREA_SQ_METERS": 377.0, "DOMAINS": [ "legendarybootco.com" ], "WEBSITE": null }, "geometry": { "type": "Polygon", "coordinates": [ [ [ -106.481590956, 31.769761779000078 ], [ -106.481418641999937, 31.769555866000076 ], [ -106.481505810999977, 31.769503554000039 ], [ -106.481622855999944, 31.769643420000079 ], [ -106.481682497999941, 31.769607629000063 ], [ -106.481702005999978, 31.769630939000024 ], [ -106.48174329699998, 31.769606160000023 ], [ -106.481727040999942, 31.769586734000029 ], [ -106.481763743999977, 31.769564709000065 ], [ -106.481812511999976, 31.769622986000059 ], [ -106.481684050999945, 31.769700076000049 ], [ -106.481690553999954, 31.769707847000063 ], [ -106.481649262999952, 31.769732626000064 ], [ -106.481584237999982, 31.769654923000076 ], [ -106.481561298999964, 31.769668689000071 ], [ -106.481623072, 31.769742506000057 ], [ -106.481590956, 31.769761779000078 ] ] ] } },
{ "type": "Feature", "properties": { "PLACEKEY": "22h-222@8tf-p3j-kxq", "PARENT_PLACEKEY": null, "LOCATION_NAME": "Apartments at 1127 E Missouri Ave", "BRANDS": null, "TOP_CATEGORY": "Lessors of Real Estate", "SUB_CATEGORY": "Lessors of Residential Buildings and Dwellings", "NAICS_CODE": 531110, "LATITUDE": 31.767689, "LONGITUDE": -106.480993, "STREET_ADDRESS": "1127 E Missouri Ave", "CITY": "El Paso", "REGION": "TX", "POSTAL_CODE": 79902, "OPEN_HOURS": null, "CATEGORY_TAGS": null, "OPENED_ON": null, "CLOSED_ON": null, "TRACKING_CLOSED_SINCE": null, "GEOMETRY_TYPE": "POLYGON", "POLYGON_CLASS": "OWNED_POLYGON", "ENCLOSED": "False", "PHONE_NUMBER": null, "IS_SYNTHETIC": "False", "INCLUDES_PARKING_LOT": "False", "WKT_AREA_SQ_METERS": 410.0, "DOMAINS": [ ], "WEBSITE": null }, "geometry": { "type": "Polygon", "coordinates": [ [ [ -106.480935718116683, 31.767534459936634 ], [ -106.481152520322681, 31.767783117403354 ], [ -106.481048584723354, 31.767847253187515 ], [ -106.480835241575264, 31.767595160021738 ], [ -106.480935718116683, 31.767534459936634 ] ] ] } },
{ "type": "Feature", "properties": { "PLACEKEY": "226-222@8tf-p3j-5vf", "PARENT_PLACEKEY": null, "LOCATION_NAME": "Apartments at 1000 E Rio Grande Ave", "BRANDS": null, "TOP_CATEGORY": "Lessors of Real Estate", "SUB_CATEGORY": "Lessors of Residential Buildings and Dwellings", "NAICS_CODE": 531110, "LATITUDE": 31.769032, "LONGITUDE": -106.485207, "STREET_ADDRESS": "1000 E Rio Grande Ave", "CITY": "El Paso", "REGION": "TX", "POSTAL_CODE": 79902, "OPEN_HOURS": null, "CATEGORY_TAGS": null, "OPENED_ON": null, "CLOSED_ON": null, "TRACKING_CLOSED_SINCE": null, "GEOMETRY_TYPE": "POLYGON", "POLYGON_CLASS": "OWNED_POLYGON", "ENCLOSED": "False", "PHONE_NUMBER": null, "IS_SYNTHETIC": "False", "INCLUDES_PARKING_LOT": "False", "WKT_AREA_SQ_METERS": 379.0, "DOMAINS": [ ], "WEBSITE": null }, "geometry": { "type": "Polygon", "coordinates": [ [ [ -106.485385480408667, 31.768969231071271 ], [ -106.485181632523535, 31.769093510334944 ], [ -106.485081049685476, 31.768970371248752 ], [ -106.485280874257086, 31.768856353430223 ], [ -106.485385480408667, 31.768969231071271 ] ] ] } },
{ "type": "Feature", "properties": { "PLACEKEY": "226-225@8tf-p3j-hh5", "PARENT_PLACEKEY": null, "LOCATION_NAME": "Rosales Marc Atty", "BRANDS": null, "TOP_CATEGORY": "Legal Services", "SUB_CATEGORY": "Offices of Lawyers", "NAICS_CODE": 541110, "LATITUDE": 31.771309, "LONGITUDE": -106.479629, "STREET_ADDRESS": "1400 Montana Ave", "CITY": "El Paso", "REGION": "TX", "POSTAL_CODE": 79902, "OPEN_HOURS": null, "CATEGORY_TAGS": null, "OPENED_ON": null, "CLOSED_ON": null, "TRACKING_CLOSED_SINCE": null, "GEOMETRY_TYPE": "POLYGON", "POLYGON_CLASS": "SHARED_POLYGON", "ENCLOSED": "False", "PHONE_NUMBER": 19155420884.0, "IS_SYNTHETIC": "False", "INCLUDES_PARKING_LOT": "False", "WKT_AREA_SQ_METERS": 535.0, "DOMAINS": [ ], "WEBSITE": null }, "geometry": { "type": "Polygon", "coordinates": [ [ [ -106.479443590999949, 31.771346401000073 ], [ -106.479532837999955, 31.771278769000048 ], [ -106.479521587999955, 31.771268123000027 ], [ -106.479605393999975, 31.771204614000055 ], [ -106.479702892999967, 31.771296871000061 ], [ -106.479757367, 31.771255589000077 ], [ -106.479821115999982, 31.771315911000045 ], [ -106.479590649999977, 31.771490563000043 ], [ -106.479440650999948, 31.771348629000045 ], [ -106.479443590999949, 31.771346401000073 ] ], [ [ -106.479600550999976, 31.771278575000053 ], [ -106.479578049999986, 31.771257286000036 ], [ -106.479536146999976, 31.771289040000056 ], [ -106.479558647999966, 31.771310331000052 ], [ -106.479600550999976, 31.771278575000053 ] ] ] } },
{ "type": "Feature", "properties": { "PLACEKEY": "22r-225@8tf-p3j-5s5", "PARENT_PLACEKEY": null, "LOCATION_NAME": "Griffin Law Firm", "BRANDS": null, "TOP_CATEGORY": "Legal Services", "SUB_CATEGORY": "Offices of Lawyers", "NAICS_CODE": 541110, "LATITUDE": 31.770543, "LONGITUDE": -106.483615, "STREET_ADDRESS": "1123 E Rio Grande Ave", "CITY": "El Paso", "REGION": "TX", "POSTAL_CODE": 79902, "OPEN_HOURS": null, "CATEGORY_TAGS": null, "OPENED_ON": null, "CLOSED_ON": null, "TRACKING_CLOSED_SINCE": null, "GEOMETRY_TYPE": "POLYGON", "POLYGON_CLASS": "SHARED_POLYGON", "ENCLOSED": "False", "PHONE_NUMBER": 19155624357.0, "IS_SYNTHETIC": "False", "INCLUDES_PARKING_LOT": "False", "WKT_AREA_SQ_METERS": 213.0, "DOMAINS": [ "bankruptcy4elpaso.com" ], "WEBSITE": "http://www.bankruptcy4elpaso.com/" }, "geometry": { "type": "Polygon", "coordinates": [ [ [ -106.483616059999974, 31.770446198000059 ], [ -106.483618301999968, 31.770444808000036 ], [ -106.483727906999945, 31.770571606000033 ], [ -106.483691605999979, 31.770594107000079 ], [ -106.483708212999943, 31.770613319000063 ], [ -106.483649225999955, 31.770649883000033 ], [ -106.483523013999957, 31.770503871000074 ], [ -106.483616059999974, 31.770446198000059 ] ] ] } },
{ "type": "Feature", "properties": { "PLACEKEY": "243-222@8tf-p3j-5zz", "PARENT_PLACEKEY": null, "LOCATION_NAME": "Gorman Keith C Atty", "BRANDS": null, "TOP_CATEGORY": "Legal Services", "SUB_CATEGORY": "Offices of Lawyers", "NAICS_CODE": 541110, "LATITUDE": 31.768995, "LONGITUDE": -106.48321, "STREET_ADDRESS": "1100 Montana Ave Ste 101", "CITY": "El Paso", "REGION": "TX", "POSTAL_CODE": 79902, "OPEN_HOURS": null, "CATEGORY_TAGS": null, "OPENED_ON": null, "CLOSED_ON": null, "TRACKING_CLOSED_SINCE": null, "GEOMETRY_TYPE": "POLYGON", "POLYGON_CLASS": "SHARED_POLYGON", "ENCLOSED": "False", "PHONE_NUMBER": 19155444891.0, "IS_SYNTHETIC": "False", "INCLUDES_PARKING_LOT": "False", "WKT_AREA_SQ_METERS": 898.0, "DOMAINS": [ ], "WEBSITE": null }, "geometry": { "type": "Polygon", "coordinates": [ [ [ -106.482981904999974, 31.768995542000027 ], [ -106.483232533999967, 31.768834106000043 ], [ -106.483426574999953, 31.769050136000033 ], [ -106.48317594699995, 31.769211573000064 ], [ -106.482981904999974, 31.768995542000027 ] ] ] } },
{ "type": "Feature", "properties": { "PLACEKEY": "246-222@8tf-p3j-5zz", "PARENT_PLACEKEY": null, "LOCATION_NAME": "Big A Construction Co", "BRANDS": null, "TOP_CATEGORY": "Residential Building Construction", "SUB_CATEGORY": "Residential Remodelers", "NAICS_CODE": 236118, "LATITUDE": 31.769004, "LONGITUDE": -106.483198, "STREET_ADDRESS": "1100 Montana Ave Ste 201", "CITY": "El Paso", "REGION": "TX", "POSTAL_CODE": 79902, "OPEN_HOURS": null, "CATEGORY_TAGS": null, "OPENED_ON": null, "CLOSED_ON": null, "TRACKING_CLOSED_SINCE": null, "GEOMETRY_TYPE": "POLYGON", "POLYGON_CLASS": "SHARED_POLYGON", "ENCLOSED": "False", "PHONE_NUMBER": 19153834027.0, "IS_SYNTHETIC": "False", "INCLUDES_PARKING_LOT": "False", "WKT_AREA_SQ_METERS": 898.0, "DOMAINS": [ "tohiconstruction.com" ], "WEBSITE": null }, "geometry": { "type": "Polygon", "coordinates": [ [ [ -106.482981904999974, 31.768995542000027 ], [ -106.483232533999967, 31.768834106000043 ], [ -106.483426574999953, 31.769050136000033 ], [ -106.48317594699995, 31.769211573000064 ], [ -106.482981904999974, 31.768995542000027 ] ] ] } },
{ "type": "Feature", "properties": { "PLACEKEY": "22f-222@8tf-p3j-5pv", "PARENT_PLACEKEY": null, "LOCATION_NAME": "Bernstein Michael CPA", "BRANDS": null, "TOP_CATEGORY": "Accounting, Tax Preparation, Bookkeeping, and Payroll Services", "SUB_CATEGORY": "Offices of Certified Public Accountants", "NAICS_CODE": 541211, "LATITUDE": 31.769953, "LONGITUDE": -106.482696, "STREET_ADDRESS": "1131 Montana Ave", "CITY": "El Paso", "REGION": "TX", "POSTAL_CODE": 79902, "OPEN_HOURS": null, "CATEGORY_TAGS": "Accountants", "OPENED_ON": null, "CLOSED_ON": null, "TRACKING_CLOSED_SINCE": null, "GEOMETRY_TYPE": "POLYGON", "POLYGON_CLASS": null, "ENCLOSED": "False", "PHONE_NUMBER": 19155325700.0, "IS_SYNTHETIC": "False", "INCLUDES_PARKING_LOT": "False", "WKT_AREA_SQ_METERS": 214.0, "DOMAINS": [ ], "WEBSITE": null }, "geometry": { "type": "Polygon", "coordinates": [ [ [ -106.482596024999964, 31.769909404000032 ], [ -106.482686569999942, 31.769852918000026 ], [ -106.482813307999947, 31.769998601000054 ], [ -106.48272276199998, 31.770055088000049 ], [ -106.482596024999964, 31.769909404000032 ] ] ] } },
{ "type": "Feature", "properties": { "PLACEKEY": "228-222@8tf-p3j-k2k", "PARENT_PLACEKEY": null, "LOCATION_NAME": "Law Offices of Jose Salayandia", "BRANDS": null, "TOP_CATEGORY": "Legal Services", "SUB_CATEGORY": "Offices of Lawyers", "NAICS_CODE": 541110, "LATITUDE": 31.772414, "LONGITUDE": -106.479059, "STREET_ADDRESS": "1417 Montana Ave", "CITY": "El Paso", "REGION": "TX", "POSTAL_CODE": 79902, "OPEN_HOURS": { "Mon": [ [ "8:30", "17:00" ] ], "Tue": [ [ "8:30", "17:00" ] ], "Wed": [ [ "8:30", "17:00" ] ], "Thu": [ [ "8:30", "17:00" ] ], "Fri": [ [ "8:30", "17:00" ] ], "Sat": [ ], "Sun": [ ] }, "CATEGORY_TAGS": "Criminal Defense,Divorce,Personal Injury Law", "OPENED_ON": null, "CLOSED_ON": null, "TRACKING_CLOSED_SINCE": null, "GEOMETRY_TYPE": "POLYGON", "POLYGON_CLASS": null, "ENCLOSED": "False", "PHONE_NUMBER": 19152454149.0, "IS_SYNTHETIC": "False", "INCLUDES_PARKING_LOT": "False", "WKT_AREA_SQ_METERS": 330.0, "DOMAINS": [ "salayandialaw.com" ], "WEBSITE": null }, "geometry": { "type": "Polygon", "coordinates": [ [ [ -106.47906489899998, 31.772520588000077 ], [ -106.479016979999983, 31.77246180800006 ], [ -106.478984585999967, 31.772480744000063 ], [ -106.478904717999967, 31.772382777000075 ], [ -106.479052804999981, 31.772296211000025 ], [ -106.479180591999977, 31.772452958000031 ], [ -106.47906489899998, 31.772520588000077 ] ] ] } },
{ "type": "Feature", "properties": { "PLACEKEY": "227-222@8tf-p3j-kzz", "PARENT_PLACEKEY": null, "LOCATION_NAME": "Novatech Systems", "BRANDS": null, "TOP_CATEGORY": "Computer Systems Design and Related Services", "SUB_CATEGORY": null, "NAICS_CODE": 5415, "LATITUDE": 31.769232, "LONGITUDE": -106.483019, "STREET_ADDRESS": "1112 Montana Ave", "CITY": "El Paso", "REGION": "TX", "POSTAL_CODE": 79902, "OPEN_HOURS": { "Mon": [ [ "9:00", "17:00" ] ], "Tue": [ [ "9:00", "17:00" ] ], "Wed": [ [ "9:00", "17:00" ] ], "Thu": [ [ "9:00", "17:00" ] ], "Fri": [ [ "9:00", "17:00" ] ], "Sat": [ ], "Sun": [ ] }, "CATEGORY_TAGS": null, "OPENED_ON": null, "CLOSED_ON": null, "TRACKING_CLOSED_SINCE": null, "GEOMETRY_TYPE": "POLYGON", "POLYGON_CLASS": "SHARED_POLYGON", "ENCLOSED": "False", "PHONE_NUMBER": 19152084442.0, "IS_SYNTHETIC": "False", "INCLUDES_PARKING_LOT": "False", "WKT_AREA_SQ_METERS": 217.0, "DOMAINS": [ "novats.net" ], "WEBSITE": "http://www.novats.net" }, "geometry": { "type": "Polygon", "coordinates": [ [ [ -106.482897484999967, 31.769134436000058 ], [ -106.48300014299997, 31.769075979000036 ], [ -106.483109961999958, 31.769214283000053 ], [ -106.483007306, 31.76927273900003 ], [ -106.482897484999967, 31.769134436000058 ] ] ] } },
{ "type": "Feature", "properties": { "PLACEKEY": "zzy-223@8tf-p3h-gff", "PARENT_PLACEKEY": null, "LOCATION_NAME": "Sun Metro Arizona Noble", "BRANDS": null, "TOP_CATEGORY": "Urban Transit Systems", "SUB_CATEGORY": "Bus and Other Motor Vehicle Transit Systems", "NAICS_CODE": 485113, "LATITUDE": 31.771556, "LONGITUDE": -106.483461, "STREET_ADDRESS": "Sun Metro Arizona Noble", "CITY": "El Paso", "REGION": "TX", "POSTAL_CODE": 79902, "OPEN_HOURS": null, "CATEGORY_TAGS": "Bus Station,Buses", "OPENED_ON": null, "CLOSED_ON": null, "TRACKING_CLOSED_SINCE": null, "GEOMETRY_TYPE": "POINT", "POLYGON_CLASS": null, "ENCLOSED": null, "PHONE_NUMBER": null, "IS_SYNTHETIC": null, "INCLUDES_PARKING_LOT": null, "WKT_AREA_SQ_METERS": null, "DOMAINS": [ ], "WEBSITE": null }, "geometry": { "type": "Polygon", "coordinates": [ [ [ -106.483431, 31.771556 ], [ -106.483431144458208, 31.77155305948579 ], [ -106.483431576441589, 31.771550147290341 ], [ -106.483432291789939, 31.771547291459683 ], [ -106.483433283614033, 31.771544519497031 ], [ -106.483434542362076, 31.771541858097894 ], [ -106.483436055911639, 31.77153933289301 ], [ -106.483437809686407, 31.771536968201474 ], [ -106.483439786796566, 31.771534786796565 ], [ -106.483441968201475, 31.771532809686398 ], [ -106.483444332893015, 31.77153105591163 ], [ -106.483446858097906, 31.771529542362071 ], [ -106.483449519497029, 31.771528283614025 ], [ -106.483452291459685, 31.77152729178993 ], [ -106.483455147290343, 31.771526576441588 ], [ -106.483458059485798, 31.7715261444582 ], [ -106.483461, 31.771526 ], [ -106.483463940514213, 31.7715261444582 ], [ -106.483466852709668, 31.771526576441588 ], [ -106.483469708540326, 31.77152729178993 ], [ -106.483472480502982, 31.771528283614025 ], [ -106.483475141902105, 31.771529542362071 ], [ -106.483477667106996, 31.77153105591163 ], [ -106.483480031798535, 31.771532809686398 ], [ -106.483482213203445, 31.771534786796565 ], [ -106.483484190313604, 31.771536968201474 ], [ -106.483485944088372, 31.77153933289301 ], [ -106.483487457637935, 31.771541858097894 ], [ -106.483488716385978, 31.771544519497031 ], [ -106.483489708210072, 31.771547291459683 ], [ -106.483490423558422, 31.771550147290341 ], [ -106.483490855541802, 31.77155305948579 ], [ -106.483491, 31.771556 ], [ -106.483490855541802, 31.771558940514211 ], [ -106.483490423558422, 31.771561852709659 ], [ -106.483489708210072, 31.771564708540318 ], [ -106.483488716385978, 31.77156748050297 ], [ -106.483487457637935, 31.771570141902107 ], [ -106.483485944088372, 31.771572667106991 ], [ -106.483484190313604, 31.771575031798527 ], [ -106.483482213203445, 31.771577213203436 ], [ -106.483480031798535, 31.771579190313602 ], [ -106.483477667106996, 31.77158094408837 ], [ -106.483475141902105, 31.77158245763793 ], [ -106.483472480502982, 31.771583716385976 ], [ -106.483469708540326, 31.771584708210071 ], [ -106.483466852709668, 31.771585423558413 ], [ -106.483463940514213, 31.771585855541801 ], [ -106.483461, 31.771586 ], [ -106.483458059485798, 31.771585855541801 ], [ -106.483455147290343, 31.771585423558413 ], [ -106.483452291459685, 31.771584708210071 ], [ -106.483449519497029, 31.771583716385976 ], [ -106.483446858097906, 31.77158245763793 ], [ -106.483444332893015, 31.77158094408837 ], [ -106.483441968201475, 31.771579190313602 ], [ -106.483439786796566, 31.771577213203436 ], [ -106.483437809686407, 31.771575031798527 ], [ -106.483436055911639, 31.771572667106991 ], [ -106.483434542362076, 31.771570141902107 ], [ -106.483433283614033, 31.77156748050297 ], [ -106.483432291789939, 31.771564708540318 ], [ -106.483431576441589, 31.771561852709659 ], [ -106.483431144458208, 31.771558940514211 ], [ -106.483431, 31.771556 ] ] ] } },
{ "type": "Feature", "properties": { "PLACEKEY": "224-222@8tf-p3j-jd9", "PARENT_PLACEKEY": null, "LOCATION_NAME": "Karen Colon Law PLLC", "BRANDS": null, "TOP_CATEGORY": "Legal Services", "SUB_CATEGORY": "Offices of Lawyers", "NAICS_CODE": 541110, "LATITUDE": 31.770852, "LONGITUDE": -106.476016, "STREET_ADDRESS": "1531 E Missouri Ave", "CITY": "El Paso", "REGION": "TX", "POSTAL_CODE": 79902, "OPEN_HOURS": null, "CATEGORY_TAGS": null, "OPENED_ON": null, "CLOSED_ON": null, "TRACKING_CLOSED_SINCE": null, "GEOMETRY_TYPE": "POLYGON", "POLYGON_CLASS": "OWNED_POLYGON", "ENCLOSED": "False", "PHONE_NUMBER": 19154445003.0, "IS_SYNTHETIC": "False", "INCLUDES_PARKING_LOT": "False", "WKT_AREA_SQ_METERS": 157.0, "DOMAINS": [ "elpasoprobate.com" ], "WEBSITE": null }, "geometry": { "type": "Polygon", "coordinates": [ [ [ -106.476060372999939, 31.770918417000075 ], [ -106.476041036999959, 31.770895004000067 ], [ -106.476004172999978, 31.770916837000073 ], [ -106.47592038, 31.770815381000034 ], [ -106.476007931999959, 31.770763529000078 ], [ -106.476111061999973, 31.770888397000078 ], [ -106.476060372999939, 31.770918417000075 ] ] ] } },
{ "type": "Feature", "properties": { "PLACEKEY": "24j-222@8tf-p3j-5zz", "PARENT_PLACEKEY": null, "LOCATION_NAME": "RGZ Taxes & Financial Consultant", "BRANDS": null, "TOP_CATEGORY": "Accounting, Tax Preparation, Bookkeeping, and Payroll Services", "SUB_CATEGORY": "Offices of Certified Public Accountants", "NAICS_CODE": 541211, "LATITUDE": 31.768978, "LONGITUDE": -106.483168, "STREET_ADDRESS": "1100 Montana Ave Ste 203", "CITY": "El Paso", "REGION": "TX", "POSTAL_CODE": 79902, "OPEN_HOURS": { "Mon": [ [ "10:00", "18:00" ] ], "Tue": [ [ "10:00", "18:00" ] ], "Wed": [ [ "10:00", "18:00" ] ], "Thu": [ [ "10:00", "18:00" ] ], "Fri": [ [ "10:00", "18:00" ] ], "Sat": [ [ "9:00", "14:00" ] ], "Sun": [ ] }, "CATEGORY_TAGS": null, "OPENED_ON": null, "CLOSED_ON": null, "TRACKING_CLOSED_SINCE": null, "GEOMETRY_TYPE": "POLYGON", "POLYGON_CLASS": "SHARED_POLYGON", "ENCLOSED": "False", "PHONE_NUMBER": null, "IS_SYNTHETIC": "False", "INCLUDES_PARKING_LOT": "False", "WKT_AREA_SQ_METERS": 898.0, "DOMAINS": [ "rgztaxsolutions.com" ], "WEBSITE": "http://www.rgztaxsolutions.com/" }, "geometry": { "type": "Polygon", "coordinates": [ [ [ -106.482981904999974, 31.768995542000027 ], [ -106.483232533999967, 31.768834106000043 ], [ -106.483426574999953, 31.769050136000033 ], [ -106.48317594699995, 31.769211573000064 ], [ -106.482981904999974, 31.768995542000027 ] ] ] } },
{ "type": "Feature", "properties": { "PLACEKEY": "223-222@8tf-p3j-k4v", "PARENT_PLACEKEY": null, "LOCATION_NAME": "Condos at 1526 Yandell Dr", "BRANDS": null, "TOP_CATEGORY": "Lessors of Real Estate", "SUB_CATEGORY": "Lessors of Residential Buildings and Dwellings", "NAICS_CODE": 531110, "LATITUDE": 31.771904, "LONGITUDE": -106.477106, "STREET_ADDRESS": "1526 E Yandell Dr", "CITY": "El Paso", "REGION": "TX", "POSTAL_CODE": 79902, "OPEN_HOURS": null, "CATEGORY_TAGS": null, "OPENED_ON": null, "CLOSED_ON": null, "TRACKING_CLOSED_SINCE": null, "GEOMETRY_TYPE": "POLYGON", "POLYGON_CLASS": "OWNED_POLYGON", "ENCLOSED": "False", "PHONE_NUMBER": null, "IS_SYNTHETIC": "False", "INCLUDES_PARKING_LOT": "False", "WKT_AREA_SQ_METERS": 114.0, "DOMAINS": [ ], "WEBSITE": null }, "geometry": { "type": "Polygon", "coordinates": [ [ [ -106.47702610999994, 31.771875958000066 ], [ -106.47709957099994, 31.771831593000059 ], [ -106.477184464999937, 31.771932390000075 ], [ -106.477114659999984, 31.77197454700007 ], [ -106.47702610999994, 31.771875958000066 ] ] ] } },
{ "type": "Feature", "properties": { "PLACEKEY": "22c-22q@8tf-p3j-hkf", "PARENT_PLACEKEY": null, "LOCATION_NAME": "Discount Solar", "BRANDS": null, "TOP_CATEGORY": "Building Equipment Contractors", "SUB_CATEGORY": null, "NAICS_CODE": 2382, "LATITUDE": 31.771931, "LONGITUDE": -106.480012, "STREET_ADDRESS": "1401 Montana Ave", "CITY": "El Paso", "REGION": "TX", "POSTAL_CODE": 79902, "OPEN_HOURS": null, "CATEGORY_TAGS": null, "OPENED_ON": null, "CLOSED_ON": null, "TRACKING_CLOSED_SINCE": null, "GEOMETRY_TYPE": "POLYGON", "POLYGON_CLASS": "SHARED_POLYGON", "ENCLOSED": "False", "PHONE_NUMBER": 19153099565.0, "IS_SYNTHETIC": "False", "INCLUDES_PARKING_LOT": "False", "WKT_AREA_SQ_METERS": 1241.0, "DOMAINS": [ "erusenergy.com" ], "WEBSITE": "http://erusenergy.com/" }, "geometry": { "type": "Polygon", "coordinates": [ [ [ -106.479830697999944, 31.771844360000046 ], [ -106.48000972899996, 31.771729053000058 ], [ -106.480019941999956, 31.77174042300004 ], [ -106.480100505999985, 31.771688535000067 ], [ -106.480352416999949, 31.771969001000059 ], [ -106.480092820999971, 31.772136196000076 ], [ -106.479830697999944, 31.771844360000046 ] ] ] } },
{ "type": "Feature", "properties": { "PLACEKEY": "22c-222@8tf-p3h-gff", "PARENT_PLACEKEY": null, "LOCATION_NAME": "Law Offices Of Wolff & Associates", "BRANDS": null, "TOP_CATEGORY": "Legal Services", "SUB_CATEGORY": "Offices of Lawyers", "NAICS_CODE": 541110, "LATITUDE": 31.772128, "LONGITUDE": -106.482809, "STREET_ADDRESS": "1207 Arizona Ave", "CITY": "El Paso", "REGION": "TX", "POSTAL_CODE": 79902, "OPEN_HOURS": null, "CATEGORY_TAGS": null, "OPENED_ON": null, "CLOSED_ON": null, "TRACKING_CLOSED_SINCE": null, "GEOMETRY_TYPE": "POLYGON", "POLYGON_CLASS": "OWNED_POLYGON", "ENCLOSED": "False", "PHONE_NUMBER": 19155320616.0, "IS_SYNTHETIC": "False", "INCLUDES_PARKING_LOT": "False", "WKT_AREA_SQ_METERS": 186.0, "DOMAINS": [ ], "WEBSITE": null }, "geometry": { "type": "Polygon", "coordinates": [ [ [ -106.482707876999939, 31.772104709000075 ], [ -106.482804710999972, 31.772039513000038 ], [ -106.482909700999983, 31.772151329000053 ], [ -106.482812865999961, 31.772216526000079 ], [ -106.482707876999939, 31.772104709000075 ] ] ] } },
{ "type": "Feature", "properties": { "PLACEKEY": "223-227@8tf-p3j-gx5", "PARENT_PLACEKEY": null, "LOCATION_NAME": "Empire Tax Services INC", "BRANDS": null, "TOP_CATEGORY": "Other Professional, Scientific, and Technical Services", "SUB_CATEGORY": null, "NAICS_CODE": 5419, "LATITUDE": 31.770541, "LONGITUDE": -106.47648, "STREET_ADDRESS": "1515 E Missouri El Paso", "CITY": "El Paso", "REGION": "TX", "POSTAL_CODE": 79902, "OPEN_HOURS": null, "CATEGORY_TAGS": null, "OPENED_ON": null, "CLOSED_ON": null, "TRACKING_CLOSED_SINCE": null, "GEOMETRY_TYPE": "POLYGON", "POLYGON_CLASS": "SHARED_POLYGON", "ENCLOSED": "False", "PHONE_NUMBER": 19153000575.0, "IS_SYNTHETIC": "False", "INCLUDES_PARKING_LOT": "False", "WKT_AREA_SQ_METERS": 251.0, "DOMAINS": [ ], "WEBSITE": null }, "geometry": { "type": "Polygon", "coordinates": [ [ [ -106.476413233797018, 31.77058235792769 ], [ -106.476508868110926, 31.770498677902864 ], [ -106.476607314999967, 31.770611331000055 ], [ -106.476597439999978, 31.770617490000063 ], [ -106.476656762999937, 31.770685689000061 ], [ -106.476611559999981, 31.770714013000031 ], [ -106.47656883999997, 31.770664901000032 ], [ -106.476514508999969, 31.770698789000051 ], [ -106.476413233797018, 31.77058235792769 ] ], [ [ -106.476578623999956, 31.770587828000032 ], [ -106.476548609999952, 31.770553323000058 ], [ -106.476544081999975, 31.770556147000036 ], [ -106.476574095999979, 31.770590653000056 ], [ -106.476578623999956, 31.770587828000032 ] ] ] } },
{ "type": "Feature", "properties": { "PLACEKEY": "22p-222@8tf-p3j-gx5", "PARENT_PLACEKEY": null, "LOCATION_NAME": "Green Border Recycling Corp", "BRANDS": null, "TOP_CATEGORY": "Waste Management and Remediation Services", "SUB_CATEGORY": null, "NAICS_CODE": 562, "LATITUDE": 31.770385, "LONGITUDE": -106.477561, "STREET_ADDRESS": "623 Langtry St", "CITY": "El Paso", "REGION": "TX", "POSTAL_CODE": 79902, "OPEN_HOURS": null, "CATEGORY_TAGS": null, "OPENED_ON": null, "CLOSED_ON": null, "TRACKING_CLOSED_SINCE": null, "GEOMETRY_TYPE": "POLYGON", "POLYGON_CLASS": "OWNED_POLYGON", "ENCLOSED": "False", "PHONE_NUMBER": 19158504106.0, "IS_SYNTHETIC": "False", "INCLUDES_PARKING_LOT": "False", "WKT_AREA_SQ_METERS": 845.0, "DOMAINS": [ "green-border.com" ], "WEBSITE": "http://www.green-border.com/" }, "geometry": { "type": "Polygon", "coordinates": [ [ [ -106.477556291999974, 31.770179890000065 ], [ -106.477592428999969, 31.770157204000043 ], [ -106.477635962999955, 31.770206932000065 ], [ -106.47759982599996, 31.770229619000077 ], [ -106.477770616999976, 31.770424706000028 ], [ -106.477544755999986, 31.77056649900004 ], [ -106.477350522999984, 31.770344634000026 ], [ -106.477576383999974, 31.77020284200006 ], [ -106.477556291999974, 31.770179890000065 ] ] ] } },
{ "type": "Feature", "properties": { "PLACEKEY": "22j-224@8tf-p3j-5zz", "PARENT_PLACEKEY": null, "LOCATION_NAME": "Sergio Coronado Attorney", "BRANDS": null, "TOP_CATEGORY": "Legal Services", "SUB_CATEGORY": null, "NAICS_CODE": 5411, "LATITUDE": 31.768208, "LONGITUDE": -106.483597, "STREET_ADDRESS": "1019 E Yandell Dr", "CITY": "El Paso", "REGION": "TX", "POSTAL_CODE": 79902, "OPEN_HOURS": null, "CATEGORY_TAGS": null, "OPENED_ON": null, "CLOSED_ON": null, "TRACKING_CLOSED_SINCE": null, "GEOMETRY_TYPE": "POLYGON", "POLYGON_CLASS": "SHARED_POLYGON", "ENCLOSED": "False", "PHONE_NUMBER": 19155324500.0, "IS_SYNTHETIC": "False", "INCLUDES_PARKING_LOT": "False", "WKT_AREA_SQ_METERS": 355.0, "DOMAINS": [ "coronadolawfirm.com" ], "WEBSITE": null }, "geometry": { "type": "Polygon", "coordinates": [ [ [ -106.483577172999958, 31.768366424000078 ], [ -106.483499351999967, 31.768197063000059 ], [ -106.483556994999958, 31.768178069000044 ], [ -106.483565151, 31.768195819000027 ], [ -106.48361231399997, 31.768180279000035 ], [ -106.483636782999952, 31.768233531000078 ], [ -106.483662983999977, 31.768224897000039 ], [ -106.483701726999982, 31.768309212000077 ], [ -106.483623122999973, 31.768335114000024 ], [ -106.483647592999944, 31.768388366000067 ], [ -106.483631871999989, 31.768393546000027 ], [ -106.483668574999967, 31.768473425000025 ], [ -106.483548048999978, 31.768513140000039 ], [ -106.483515422999972, 31.768442138000069 ], [ -106.483599266999988, 31.768414510000071 ], [ -106.483577172999958, 31.768366424000078 ] ] ] } },
{ "type": "Feature", "properties": { "PLACEKEY": "22c-22n@8tf-p3j-hkf", "PARENT_PLACEKEY": null, "LOCATION_NAME": "Marcos Pinon Insurance Brokers", "BRANDS": null, "TOP_CATEGORY": "Agencies, Brokerages, and Other Insurance Related Activities", "SUB_CATEGORY": "Insurance Agencies and Brokerages", "NAICS_CODE": 524210, "LATITUDE": 31.771928, "LONGITUDE": -106.480016, "STREET_ADDRESS": "1401 Montana Ave", "CITY": "El Paso", "REGION": "TX", "POSTAL_CODE": 79902, "OPEN_HOURS": null, "CATEGORY_TAGS": null, "OPENED_ON": null, "CLOSED_ON": null, "TRACKING_CLOSED_SINCE": null, "GEOMETRY_TYPE": "POLYGON", "POLYGON_CLASS": "SHARED_POLYGON", "ENCLOSED": "False", "PHONE_NUMBER": 19158576890.0, "IS_SYNTHETIC": "False", "INCLUDES_PARKING_LOT": "False", "WKT_AREA_SQ_METERS": 1241.0, "DOMAINS": [ ], "WEBSITE": null }, "geometry": { "type": "Polygon", "coordinates": [ [ [ -106.479830697999944, 31.771844360000046 ], [ -106.48000972899996, 31.771729053000058 ], [ -106.480019941999956, 31.77174042300004 ], [ -106.480100505999985, 31.771688535000067 ], [ -106.480352416999949, 31.771969001000059 ], [ -106.480092820999971, 31.772136196000076 ], [ -106.479830697999944, 31.771844360000046 ] ] ] } },
{ "type": "Feature", "properties": { "PLACEKEY": "225-222@8tf-p3j-kzz", "PARENT_PLACEKEY": null, "LOCATION_NAME": "Insite Strategic Group", "BRANDS": null, "TOP_CATEGORY": "Specialized Design Services", "SUB_CATEGORY": "Graphic Design Services", "NAICS_CODE": 541430, "LATITUDE": 31.769332, "LONGITUDE": -106.482852, "STREET_ADDRESS": "1116 Montana Ave", "CITY": "El Paso", "REGION": "TX", "POSTAL_CODE": 79902, "OPEN_HOURS": { "Mon": [ [ "9:00", "17:00" ] ], "Tue": [ [ "9:00", "17:00" ] ], "Wed": [ [ "9:00", "17:00" ] ], "Thu": [ [ "9:00", "17:00" ] ], "Fri": [ [ "9:00", "17:00" ] ], "Sat": [ ], "Sun": [ ] }, "CATEGORY_TAGS": null, "OPENED_ON": null, "CLOSED_ON": null, "TRACKING_CLOSED_SINCE": null, "GEOMETRY_TYPE": "POLYGON", "POLYGON_CLASS": null, "ENCLOSED": "False", "PHONE_NUMBER": 19158813935.0, "IS_SYNTHETIC": "False", "INCLUDES_PARKING_LOT": "False", "WKT_AREA_SQ_METERS": 225.0, "DOMAINS": [ "insitestrategicgroup.com" ], "WEBSITE": null }, "geometry": { "type": "Polygon", "coordinates": [ [ [ -106.482705765999981, 31.769225443000039 ], [ -106.482797919999939, 31.769170856000073 ], [ -106.482926842999973, 31.769326934000048 ], [ -106.482834687999969, 31.769381521000071 ], [ -106.482705765999981, 31.769225443000039 ] ] ] } },
{ "type": "Feature", "properties": { "PLACEKEY": "226-23d@8tf-p3j-jn5", "PARENT_PLACEKEY": "226-222@8tf-p3j-jn5", "LOCATION_NAME": "Alicia Moreno Pmhnp", "BRANDS": null, "TOP_CATEGORY": "Offices of Other Health Practitioners", "SUB_CATEGORY": "Offices of All Other Miscellaneous Health Practitioners", "NAICS_CODE": 621399, "LATITUDE": 31.773007, "LONGITUDE": -106.476821, "STREET_ADDRESS": "1600 Montana Ave", "CITY": "El Paso", "REGION": "TX", "POSTAL_CODE": 79902, "OPEN_HOURS": null, "CATEGORY_TAGS": null, "OPENED_ON": null, "CLOSED_ON": null, "TRACKING_CLOSED_SINCE": null, "GEOMETRY_TYPE": "POLYGON", "POLYGON_CLASS": "SHARED_POLYGON", "ENCLOSED": "False", "PHONE_NUMBER": 19156136080.0, "IS_SYNTHETIC": "False", "INCLUDES_PARKING_LOT": "False", "WKT_AREA_SQ_METERS": 1317.0, "DOMAINS": [ ], "WEBSITE": null }, "geometry": { "type": "Polygon", "coordinates": [ [ [ -106.476783027999943, 31.773188924000067 ], [ -106.476647432999982, 31.77303102500008 ], [ -106.47672474999996, 31.772983417000034 ], [ -106.476708213999984, 31.772964161000061 ], [ -106.47673550199994, 31.772947358000067 ], [ -106.47674872999994, 31.772962763000066 ], [ -106.477098927999975, 31.77274712600007 ], [ -106.47723121599995, 31.772901174000026 ], [ -106.477099323999937, 31.77298238700007 ], [ -106.477148930999988, 31.773040156000036 ], [ -106.47696246299995, 31.773154975000068 ], [ -106.476919468999938, 31.773104910000029 ], [ -106.476783027999943, 31.773188924000067 ] ] ] } },
{ "type": "Feature", "properties": { "PLACEKEY": "224-228@8tf-p3j-kzz", "PARENT_PLACEKEY": null, "LOCATION_NAME": "Blush Boutique & Spa", "BRANDS": null, "TOP_CATEGORY": "Personal Care Services", "SUB_CATEGORY": "Other Personal Care Services", "NAICS_CODE": 812199, "LATITUDE": 31.769353, "LONGITUDE": -106.482679, "STREET_ADDRESS": "1122 Montana Ave", "CITY": "El Paso", "REGION": "TX", "POSTAL_CODE": 79902, "OPEN_HOURS": null, "CATEGORY_TAGS": null, "OPENED_ON": null, "CLOSED_ON": null, "TRACKING_CLOSED_SINCE": null, "GEOMETRY_TYPE": "POLYGON", "POLYGON_CLASS": "SHARED_POLYGON", "ENCLOSED": "False", "PHONE_NUMBER": 19152478747.0, "IS_SYNTHETIC": "False", "INCLUDES_PARKING_LOT": "False", "WKT_AREA_SQ_METERS": 229.0, "DOMAINS": [ "blushskin.com" ], "WEBSITE": null }, "geometry": { "type": "Polygon", "coordinates": [ [ [ -106.482553476999954, 31.769347663000076 ], [ -106.482657546999974, 31.769274905000032 ], [ -106.482779265999966, 31.769399755000052 ], [ -106.482675195999946, 31.769472513000039 ], [ -106.482553476999954, 31.769347663000076 ] ] ] } },
{ "type": "Feature", "properties": { "PLACEKEY": "223-223@8tf-p3j-gx5", "PARENT_PLACEKEY": null, "LOCATION_NAME": "Nationwide Is On Your Side", "BRANDS": null, "TOP_CATEGORY": "Agencies, Brokerages, and Other Insurance Related Activities", "SUB_CATEGORY": "Insurance Agencies and Brokerages", "NAICS_CODE": 524210, "LATITUDE": 31.770556, "LONGITUDE": -106.476446, "STREET_ADDRESS": "1515 E Missouri Ave", "CITY": "El Paso", "REGION": "TX", "POSTAL_CODE": 79902, "OPEN_HOURS": { "Mon": [ [ "8:30", "17:00" ] ], "Tue": [ [ "8:30", "17:00" ] ], "Wed": [ [ "8:30", "17:00" ] ], "Thu": [ [ "8:30", "17:00" ] ], "Fri": [ [ "8:30", "17:00" ] ], "Sat": [ ], "Sun": [ ] }, "CATEGORY_TAGS": null, "OPENED_ON": null, "CLOSED_ON": null, "TRACKING_CLOSED_SINCE": null, "GEOMETRY_TYPE": "POLYGON", "POLYGON_CLASS": "SHARED_POLYGON", "ENCLOSED": "False", "PHONE_NUMBER": 19158576890.0, "IS_SYNTHETIC": "False", "INCLUDES_PARKING_LOT": "False", "WKT_AREA_SQ_METERS": 251.0, "DOMAINS": [ "homeinsurancexpert.com" ], "WEBSITE": "http://www.homeinsurancexpert.com" }, "geometry": { "type": "Polygon", "coordinates": [ [ [ -106.476413233797018, 31.77058235792769 ], [ -106.476508868110926, 31.770498677902864 ], [ -106.476607314999967, 31.770611331000055 ], [ -106.476597439999978, 31.770617490000063 ], [ -106.476656762999937, 31.770685689000061 ], [ -106.476611559999981, 31.770714013000031 ], [ -106.47656883999997, 31.770664901000032 ], [ -106.476514508999969, 31.770698789000051 ], [ -106.476413233797018, 31.77058235792769 ] ], [ [ -106.476578623999956, 31.770587828000032 ], [ -106.476548609999952, 31.770553323000058 ], [ -106.476544081999975, 31.770556147000036 ], [ -106.476574095999979, 31.770590653000056 ], [ -106.476578623999956, 31.770587828000032 ] ] ] } },
{ "type": "Feature", "properties": { "PLACEKEY": "22c-222@8tf-p3j-hnq", "PARENT_PLACEKEY": null, "LOCATION_NAME": "The Enriquez Law Firm", "BRANDS": null, "TOP_CATEGORY": "Legal Services", "SUB_CATEGORY": "Offices of Lawyers", "NAICS_CODE": 541110, "LATITUDE": 31.770035, "LONGITUDE": -106.481795, "STREET_ADDRESS": "1212 Montana Ave", "CITY": "El Paso", "REGION": "TX", "POSTAL_CODE": 79902, "OPEN_HOURS": { "Mon": [ [ "8:00", "17:00" ] ], "Tue": [ [ "8:00", "17:00" ] ], "Wed": [ [ "8:00", "17:00" ] ], "Thu": [ [ "8:00", "17:00" ] ], "Fri": [ [ "8:00", "17:00" ] ], "Sat": [ ], "Sun": [ ] }, "CATEGORY_TAGS": "Personal Injury Law", "OPENED_ON": null, "CLOSED_ON": null, "TRACKING_CLOSED_SINCE": null, "GEOMETRY_TYPE": "POLYGON", "POLYGON_CLASS": "SHARED_POLYGON", "ENCLOSED": "False", "PHONE_NUMBER": 19153514331.0, "IS_SYNTHETIC": "False", "INCLUDES_PARKING_LOT": "False", "WKT_AREA_SQ_METERS": 275.0, "DOMAINS": [ "helpcarwreck.net" ], "WEBSITE": null }, "geometry": { "type": "Polygon", "coordinates": [ [ [ -106.481711123999958, 31.769898886000078 ], [ -106.481707719999974, 31.769895096000027 ], [ -106.481618207999986, 31.769952751000062 ], [ -106.481577357999981, 31.769907270000033 ], [ -106.481680296999969, 31.76984096700005 ], [ -106.481843697999977, 31.770022889000074 ], [ -106.481754185999989, 31.770080544000052 ], [ -106.481635038999968, 31.769947893000051 ], [ -106.481711123999958, 31.769898886000078 ] ] ] } },
{ "type": "Feature", "properties": { "PLACEKEY": "22n-222@8tf-p3j-5s5", "PARENT_PLACEKEY": null, "LOCATION_NAME": "Casa Mina", "BRANDS": null, "TOP_CATEGORY": "Traveler Accommodation", "SUB_CATEGORY": "Hotels (except Casino Hotels) and Motels", "NAICS_CODE": 721110, "LATITUDE": 31.771508, "LONGITUDE": -106.483844, "STREET_ADDRESS": "1137 Arizona Ave", "CITY": "El Paso", "REGION": "TX", "POSTAL_CODE": 79902, "OPEN_HOURS": null, "CATEGORY_TAGS": "Hotels", "OPENED_ON": null, "CLOSED_ON": null, "TRACKING_CLOSED_SINCE": null, "GEOMETRY_TYPE": "POLYGON", "POLYGON_CLASS": "OWNED_POLYGON", "ENCLOSED": "False", "PHONE_NUMBER": 19152564890.0, "IS_SYNTHETIC": "False", "INCLUDES_PARKING_LOT": "False", "WKT_AREA_SQ_METERS": 254.0, "DOMAINS": [ ], "WEBSITE": null }, "geometry": { "type": "Polygon", "coordinates": [ [ [ -106.483725105999952, 31.771461747000046 ], [ -106.483824026999969, 31.771398838000039 ], [ -106.483962476999977, 31.771554949000063 ], [ -106.48386355599996, 31.77161785900006 ], [ -106.483725105999952, 31.771461747000046 ] ] ] } },
{ "type": "Feature", "properties": { "PLACEKEY": "229-222@8tf-p3j-hbk", "PARENT_PLACEKEY": null, "LOCATION_NAME": "El Paso County Medical Society", "BRANDS": null, "TOP_CATEGORY": "Offices of Physicians", "SUB_CATEGORY": "Offices of Physicians (except Mental Health Specialists)", "NAICS_CODE": 621111, "LATITUDE": 31.77097, "LONGITUDE": -106.481191, "STREET_ADDRESS": "1301 Montana Ave", "CITY": "El Paso", "REGION": "TX", "POSTAL_CODE": 79902, "OPEN_HOURS": null, "CATEGORY_TAGS": null, "OPENED_ON": null, "CLOSED_ON": null, "TRACKING_CLOSED_SINCE": null, "GEOMETRY_TYPE": "POLYGON", "POLYGON_CLASS": "OWNED_POLYGON", "ENCLOSED": "False", "PHONE_NUMBER": 19155330940.0, "IS_SYNTHETIC": "False", "INCLUDES_PARKING_LOT": "False", "WKT_AREA_SQ_METERS": 453.0, "DOMAINS": [ "epcms.com" ], "WEBSITE": null }, "geometry": { "type": "Polygon", "coordinates": [ [ [ -106.481045617999939, 31.770924576000027 ], [ -106.481180822999988, 31.770839145000025 ], [ -106.481335515999945, 31.771014700000023 ], [ -106.481209323999963, 31.771094437000045 ], [ -106.481249678999973, 31.771140234000029 ], [ -106.481182075999982, 31.771182949000035 ], [ -106.481128269999942, 31.77112188600006 ], [ -106.481186859, 31.771084866000024 ], [ -106.481045617999939, 31.770924576000027 ] ] ] } },
{ "type": "Feature", "properties": { "PLACEKEY": "22b-223@8tf-p3j-jn5", "PARENT_PLACEKEY": "22b-228@8tf-p3j-jn5", "LOCATION_NAME": "Drug Disposal Site at CENTRAL OUTPATIENT", "BRANDS": null, "TOP_CATEGORY": "Waste Treatment and Disposal", "SUB_CATEGORY": "Hazardous Waste Treatment and Disposal", "NAICS_CODE": 562211, "LATITUDE": 31.772977, "LONGITUDE": -106.477995, "STREET_ADDRESS": "1551 Montana Ave Ste 204", "CITY": "El Paso", "REGION": "TX", "POSTAL_CODE": 79902, "OPEN_HOURS": null, "CATEGORY_TAGS": null, "OPENED_ON": null, "CLOSED_ON": null, "TRACKING_CLOSED_SINCE": null, "GEOMETRY_TYPE": "POINT", "POLYGON_CLASS": null, "ENCLOSED": null, "PHONE_NUMBER": 19157473510.0, "IS_SYNTHETIC": null, "INCLUDES_PARKING_LOT": null, "WKT_AREA_SQ_METERS": null, "DOMAINS": [ ], "WEBSITE": null }, "geometry": { "type": "Polygon", "coordinates": [ [ [ -106.477965, 31.772977 ], [ -106.47796514445821, 31.77297405948579 ], [ -106.477965576441591, 31.772971147290342 ], [ -106.47796629178994, 31.772968291459684 ], [ -106.477967283614035, 31.772965519497031 ], [ -106.477968542362078, 31.772962858097895 ], [ -106.477970055911641, 31.77296033289301 ], [ -106.477971809686409, 31.772957968201474 ], [ -106.477973786796568, 31.772955786796565 ], [ -106.477975968201477, 31.772953809686399 ], [ -106.477978332893016, 31.772952055911631 ], [ -106.477980858097908, 31.772950542362072 ], [ -106.47798351949703, 31.772949283614025 ], [ -106.477986291459686, 31.77294829178993 ], [ -106.477989147290344, 31.772947576441588 ], [ -106.4779920594858, 31.7729471444582 ], [ -106.477995, 31.772947 ], [ -106.477997940514214, 31.7729471444582 ], [ -106.47800085270967, 31.772947576441588 ], [ -106.478003708540328, 31.77294829178993 ], [ -106.478006480502984, 31.772949283614025 ], [ -106.478009141902106, 31.772950542362072 ], [ -106.478011667106998, 31.772952055911631 ], [ -106.478014031798537, 31.772953809686399 ], [ -106.478016213203446, 31.772955786796565 ], [ -106.478018190313605, 31.772957968201474 ], [ -106.478019944088373, 31.77296033289301 ], [ -106.478021457637936, 31.772962858097895 ], [ -106.478022716385979, 31.772965519497031 ], [ -106.478023708210074, 31.772968291459684 ], [ -106.478024423558423, 31.772971147290342 ], [ -106.478024855541804, 31.77297405948579 ], [ -106.478025, 31.772977 ], [ -106.478024855541804, 31.772979940514212 ], [ -106.478024423558423, 31.77298285270966 ], [ -106.478023708210074, 31.772985708540318 ], [ -106.478022716385979, 31.772988480502971 ], [ -106.478021457637936, 31.772991141902107 ], [ -106.478019944088373, 31.772993667106991 ], [ -106.478018190313605, 31.772996031798527 ], [ -106.478016213203446, 31.772998213203437 ], [ -106.478014031798537, 31.773000190313603 ], [ -106.478011667106998, 31.773001944088371 ], [ -106.478009141902106, 31.77300345763793 ], [ -106.478006480502984, 31.773004716385977 ], [ -106.478003708540328, 31.773005708210071 ], [ -106.47800085270967, 31.773006423558414 ], [ -106.477997940514214, 31.773006855541801 ], [ -106.477995, 31.773007 ], [ -106.4779920594858, 31.773006855541801 ], [ -106.477989147290344, 31.773006423558414 ], [ -106.477986291459686, 31.773005708210071 ], [ -106.47798351949703, 31.773004716385977 ], [ -106.477980858097908, 31.77300345763793 ], [ -106.477978332893016, 31.773001944088371 ], [ -106.477975968201477, 31.773000190313603 ], [ -106.477973786796568, 31.772998213203437 ], [ -106.477971809686409, 31.772996031798527 ], [ -106.477970055911641, 31.772993667106991 ], [ -106.477968542362078, 31.772991141902107 ], [ -106.477967283614035, 31.772988480502971 ], [ -106.47796629178994, 31.772985708540318 ], [ -106.477965576441591, 31.77298285270966 ], [ -106.47796514445821, 31.772979940514212 ], [ -106.477965, 31.772977 ] ] ] } },
{ "type": "Feature", "properties": { "PLACEKEY": "22b-22b@8tf-p3j-jn5", "PARENT_PLACEKEY": "22b-228@8tf-p3j-jn5", "LOCATION_NAME": "Tiffany Hernandez Pmhnp-bc", "BRANDS": null, "TOP_CATEGORY": "Offices of Other Health Practitioners", "SUB_CATEGORY": "Offices of All Other Miscellaneous Health Practitioners", "NAICS_CODE": 621399, "LATITUDE": 31.772968, "LONGITUDE": -106.478, "STREET_ADDRESS": "1551 Montana Ave", "CITY": "El Paso", "REGION": "TX", "POSTAL_CODE": 79902, "OPEN_HOURS": null, "CATEGORY_TAGS": null, "OPENED_ON": null, "CLOSED_ON": null, "TRACKING_CLOSED_SINCE": null, "GEOMETRY_TYPE": "POLYGON", "POLYGON_CLASS": "SHARED_POLYGON", "ENCLOSED": "True", "PHONE_NUMBER": 19157473510.0, "IS_SYNTHETIC": "False", "INCLUDES_PARKING_LOT": "False", "WKT_AREA_SQ_METERS": 653.0, "DOMAINS": [ ], "WEBSITE": null }, "geometry": { "type": "Polygon", "coordinates": [ [ [ -106.477805304999947, 31.772985382000059 ], [ -106.478046439999957, 31.772829096000066 ], [ -106.478193407999981, 31.772991691000072 ], [ -106.477952273999961, 31.773147977000065 ], [ -106.477805304999947, 31.772985382000059 ] ] ] } },
{ "type": "Feature", "properties": { "PLACEKEY": "224-223@8tf-p3j-hnq", "PARENT_PLACEKEY": null, "LOCATION_NAME": "Santiesteban Tati Atty", "BRANDS": null, "TOP_CATEGORY": "Legal Services", "SUB_CATEGORY": "Offices of Lawyers", "NAICS_CODE": 541110, "LATITUDE": 31.77006, "LONGITUDE": -106.48159, "STREET_ADDRESS": "1214 Montana Ave", "CITY": "El Paso", "REGION": "TX", "POSTAL_CODE": 79902, "OPEN_HOURS": null, "CATEGORY_TAGS": null, "OPENED_ON": null, "CLOSED_ON": null, "TRACKING_CLOSED_SINCE": null, "GEOMETRY_TYPE": "POLYGON", "POLYGON_CLASS": "OWNED_POLYGON", "ENCLOSED": "False", "PHONE_NUMBER": 19155320095.0, "IS_SYNTHETIC": "False", "INCLUDES_PARKING_LOT": "False", "WKT_AREA_SQ_METERS": 276.0, "DOMAINS": [ ], "WEBSITE": null }, "geometry": { "type": "Polygon", "coordinates": [ [ [ -106.481461159, 31.769996959000025 ], [ -106.481550041, 31.769938609000064 ], [ -106.481718857999965, 31.770123014000035 ], [ -106.481629975999965, 31.770181364000052 ], [ -106.481461159, 31.769996959000025 ] ] ] } },
{ "type": "Feature", "properties": { "PLACEKEY": "229-229@8tf-p3j-hnq", "PARENT_PLACEKEY": null, "LOCATION_NAME": "Ray Velarde Attorney A", "BRANDS": null, "TOP_CATEGORY": "Legal Services", "SUB_CATEGORY": null, "NAICS_CODE": 5411, "LATITUDE": 31.770108, "LONGITUDE": -106.481443, "STREET_ADDRESS": "1216 Montana Ave", "CITY": "El Paso", "REGION": "TX", "POSTAL_CODE": 79902, "OPEN_HOURS": null, "CATEGORY_TAGS": null, "OPENED_ON": null, "CLOSED_ON": null, "TRACKING_CLOSED_SINCE": null, "GEOMETRY_TYPE": "POLYGON", "POLYGON_CLASS": "SHARED_POLYGON", "ENCLOSED": "False", "PHONE_NUMBER": 19155326003.0, "IS_SYNTHETIC": "False", "INCLUDES_PARKING_LOT": "False", "WKT_AREA_SQ_METERS": 106.0, "DOMAINS": [ "yellowpages.com" ], "WEBSITE": null }, "geometry": { "type": "Polygon", "coordinates": [ [ [ -106.481517514882668, 31.770103485117335 ], [ -106.48144378901425, 31.77017721098575 ], [ -106.481369442999949, 31.770102365000071 ], [ -106.481455506999964, 31.77004106000004 ], [ -106.481517514882668, 31.770103485117335 ] ] ] } },
{ "type": "Feature", "properties": { "PLACEKEY": "22v-222@8tf-p3j-mc5", "PARENT_PLACEKEY": null, "LOCATION_NAME": "Guest Craig Real Estate & Investment", "BRANDS": null, "TOP_CATEGORY": "Other Financial Investment Activities", "SUB_CATEGORY": "Investment Advice", "NAICS_CODE": 523930, "LATITUDE": 31.76676, "LONGITUDE": -106.483079, "STREET_ADDRESS": "1010 Wyoming Ave", "CITY": "El Paso", "REGION": "TX", "POSTAL_CODE": 79902, "OPEN_HOURS": null, "CATEGORY_TAGS": null, "OPENED_ON": null, "CLOSED_ON": null, "TRACKING_CLOSED_SINCE": null, "GEOMETRY_TYPE": "POLYGON", "POLYGON_CLASS": "OWNED_POLYGON", "ENCLOSED": "False", "PHONE_NUMBER": 19155335444.0, "IS_SYNTHETIC": "False", "INCLUDES_PARKING_LOT": "False", "WKT_AREA_SQ_METERS": 555.0, "DOMAINS": [ ], "WEBSITE": null }, "geometry": { "type": "Polygon", "coordinates": [ [ [ -106.483071175999953, 31.767002260000027 ], [ -106.482933952999986, 31.766810989000078 ], [ -106.483106950999968, 31.766721979000067 ], [ -106.483118672999979, 31.766721650000079 ], [ -106.483057398999961, 31.766653430000076 ], [ -106.483191659999989, 31.766566944000033 ], [ -106.483256338, 31.766638956000065 ], [ -106.483126551999987, 31.766722557000037 ], [ -106.483146977, 31.766745297000057 ], [ -106.483102222999946, 31.76677412500004 ], [ -106.483087058999956, 31.766776788000072 ], [ -106.483113531999948, 31.766813313000057 ], [ -106.48321231999995, 31.766929639000068 ], [ -106.483071175999953, 31.767002260000027 ] ] ] } },
{ "type": "Feature", "properties": { "PLACEKEY": "223-223@8tf-p3j-k2k", "PARENT_PLACEKEY": null, "LOCATION_NAME": "Goosehead Insurance", "BRANDS": "Goosehead Insurance", "TOP_CATEGORY": "Agencies, Brokerages, and Other Insurance Related Activities", "SUB_CATEGORY": "Insurance Agencies and Brokerages", "NAICS_CODE": 524210, "LATITUDE": 31.772188, "LONGITUDE": -106.4784, "STREET_ADDRESS": "1504 Montana Ave", "CITY": "El Paso", "REGION": "TX", "POSTAL_CODE": 79902, "OPEN_HOURS": { "Mon": [ [ "8:30", "17:30" ] ], "Tue": [ [ "8:30", "17:30" ] ], "Wed": [ [ "8:30", "17:30" ] ], "Thu": [ [ "8:30", "17:30" ] ], "Fri": [ [ "8:30", "17:30" ] ], "Sat": [ ], "Sun": [ ] }, "CATEGORY_TAGS": "Auto Insurance,Financial Advice", "OPENED_ON": null, "CLOSED_ON": null, "TRACKING_CLOSED_SINCE": null, "GEOMETRY_TYPE": "POLYGON", "POLYGON_CLASS": "OWNED_POLYGON", "ENCLOSED": "False", "PHONE_NUMBER": 19159755962.0, "IS_SYNTHETIC": "False", "INCLUDES_PARKING_LOT": "False", "WKT_AREA_SQ_METERS": 261.0, "DOMAINS": [ "goosehead.com" ], "WEBSITE": "https://www.goosehead.com/agents/tx/el-paso/chris-joudi/" }, "geometry": { "type": "Polygon", "coordinates": [ [ [ -106.478297304999955, 31.772066954000024 ], [ -106.478336823999939, 31.772040181000079 ], [ -106.478501931999972, 31.772214939000037 ], [ -106.478409721999981, 31.772277408000036 ], [ -106.478262177999966, 31.772121242000026 ], [ -106.478314869999963, 31.772085545000039 ], [ -106.478297304999955, 31.772066954000024 ] ] ] } },
{ "type": "Feature", "properties": { "PLACEKEY": "22m-222@8tf-p3j-mc5", "PARENT_PLACEKEY": null, "LOCATION_NAME": "The Fabled Fern Bar", "BRANDS": null, "TOP_CATEGORY": "Drinking Places (Alcoholic Beverages)", "SUB_CATEGORY": "Drinking Places (Alcoholic Beverages)", "NAICS_CODE": 722410, "LATITUDE": 31.767662, "LONGITUDE": -106.482657, "STREET_ADDRESS": "1033 Wyoming Ave", "CITY": "El Paso", "REGION": "TX", "POSTAL_CODE": 79902, "OPEN_HOURS": null, "CATEGORY_TAGS": "Bar or Pub", "OPENED_ON": null, "CLOSED_ON": null, "TRACKING_CLOSED_SINCE": null, "GEOMETRY_TYPE": "POLYGON", "POLYGON_CLASS": "OWNED_POLYGON", "ENCLOSED": "False", "PHONE_NUMBER": 19153075787.0, "IS_SYNTHETIC": "False", "INCLUDES_PARKING_LOT": "False", "WKT_AREA_SQ_METERS": 174.0, "DOMAINS": [ "fabledfern.com" ], "WEBSITE": "http://Fabledfern.com/" }, "geometry": { "type": "Polygon", "coordinates": [ [ [ -106.482759740999938, 31.767672222000044 ], [ -106.482706400999973, 31.767706500000031 ], [ -106.48268718199995, 31.767692980000049 ], [ -106.482623516999979, 31.76773219100005 ], [ -106.482554063999942, 31.767651319000038 ], [ -106.482676847999983, 31.76757569800003 ], [ -106.482759740999938, 31.767672222000044 ] ] ] } },
{ "type": "Feature", "properties": { "PLACEKEY": "222-226@8tf-p3j-5pv", "PARENT_PLACEKEY": "222-224@8tf-p3j-5pv", "LOCATION_NAME": "MS. Graciela Pinon L.p.c.", "BRANDS": null, "TOP_CATEGORY": "Offices of Physicians", "SUB_CATEGORY": "Offices of Physicians, Mental Health Specialists", "NAICS_CODE": 621112, "LATITUDE": 31.770359, "LONGITUDE": -106.482374, "STREET_ADDRESS": "905 Noble St", "CITY": "El Paso", "REGION": "TX", "POSTAL_CODE": 79902, "OPEN_HOURS": null, "CATEGORY_TAGS": null, "OPENED_ON": null, "CLOSED_ON": null, "TRACKING_CLOSED_SINCE": null, "GEOMETRY_TYPE": "POLYGON", "POLYGON_CLASS": "SHARED_POLYGON", "ENCLOSED": "False", "PHONE_NUMBER": 19155434933.0, "IS_SYNTHETIC": "False", "INCLUDES_PARKING_LOT": "False", "WKT_AREA_SQ_METERS": 122.0, "DOMAINS": [ ], "WEBSITE": null }, "geometry": { "type": "Polygon", "coordinates": [ [ [ -106.482453760999988, 31.770351988000073 ], [ -106.482336839999959, 31.770426379000071 ], [ -106.482279924999943, 31.770365379000054 ], [ -106.482394641999974, 31.770288625000035 ], [ -106.482453760999988, 31.770351988000073 ] ] ] } },
{ "type": "Feature", "properties": { "PLACEKEY": "22c-22g@8tf-p3j-hkf", "PARENT_PLACEKEY": null, "LOCATION_NAME": "International Brotherhood of Electrical Workers", "BRANDS": null, "TOP_CATEGORY": "Civic and Social Organizations", "SUB_CATEGORY": "Civic and Social Organizations", "NAICS_CODE": 813410, "LATITUDE": 31.77191, "LONGITUDE": -106.480024, "STREET_ADDRESS": "1401 Montana Ave", "CITY": "El Paso", "REGION": "TX", "POSTAL_CODE": 79902, "OPEN_HOURS": null, "CATEGORY_TAGS": null, "OPENED_ON": null, "CLOSED_ON": null, "TRACKING_CLOSED_SINCE": null, "GEOMETRY_TYPE": "POLYGON", "POLYGON_CLASS": "SHARED_POLYGON", "ENCLOSED": "False", "PHONE_NUMBER": 19152467504.0, "IS_SYNTHETIC": "False", "INCLUDES_PARKING_LOT": "False", "WKT_AREA_SQ_METERS": 1241.0, "DOMAINS": [ ], "WEBSITE": null }, "geometry": { "type": "Polygon", "coordinates": [ [ [ -106.479830697999944, 31.771844360000046 ], [ -106.48000972899996, 31.771729053000058 ], [ -106.480019941999956, 31.77174042300004 ], [ -106.480100505999985, 31.771688535000067 ], [ -106.480352416999949, 31.771969001000059 ], [ -106.480092820999971, 31.772136196000076 ], [ -106.479830697999944, 31.771844360000046 ] ] ] } },
{ "type": "Feature", "properties": { "PLACEKEY": "22b-223@8tf-p3j-5vf", "PARENT_PLACEKEY": null, "LOCATION_NAME": "Spencer Brothers", "BRANDS": null, "TOP_CATEGORY": "Department Stores", "SUB_CATEGORY": "Department Stores", "NAICS_CODE": 452210, "LATITUDE": 31.768902, "LONGITUDE": -106.48456, "STREET_ADDRESS": "1009 Montana Ave", "CITY": "El Paso", "REGION": "TX", "POSTAL_CODE": 79902, "OPEN_HOURS": null, "CATEGORY_TAGS": null, "OPENED_ON": null, "CLOSED_ON": null, "TRACKING_CLOSED_SINCE": null, "GEOMETRY_TYPE": "POLYGON", "POLYGON_CLASS": "OWNED_POLYGON", "ENCLOSED": "False", "PHONE_NUMBER": 14322293324.0, "IS_SYNTHETIC": "False", "INCLUDES_PARKING_LOT": "False", "WKT_AREA_SQ_METERS": 178.0, "DOMAINS": [ ], "WEBSITE": null }, "geometry": { "type": "Polygon", "coordinates": [ [ [ -106.48446189130479, 31.768874550065487 ], [ -106.484549112303711, 31.768797901308876 ], [ -106.484636698999964, 31.768900544000076 ], [ -106.484595679999984, 31.768925645000024 ], [ -106.484575918999951, 31.768902488000037 ], [ -106.484562245999939, 31.768910855000058 ], [ -106.48461075199998, 31.76896769800004 ], [ -106.484552398999938, 31.769005005000054 ], [ -106.484509583999966, 31.76895483100003 ], [ -106.48453693, 31.768938097000046 ], [ -106.484517168999957, 31.768914940000059 ], [ -106.484503495999945, 31.76892330700008 ], [ -106.48446189130479, 31.768874550065487 ] ] ] } },
{ "type": "Feature", "properties": { "PLACEKEY": "23b-223@8tf-p3j-hkf", "PARENT_PLACEKEY": "22c-229@8tf-p3j-hkf", "LOCATION_NAME": "Mrs. Lois Nance Lpc, Lmft", "BRANDS": null, "TOP_CATEGORY": "Offices of Physicians", "SUB_CATEGORY": "Offices of Physicians, Mental Health Specialists", "NAICS_CODE": 621112, "LATITUDE": 31.771954, "LONGITUDE": -106.480075, "STREET_ADDRESS": "1401 Montana Ave Ste L", "CITY": "El Paso", "REGION": "TX", "POSTAL_CODE": 79902, "OPEN_HOURS": null, "CATEGORY_TAGS": null, "OPENED_ON": null, "CLOSED_ON": null, "TRACKING_CLOSED_SINCE": null, "GEOMETRY_TYPE": "POLYGON", "POLYGON_CLASS": "SHARED_POLYGON", "ENCLOSED": "False", "PHONE_NUMBER": 19155871097.0, "IS_SYNTHETIC": "False", "INCLUDES_PARKING_LOT": "False", "WKT_AREA_SQ_METERS": 1241.0, "DOMAINS": [ ], "WEBSITE": null }, "geometry": { "type": "Polygon", "coordinates": [ [ [ -106.479830697999944, 31.771844360000046 ], [ -106.48000972899996, 31.771729053000058 ], [ -106.480019941999956, 31.77174042300004 ], [ -106.480100505999985, 31.771688535000067 ], [ -106.480352416999949, 31.771969001000059 ], [ -106.480092820999971, 31.772136196000076 ], [ -106.479830697999944, 31.771844360000046 ] ] ] } },
{ "type": "Feature", "properties": { "PLACEKEY": "22d-222@8tf-p3j-5vf", "PARENT_PLACEKEY": null, "LOCATION_NAME": "Pate & Appleby", "BRANDS": null, "TOP_CATEGORY": "Accounting, Tax Preparation, Bookkeeping, and Payroll Services", "SUB_CATEGORY": "Payroll Services", "NAICS_CODE": 541214, "LATITUDE": 31.768813, "LONGITUDE": -106.484506, "STREET_ADDRESS": "1011 Montana Ave", "CITY": "El Paso", "REGION": "TX", "POSTAL_CODE": 79902, "OPEN_HOURS": { "Mon": [ [ "9:00", "17:00" ] ], "Tue": [ [ "9:00", "17:00" ] ], "Wed": [ [ "9:00", "17:00" ] ], "Thu": [ [ "9:00", "17:00" ] ], "Fri": [ [ "9:00", "17:00" ] ], "Sat": [ ], "Sun": [ ] }, "CATEGORY_TAGS": "Bookkeepers,Payroll", "OPENED_ON": null, "CLOSED_ON": null, "TRACKING_CLOSED_SINCE": null, "GEOMETRY_TYPE": "POLYGON", "POLYGON_CLASS": "SHARED_POLYGON", "ENCLOSED": "False", "PHONE_NUMBER": 19155328000.0, "IS_SYNTHETIC": "False", "INCLUDES_PARKING_LOT": "False", "WKT_AREA_SQ_METERS": 304.0, "DOMAINS": [ "pateappleby.com" ], "WEBSITE": null }, "geometry": { "type": "Polygon", "coordinates": [ [ [ -106.48461075199998, 31.76896769800004 ], [ -106.484552398999938, 31.769005005000054 ], [ -106.484509583999966, 31.76895483100003 ], [ -106.48453693, 31.768938097000046 ], [ -106.484517168999957, 31.768914940000059 ], [ -106.484503495999945, 31.76892330700008 ], [ -106.484388225999965, 31.768788221000079 ], [ -106.484488494999937, 31.76872686400003 ], [ -106.484636698999964, 31.768900544000076 ], [ -106.484595679999984, 31.768925645000024 ], [ -106.484575918999951, 31.768902488000037 ], [ -106.484562245999939, 31.768910855000058 ], [ -106.48461075199998, 31.76896769800004 ] ] ] } },
{ "type": "Feature", "properties": { "PLACEKEY": "22j-223@8tf-p3j-hnq", "PARENT_PLACEKEY": null, "LOCATION_NAME": "Law Offices of Felipe Millan", "BRANDS": null, "TOP_CATEGORY": "Legal Services", "SUB_CATEGORY": "Offices of Lawyers", "NAICS_CODE": 541110, "LATITUDE": 31.770259, "LONGITUDE": -106.48226, "STREET_ADDRESS": "1147 Montana Ave", "CITY": "El Paso", "REGION": "TX", "POSTAL_CODE": 79902, "OPEN_HOURS": null, "CATEGORY_TAGS": null, "OPENED_ON": null, "CLOSED_ON": null, "TRACKING_CLOSED_SINCE": null, "GEOMETRY_TYPE": "POLYGON", "POLYGON_CLASS": "SHARED_POLYGON", "ENCLOSED": "False", "PHONE_NUMBER": 19155669977.0, "IS_SYNTHETIC": "False", "INCLUDES_PARKING_LOT": "False", "WKT_AREA_SQ_METERS": 220.0, "DOMAINS": [ "felipemillan.com" ], "WEBSITE": null }, "geometry": { "type": "Polygon", "coordinates": [ [ [ -106.482160947999944, 31.770212461000028 ], [ -106.48229723299994, 31.770145696000043 ], [ -106.482376076999969, 31.770261104000042 ], [ -106.482239791999973, 31.770327871000063 ], [ -106.482160947999944, 31.770212461000028 ] ] ] } },
{ "type": "Feature", "properties": { "PLACEKEY": "227-222@8tf-p3j-jvz", "PARENT_PLACEKEY": "22w-222@8tf-p3j-jvz", "LOCATION_NAME": "ATMAS Healing & Enlightenment Center", "BRANDS": null, "TOP_CATEGORY": "Offices of Other Health Practitioners", "SUB_CATEGORY": "Offices of Mental Health Practitioners (except Physicians)", "NAICS_CODE": 621330, "LATITUDE": 31.773698, "LONGITUDE": -106.476766, "STREET_ADDRESS": "1625 Montana Ave", "CITY": "El Paso", "REGION": "TX", "POSTAL_CODE": 79902, "OPEN_HOURS": null, "CATEGORY_TAGS": "Mental Health", "OPENED_ON": null, "CLOSED_ON": null, "TRACKING_CLOSED_SINCE": null, "GEOMETRY_TYPE": "POLYGON", "POLYGON_CLASS": "SHARED_POLYGON", "ENCLOSED": "False", "PHONE_NUMBER": 19152048932.0, "IS_SYNTHETIC": "False", "INCLUDES_PARKING_LOT": "False", "WKT_AREA_SQ_METERS": 716.0, "DOMAINS": [ "atmascenter.org" ], "WEBSITE": "http://www.atmascenter.org" }, "geometry": { "type": "Polygon", "coordinates": [ [ [ -106.476875930999938, 31.773747857000046 ], [ -106.476991399999974, 31.773875300000043 ], [ -106.476802339999949, 31.773998928000026 ], [ -106.476601337999966, 31.773775132000026 ], [ -106.476646097999947, 31.773746308000057 ], [ -106.476629077999974, 31.773727357000041 ], [ -106.476687266999988, 31.773689884000078 ], [ -106.476700881999989, 31.773705044000053 ], [ -106.476781450999965, 31.773653159000048 ], [ -106.476869957999952, 31.773751703000073 ], [ -106.476875930999938, 31.773747857000046 ] ] ] } },
{ "type": "Feature", "properties": { "PLACEKEY": "22f-222@8tf-p3j-k4v", "PARENT_PLACEKEY": null, "LOCATION_NAME": "International Border Trucking", "BRANDS": null, "TOP_CATEGORY": "Management, Scientific, and Technical Consulting Services", "SUB_CATEGORY": null, "NAICS_CODE": 5416, "LATITUDE": 31.771497, "LONGITUDE": -106.476622, "STREET_ADDRESS": "1525 Wyoming Ave", "CITY": "El Paso", "REGION": "TX", "POSTAL_CODE": 79902, "OPEN_HOURS": null, "CATEGORY_TAGS": null, "OPENED_ON": null, "CLOSED_ON": null, "TRACKING_CLOSED_SINCE": null, "GEOMETRY_TYPE": "POLYGON", "POLYGON_CLASS": "SHARED_POLYGON", "ENCLOSED": "False", "PHONE_NUMBER": 19157277575.0, "IS_SYNTHETIC": "False", "INCLUDES_PARKING_LOT": "False", "WKT_AREA_SQ_METERS": 191.0, "DOMAINS": [ "internationalaids.org" ], "WEBSITE": null }, "geometry": { "type": "Polygon", "coordinates": [ [ [ -106.47651284899996, 31.77151482000005 ], [ -106.476663235999979, 31.771414848000063 ], [ -106.476732680999987, 31.771489759000076 ], [ -106.476582293999968, 31.771589729000027 ], [ -106.47651284899996, 31.77151482000005 ] ] ] } },
{ "type": "Feature", "properties": { "PLACEKEY": "226-22c@8tf-p3j-jn5", "PARENT_PLACEKEY": "226-222@8tf-p3j-jn5", "LOCATION_NAME": "Julie Faflik Lmhc", "BRANDS": null, "TOP_CATEGORY": "Offices of Physicians", "SUB_CATEGORY": "Offices of Physicians, Mental Health Specialists", "NAICS_CODE": 621112, "LATITUDE": 31.773009, "LONGITUDE": -106.476828, "STREET_ADDRESS": "1600 Montana Ave", "CITY": "El Paso", "REGION": "TX", "POSTAL_CODE": 79902, "OPEN_HOURS": null, "CATEGORY_TAGS": null, "OPENED_ON": null, "CLOSED_ON": null, "TRACKING_CLOSED_SINCE": null, "GEOMETRY_TYPE": "POLYGON", "POLYGON_CLASS": "SHARED_POLYGON", "ENCLOSED": "False", "PHONE_NUMBER": 19155994900.0, "IS_SYNTHETIC": "False", "INCLUDES_PARKING_LOT": "False", "WKT_AREA_SQ_METERS": 1317.0, "DOMAINS": [ ], "WEBSITE": null }, "geometry": { "type": "Polygon", "coordinates": [ [ [ -106.476783027999943, 31.773188924000067 ], [ -106.476647432999982, 31.77303102500008 ], [ -106.47672474999996, 31.772983417000034 ], [ -106.476708213999984, 31.772964161000061 ], [ -106.47673550199994, 31.772947358000067 ], [ -106.47674872999994, 31.772962763000066 ], [ -106.477098927999975, 31.77274712600007 ], [ -106.47723121599995, 31.772901174000026 ], [ -106.477099323999937, 31.77298238700007 ], [ -106.477148930999988, 31.773040156000036 ], [ -106.47696246299995, 31.773154975000068 ], [ -106.476919468999938, 31.773104910000029 ], [ -106.476783027999943, 31.773188924000067 ] ] ] } },
{ "type": "Feature", "properties": { "PLACEKEY": "22q-223@8tf-p3j-jvz", "PARENT_PLACEKEY": null, "LOCATION_NAME": "PeopleReady", "BRANDS": null, "TOP_CATEGORY": "Employment Services", "SUB_CATEGORY": "Employment Placement Agencies", "NAICS_CODE": 561311, "LATITUDE": 31.773773, "LONGITUDE": -106.477048, "STREET_ADDRESS": "1621 Montana Ave", "CITY": "El Paso", "REGION": "TX", "POSTAL_CODE": 79902, "OPEN_HOURS": { "Mon": [ [ "5:30", "18:00" ] ], "Tue": [ [ "5:30", "18:00" ] ], "Wed": [ [ "5:30", "18:00" ] ], "Thu": [ [ "5:30", "18:00" ] ], "Fri": [ [ "5:30", "18:00" ] ], "Sat": [ [ "7:00", "11:00" ] ], "Sun": [ ] }, "CATEGORY_TAGS": null, "OPENED_ON": null, "CLOSED_ON": null, "TRACKING_CLOSED_SINCE": null, "GEOMETRY_TYPE": "POLYGON", "POLYGON_CLASS": "SHARED_POLYGON", "ENCLOSED": "False", "PHONE_NUMBER": 19155421725.0, "IS_SYNTHETIC": "False", "INCLUDES_PARKING_LOT": "False", "WKT_AREA_SQ_METERS": 1533.0, "DOMAINS": [ "peopleready.com" ], "WEBSITE": "https://www.peopleready.com/location/el-paso-tx-1400" }, "geometry": { "type": "Polygon", "coordinates": [ [ [ -106.476875930999938, 31.773747857000046 ], [ -106.477572686999963, 31.773299144000077 ], [ -106.477450137999938, 31.773162699000068 ], [ -106.477464694, 31.773153324000077 ], [ -106.477697599999942, 31.773418800000059 ], [ -106.477535899999964, 31.773522400000047 ], [ -106.477376199999981, 31.773628200000076 ], [ -106.477185, 31.773753100000079 ], [ -106.476991399999974, 31.773875300000043 ], [ -106.476875930999938, 31.773747857000046 ] ] ] } },
{ "type": "Feature", "properties": { "PLACEKEY": "zzy-227@8tf-p3j-k2k", "PARENT_PLACEKEY": null, "LOCATION_NAME": "Sun City Sean Your Car Guy", "BRANDS": null, "TOP_CATEGORY": "Management, Scientific, and Technical Consulting Services", "SUB_CATEGORY": "Administrative Management and General Management Consulting Services", "NAICS_CODE": 541611, "LATITUDE": 31.771948, "LONGITUDE": -106.478867, "STREET_ADDRESS": "Montana Ave", "CITY": "El Paso", "REGION": "TX", "POSTAL_CODE": 79902, "OPEN_HOURS": null, "CATEGORY_TAGS": null, "OPENED_ON": null, "CLOSED_ON": null, "TRACKING_CLOSED_SINCE": null, "GEOMETRY_TYPE": "POLYGON", "POLYGON_CLASS": "SHARED_POLYGON", "ENCLOSED": "False", "PHONE_NUMBER": null, "IS_SYNTHETIC": "False", "INCLUDES_PARKING_LOT": "False", "WKT_AREA_SQ_METERS": 827.0, "DOMAINS": [ ], "WEBSITE": null }, "geometry": { "type": "Polygon", "coordinates": [ [ [ -106.478633072999969, 31.771778685000072 ], [ -106.478852898999946, 31.771638006000046 ], [ -106.479056322999952, 31.77186594300008 ], [ -106.478836495999985, 31.77200662100006 ], [ -106.478633072999969, 31.771778685000072 ] ] ] } },
{ "type": "Feature", "properties": { "PLACEKEY": "232-222@8tf-p3j-kzz", "PARENT_PLACEKEY": null, "LOCATION_NAME": "Aladdin Laundry", "BRANDS": null, "TOP_CATEGORY": "Drycleaning and Laundry Services", "SUB_CATEGORY": "Drycleaning and Laundry Services (except Coin-Operated)", "NAICS_CODE": 812320, "LATITUDE": 31.769284, "LONGITUDE": -106.48226, "STREET_ADDRESS": "805 Noble St", "CITY": "El Paso", "REGION": "TX", "POSTAL_CODE": 79902, "OPEN_HOURS": null, "CATEGORY_TAGS": null, "OPENED_ON": null, "CLOSED_ON": null, "TRACKING_CLOSED_SINCE": null, "GEOMETRY_TYPE": "POLYGON", "POLYGON_CLASS": "OWNED_POLYGON", "ENCLOSED": "False", "PHONE_NUMBER": 19155323356.0, "IS_SYNTHETIC": "False", "INCLUDES_PARKING_LOT": "False", "WKT_AREA_SQ_METERS": 182.0, "DOMAINS": [ ], "WEBSITE": "https://aladdin-laundry.hub.biz/" }, "geometry": { "type": "Polygon", "coordinates": [ [ [ -106.482395175999955, 31.769241497000053 ], [ -106.482174163999957, 31.769373183000027 ], [ -106.482131705999961, 31.769327098000076 ], [ -106.482344511999941, 31.769186503000071 ], [ -106.482395175999955, 31.769241497000053 ] ] ] } },
{ "type": "Feature", "properties": { "PLACEKEY": "22d-223@8tf-p3j-5zz", "PARENT_PLACEKEY": null, "LOCATION_NAME": "Glasheen Valles & Inderman Injury Lawyers", "BRANDS": null, "TOP_CATEGORY": "Legal Services", "SUB_CATEGORY": "Offices of Lawyers", "NAICS_CODE": 541110, "LATITUDE": 31.769357, "LONGITUDE": -106.483583, "STREET_ADDRESS": "1101 Montana Ave", "CITY": "El Paso", "REGION": "TX", "POSTAL_CODE": 79902, "OPEN_HOURS": { "Mon": [ [ "8:30", "17:00" ] ], "Tue": [ [ "8:30", "17:00" ] ], "Wed": [ [ "8:30", "17:00" ] ], "Thu": [ [ "8:30", "17:00" ] ], "Fri": [ [ "8:30", "17:00" ] ], "Sat": [ ], "Sun": [ ] }, "CATEGORY_TAGS": "Personal Injury Law", "OPENED_ON": null, "CLOSED_ON": null, "TRACKING_CLOSED_SINCE": null, "GEOMETRY_TYPE": "POLYGON", "POLYGON_CLASS": "OWNED_POLYGON", "ENCLOSED": "False", "PHONE_NUMBER": 19155901900.0, "IS_SYNTHETIC": "False", "INCLUDES_PARKING_LOT": "False", "WKT_AREA_SQ_METERS": 448.0, "DOMAINS": [ "gvilaw.com" ], "WEBSITE": null }, "geometry": { "type": "Polygon", "coordinates": [ [ [ -106.483444661999954, 31.769346413000051 ], [ -106.48362975699996, 31.76923819700005 ], [ -106.48372240499998, 31.769351836000055 ], [ -106.483703895999952, 31.769362658000034 ], [ -106.483742232999987, 31.76940968100007 ], [ -106.483575646999952, 31.769507075000035 ], [ -106.483444661999954, 31.769346413000051 ] ] ] } },
{ "type": "Feature", "properties": { "PLACEKEY": "zzy-222@8tf-p3h-hqz", "PARENT_PLACEKEY": null, "LOCATION_NAME": "Sun Metro Arizona Golden Hill Terrace", "BRANDS": null, "TOP_CATEGORY": "Urban Transit Systems", "SUB_CATEGORY": "Bus and Other Motor Vehicle Transit Systems", "NAICS_CODE": 485113, "LATITUDE": 31.774184, "LONGITUDE": -106.4794, "STREET_ADDRESS": "Arizona Golden Hl Ter", "CITY": "El Paso", "REGION": "TX", "POSTAL_CODE": 79902, "OPEN_HOURS": null, "CATEGORY_TAGS": "Bus Station,Buses", "OPENED_ON": null, "CLOSED_ON": null, "TRACKING_CLOSED_SINCE": null, "GEOMETRY_TYPE": "POINT", "POLYGON_CLASS": null, "ENCLOSED": null, "PHONE_NUMBER": null, "IS_SYNTHETIC": null, "INCLUDES_PARKING_LOT": null, "WKT_AREA_SQ_METERS": null, "DOMAINS": [ ], "WEBSITE": null }, "geometry": { "type": "Polygon", "coordinates": [ [ [ -106.47937, 31.774184 ], [ -106.479370144458201, 31.774181059485791 ], [ -106.479370576441582, 31.774178147290343 ], [ -106.479371291789931, 31.774175291459684 ], [ -106.479372283614026, 31.774172519497032 ], [ -106.479373542362069, 31.774169858097896 ], [ -106.479375055911632, 31.774167332893011 ], [ -106.4793768096864, 31.774164968201475 ], [ -106.479378786796559, 31.774162786796566 ], [ -106.479380968201468, 31.7741608096864 ], [ -106.479383332893008, 31.774159055911632 ], [ -106.479385858097899, 31.774157542362072 ], [ -106.479388519497022, 31.774156283614026 ], [ -106.479391291459677, 31.774155291789931 ], [ -106.479394147290336, 31.774154576441589 ], [ -106.479397059485791, 31.774154144458201 ], [ -106.4794, 31.774154 ], [ -106.479402940514206, 31.774154144458201 ], [ -106.479405852709661, 31.774154576441589 ], [ -106.479408708540319, 31.774155291789931 ], [ -106.479411480502975, 31.774156283614026 ], [ -106.479414141902097, 31.774157542362072 ], [ -106.479416667106989, 31.774159055911632 ], [ -106.479419031798528, 31.7741608096864 ], [ -106.479421213203437, 31.774162786796566 ], [ -106.479423190313597, 31.774164968201475 ], [ -106.479424944088365, 31.774167332893011 ], [ -106.479426457637928, 31.774169858097896 ], [ -106.47942771638597, 31.774172519497032 ], [ -106.479428708210065, 31.774175291459684 ], [ -106.479429423558415, 31.774178147290343 ], [ -106.479429855541795, 31.774181059485791 ], [ -106.47943, 31.774184 ], [ -106.479429855541795, 31.774186940514213 ], [ -106.479429423558415, 31.774189852709661 ], [ -106.479428708210065, 31.774192708540319 ], [ -106.47942771638597, 31.774195480502971 ], [ -106.479426457637928, 31.774198141902108 ], [ -106.479424944088365, 31.774200667106992 ], [ -106.479423190313597, 31.774203031798528 ], [ -106.479421213203437, 31.774205213203437 ], [ -106.479419031798528, 31.774207190313604 ], [ -106.479416667106989, 31.774208944088372 ], [ -106.479414141902097, 31.774210457637931 ], [ -106.479411480502975, 31.774211716385977 ], [ -106.479408708540319, 31.774212708210072 ], [ -106.479405852709661, 31.774213423558415 ], [ -106.479402940514206, 31.774213855541802 ], [ -106.4794, 31.774214 ], [ -106.479397059485791, 31.774213855541802 ], [ -106.479394147290336, 31.774213423558415 ], [ -106.479391291459677, 31.774212708210072 ], [ -106.479388519497022, 31.774211716385977 ], [ -106.479385858097899, 31.774210457637931 ], [ -106.479383332893008, 31.774208944088372 ], [ -106.479380968201468, 31.774207190313604 ], [ -106.479378786796559, 31.774205213203437 ], [ -106.4793768096864, 31.774203031798528 ], [ -106.479375055911632, 31.774200667106992 ], [ -106.479373542362069, 31.774198141902108 ], [ -106.479372283614026, 31.774195480502971 ], [ -106.479371291789931, 31.774192708540319 ], [ -106.479370576441582, 31.774189852709661 ], [ -106.479370144458201, 31.774186940514213 ], [ -106.47937, 31.774184 ] ] ] } },
{ "type": "Feature", "properties": { "PLACEKEY": "22b-222@8tf-p3j-5xq", "PARENT_PLACEKEY": null, "LOCATION_NAME": "Loving Hands", "BRANDS": null, "TOP_CATEGORY": "Continuing Care Retirement Communities and Assisted Living Facilities for the Elderly", "SUB_CATEGORY": "Assisted Living Facilities for the Elderly", "NAICS_CODE": 623312, "LATITUDE": 31.769402, "LONGITUDE": -106.485383, "STREET_ADDRESS": "1003 E Rio Grande Ave", "CITY": "El Paso", "REGION": "TX", "POSTAL_CODE": 79902, "OPEN_HOURS": null, "CATEGORY_TAGS": "Retirement Home", "OPENED_ON": null, "CLOSED_ON": null, "TRACKING_CLOSED_SINCE": null, "GEOMETRY_TYPE": "POLYGON", "POLYGON_CLASS": null, "ENCLOSED": "False", "PHONE_NUMBER": 19152568356.0, "IS_SYNTHETIC": "False", "INCLUDES_PARKING_LOT": "False", "WKT_AREA_SQ_METERS": 289.0, "DOMAINS": [ "lovinghandscare.net" ], "WEBSITE": null }, "geometry": { "type": "Polygon", "coordinates": [ [ [ -106.48527612099997, 31.769310208000036 ], [ -106.485316956999952, 31.769284895000055 ], [ -106.485333563999973, 31.769304107000039 ], [ -106.48536986299996, 31.76928160600005 ], [ -106.485506039999962, 31.769439143000056 ], [ -106.485397142999943, 31.769506646000025 ], [ -106.485260965999942, 31.769349109000075 ], [ -106.485292726999944, 31.769329421000066 ], [ -106.48527612099997, 31.769310208000036 ] ] ] } },
{ "type": "Feature", "properties": { "PLACEKEY": "22m-222@8tf-p3j-gx5", "PARENT_PLACEKEY": null, "LOCATION_NAME": "Reproductive Services", "BRANDS": null, "TOP_CATEGORY": "Outpatient Care Centers", "SUB_CATEGORY": "Family Planning Centers", "NAICS_CODE": 621410, "LATITUDE": 31.770502, "LONGITUDE": -106.476618, "STREET_ADDRESS": "1511 E Missouri Ave", "CITY": "El Paso", "REGION": "TX", "POSTAL_CODE": 79902, "OPEN_HOURS": null, "CATEGORY_TAGS": null, "OPENED_ON": null, "CLOSED_ON": null, "TRACKING_CLOSED_SINCE": null, "GEOMETRY_TYPE": "POLYGON", "POLYGON_CLASS": null, "ENCLOSED": null, "PHONE_NUMBER": 19156265193.0, "IS_SYNTHETIC": null, "INCLUDES_PARKING_LOT": null, "WKT_AREA_SQ_METERS": 330.0, "DOMAINS": [ "reproductiveservices.com" ], "WEBSITE": null }, "geometry": { "type": "Polygon", "coordinates": [ [ [ -106.476588, 31.770502 ], [ -106.476588144458205, 31.77049905948579 ], [ -106.476588576441586, 31.770496147290341 ], [ -106.476589291789935, 31.770493291459683 ], [ -106.47659028361403, 31.770490519497031 ], [ -106.476591542362073, 31.770487858097894 ], [ -106.476593055911636, 31.77048533289301 ], [ -106.476594809686404, 31.770482968201474 ], [ -106.476596786796563, 31.770480786796565 ], [ -106.476598968201472, 31.770478809686399 ], [ -106.476601332893011, 31.770477055911631 ], [ -106.476603858097903, 31.770475542362071 ], [ -106.476606519497025, 31.770474283614025 ], [ -106.476609291459681, 31.77047329178993 ], [ -106.476612147290339, 31.770472576441588 ], [ -106.476615059485795, 31.7704721444582 ], [ -106.476618, 31.770472 ], [ -106.476620940514209, 31.7704721444582 ], [ -106.476623852709665, 31.770472576441588 ], [ -106.476626708540323, 31.77047329178993 ], [ -106.476629480502979, 31.770474283614025 ], [ -106.476632141902101, 31.770475542362071 ], [ -106.476634667106993, 31.770477055911631 ], [ -106.476637031798532, 31.770478809686399 ], [ -106.476639213203441, 31.770480786796565 ], [ -106.4766411903136, 31.770482968201474 ], [ -106.476642944088368, 31.77048533289301 ], [ -106.476644457637931, 31.770487858097894 ], [ -106.476645716385974, 31.770490519497031 ], [ -106.476646708210069, 31.770493291459683 ], [ -106.476647423558418, 31.770496147290341 ], [ -106.476647855541799, 31.77049905948579 ], [ -106.476648, 31.770502 ], [ -106.476647855541799, 31.770504940514211 ], [ -106.476647423558418, 31.77050785270966 ], [ -106.476646708210069, 31.770510708540318 ], [ -106.476645716385974, 31.77051348050297 ], [ -106.476644457637931, 31.770516141902107 ], [ -106.476642944088368, 31.770518667106991 ], [ -106.4766411903136, 31.770521031798527 ], [ -106.476639213203441, 31.770523213203436 ], [ -106.476637031798532, 31.770525190313602 ], [ -106.476634667106993, 31.77052694408837 ], [ -106.476632141902101, 31.77052845763793 ], [ -106.476629480502979, 31.770529716385976 ], [ -106.476626708540323, 31.770530708210071 ], [ -106.476623852709665, 31.770531423558413 ], [ -106.476620940514209, 31.770531855541801 ], [ -106.476618, 31.770532 ], [ -106.476615059485795, 31.770531855541801 ], [ -106.476612147290339, 31.770531423558413 ], [ -106.476609291459681, 31.770530708210071 ], [ -106.476606519497025, 31.770529716385976 ], [ -106.476603858097903, 31.77052845763793 ], [ -106.476601332893011, 31.77052694408837 ], [ -106.476598968201472, 31.770525190313602 ], [ -106.476596786796563, 31.770523213203436 ], [ -106.476594809686404, 31.770521031798527 ], [ -106.476593055911636, 31.770518667106991 ], [ -106.476591542362073, 31.770516141902107 ], [ -106.47659028361403, 31.77051348050297 ], [ -106.476589291789935, 31.770510708540318 ], [ -106.476588576441586, 31.77050785270966 ], [ -106.476588144458205, 31.770504940514211 ], [ -106.476588, 31.770502 ] ] ] } },
{ "type": "Feature", "properties": { "PLACEKEY": "22p-226@8tf-p3j-5zz", "PARENT_PLACEKEY": null, "LOCATION_NAME": "Isabelle Robles Lmsw-acp", "BRANDS": null, "TOP_CATEGORY": "Offices of Physicians", "SUB_CATEGORY": "Offices of Physicians, Mental Health Specialists", "NAICS_CODE": 621112, "LATITUDE": 31.768547, "LONGITUDE": -106.484896, "STREET_ADDRESS": "1001 Montana Ave", "CITY": "El Paso", "REGION": "TX", "POSTAL_CODE": 79902, "OPEN_HOURS": null, "CATEGORY_TAGS": null, "OPENED_ON": null, "CLOSED_ON": null, "TRACKING_CLOSED_SINCE": null, "GEOMETRY_TYPE": "POLYGON", "POLYGON_CLASS": "SHARED_POLYGON", "ENCLOSED": "False", "PHONE_NUMBER": 19155347227.0, "IS_SYNTHETIC": "False", "INCLUDES_PARKING_LOT": "False", "WKT_AREA_SQ_METERS": 175.0, "DOMAINS": [ ], "WEBSITE": null }, "geometry": { "type": "Polygon", "coordinates": [ [ [ -106.484777437999981, 31.768552525000075 ], [ -106.484883581999952, 31.768481950000023 ], [ -106.48497386799994, 31.768579327000054 ], [ -106.484867722999979, 31.768649903000039 ], [ -106.484777437999981, 31.768552525000075 ] ] ] } },
{ "type": "Feature", "properties": { "PLACEKEY": "22k-223@8tf-p3j-kzz", "PARENT_PLACEKEY": null, "LOCATION_NAME": "Intelia Films", "BRANDS": null, "TOP_CATEGORY": "Other Professional, Scientific, and Technical Services", "SUB_CATEGORY": "Photographic Services", "NAICS_CODE": 54192, "LATITUDE": 31.768793, "LONGITUDE": -106.483038, "STREET_ADDRESS": "1105 E Yandell Dr", "CITY": "El Paso", "REGION": "TX", "POSTAL_CODE": 79902, "OPEN_HOURS": null, "CATEGORY_TAGS": null, "OPENED_ON": null, "CLOSED_ON": null, "TRACKING_CLOSED_SINCE": null, "GEOMETRY_TYPE": "POLYGON", "POLYGON_CLASS": "SHARED_POLYGON", "ENCLOSED": "False", "PHONE_NUMBER": 19159294521.0, "IS_SYNTHETIC": "False", "INCLUDES_PARKING_LOT": "False", "WKT_AREA_SQ_METERS": 663.0, "DOMAINS": [ "inteliafilms.com" ], "WEBSITE": "https://inteliafilms.com/renta-de-equipo/" }, "geometry": { "type": "Polygon", "coordinates": [ [ [ -106.483029899999963, 31.768850800000052 ], [ -106.482797651999988, 31.768591513000047 ], [ -106.482992385999978, 31.76846447500003 ], [ -106.483115923999947, 31.76860027500004 ], [ -106.48302683299994, 31.768658395000045 ], [ -106.483137799999952, 31.76878350000004 ], [ -106.483029899999963, 31.768850800000052 ] ] ] } },
{ "type": "Feature", "properties": { "PLACEKEY": "228-223@8tf-p3j-h3q", "PARENT_PLACEKEY": "227-222@8tf-qxh-hnq", "LOCATION_NAME": "Mabel Rosales Lcdc", "BRANDS": null, "TOP_CATEGORY": "Offices of Physicians", "SUB_CATEGORY": "Offices of Physicians, Mental Health Specialists", "NAICS_CODE": 621112, "LATITUDE": 31.769314, "LONGITUDE": -106.478459, "STREET_ADDRESS": "611 Newman St", "CITY": "El Paso", "REGION": "TX", "POSTAL_CODE": 79902, "OPEN_HOURS": null, "CATEGORY_TAGS": null, "OPENED_ON": null, "CLOSED_ON": null, "TRACKING_CLOSED_SINCE": null, "GEOMETRY_TYPE": "POLYGON", "POLYGON_CLASS": "SHARED_POLYGON", "ENCLOSED": "False", "PHONE_NUMBER": 19155335550.0, "IS_SYNTHETIC": "False", "INCLUDES_PARKING_LOT": "False", "WKT_AREA_SQ_METERS": 650.0, "DOMAINS": [ ], "WEBSITE": null }, "geometry": { "type": "Polygon", "coordinates": [ [ [ -106.478443418999973, 31.769142410000029 ], [ -106.478656199999989, 31.769380900000044 ], [ -106.478491016999953, 31.769485931000077 ], [ -106.478277643999945, 31.769249861000048 ], [ -106.478443418999973, 31.769142410000029 ] ] ] } },
{ "type": "Feature", "properties": { "PLACEKEY": "22f-225@8tf-p3j-5zz", "PARENT_PLACEKEY": null, "LOCATION_NAME": "Jose J Silva M d", "BRANDS": null, "TOP_CATEGORY": "Offices of Physicians", "SUB_CATEGORY": "Offices of Physicians (except Mental Health Specialists)", "NAICS_CODE": 621111, "LATITUDE": 31.768719, "LONGITUDE": -106.483655, "STREET_ADDRESS": "1020 Montana Ave", "CITY": "El Paso", "REGION": "TX", "POSTAL_CODE": 79902, "OPEN_HOURS": { "Mon": [ [ "8:00", "16:00" ] ], "Tue": [ [ "8:00", "14:00" ] ], "Wed": [ [ "8:00", "14:00" ] ], "Thu": [ [ "8:00", "16:00" ] ], "Fri": [ ], "Sat": [ ], "Sun": [ ] }, "CATEGORY_TAGS": "Internal Medicine", "OPENED_ON": null, "CLOSED_ON": null, "TRACKING_CLOSED_SINCE": null, "GEOMETRY_TYPE": "POLYGON", "POLYGON_CLASS": "SHARED_POLYGON", "ENCLOSED": "False", "PHONE_NUMBER": 19155009876.0, "IS_SYNTHETIC": "False", "INCLUDES_PARKING_LOT": "False", "WKT_AREA_SQ_METERS": 225.0, "DOMAINS": [ ], "WEBSITE": null }, "geometry": { "type": "Polygon", "coordinates": [ [ [ -106.483565632999955, 31.768740324000078 ], [ -106.483677519999958, 31.768668253000044 ], [ -106.48369794499996, 31.768690992000074 ], [ -106.483733749999942, 31.768667930000049 ], [ -106.483771194999974, 31.768709620000038 ], [ -106.483730915999956, 31.768735565000043 ], [ -106.48377176799994, 31.768781045000026 ], [ -106.483664355999963, 31.768850233000023 ], [ -106.483565632999955, 31.768740324000078 ] ] ] } },
{ "type": "Feature", "properties": { "PLACEKEY": "22d-223@8tf-p3j-kxq", "PARENT_PLACEKEY": null, "LOCATION_NAME": "Kogel Bearings", "BRANDS": null, "TOP_CATEGORY": "Sporting Goods, Hobby, and Musical Instrument Stores", "SUB_CATEGORY": "Sporting Goods Stores", "NAICS_CODE": 451110, "LATITUDE": 31.768378, "LONGITUDE": -106.481604, "STREET_ADDRESS": "1127 Wyoming Ave", "CITY": "El Paso", "REGION": "TX", "POSTAL_CODE": 79902, "OPEN_HOURS": null, "CATEGORY_TAGS": null, "OPENED_ON": null, "CLOSED_ON": null, "TRACKING_CLOSED_SINCE": null, "GEOMETRY_TYPE": "POLYGON", "POLYGON_CLASS": "OWNED_POLYGON", "ENCLOSED": "False", "PHONE_NUMBER": 19157775666.0, "IS_SYNTHETIC": "False", "INCLUDES_PARKING_LOT": "False", "WKT_AREA_SQ_METERS": 212.0, "DOMAINS": [ "kogel.cc" ], "WEBSITE": "https://www.kogel.cc/" }, "geometry": { "type": "Polygon", "coordinates": [ [ [ -106.481592066999951, 31.768278677000069 ], [ -106.481713667999941, 31.768427799000051 ], [ -106.481630238999969, 31.768482572000039 ], [ -106.48149932299998, 31.76833956300004 ], [ -106.481592066999951, 31.768278677000069 ] ] ] } },
{ "type": "Feature", "properties": { "PLACEKEY": "226-23j@8tf-p3j-jn5", "PARENT_PLACEKEY": "226-222@8tf-p3j-jn5", "LOCATION_NAME": "MS. Rita Aguirre Lpc", "BRANDS": null, "TOP_CATEGORY": "Offices of Physicians", "SUB_CATEGORY": "Offices of Physicians, Mental Health Specialists", "NAICS_CODE": 621112, "LATITUDE": 31.772997, "LONGITUDE": -106.476812, "STREET_ADDRESS": "1600 Montana Ave", "CITY": "El Paso", "REGION": "TX", "POSTAL_CODE": 79902, "OPEN_HOURS": null, "CATEGORY_TAGS": null, "OPENED_ON": null, "CLOSED_ON": null, "TRACKING_CLOSED_SINCE": null, "GEOMETRY_TYPE": "POLYGON", "POLYGON_CLASS": "SHARED_POLYGON", "ENCLOSED": "False", "PHONE_NUMBER": 19158873410.0, "IS_SYNTHETIC": "False", "INCLUDES_PARKING_LOT": "False", "WKT_AREA_SQ_METERS": 1317.0, "DOMAINS": [ ], "WEBSITE": null }, "geometry": { "type": "Polygon", "coordinates": [ [ [ -106.476783027999943, 31.773188924000067 ], [ -106.476647432999982, 31.77303102500008 ], [ -106.47672474999996, 31.772983417000034 ], [ -106.476708213999984, 31.772964161000061 ], [ -106.47673550199994, 31.772947358000067 ], [ -106.47674872999994, 31.772962763000066 ], [ -106.477098927999975, 31.77274712600007 ], [ -106.47723121599995, 31.772901174000026 ], [ -106.477099323999937, 31.77298238700007 ], [ -106.477148930999988, 31.773040156000036 ], [ -106.47696246299995, 31.773154975000068 ], [ -106.476919468999938, 31.773104910000029 ], [ -106.476783027999943, 31.773188924000067 ] ] ] } },
{ "type": "Feature", "properties": { "PLACEKEY": "225-227@8tf-p3q-zj9", "PARENT_PLACEKEY": null, "LOCATION_NAME": "Plans for Life", "BRANDS": null, "TOP_CATEGORY": "Agencies, Brokerages, and Other Insurance Related Activities", "SUB_CATEGORY": "Insurance Agencies and Brokerages", "NAICS_CODE": 524210, "LATITUDE": 31.76795, "LONGITUDE": -106.484311, "STREET_ADDRESS": "806 Ange St", "CITY": "El Paso", "REGION": "TX", "POSTAL_CODE": 79902, "OPEN_HOURS": { "Mon": [ [ "9:00", "17:00" ] ], "Tue": [ [ "9:00", "17:00" ] ], "Wed": [ [ "9:00", "17:00" ] ], "Thu": [ [ "9:00", "17:00" ] ], "Fri": [ [ "9:00", "17:00" ] ], "Sat": [ ], "Sun": [ ] }, "CATEGORY_TAGS": null, "OPENED_ON": null, "CLOSED_ON": null, "TRACKING_CLOSED_SINCE": null, "GEOMETRY_TYPE": "POLYGON", "POLYGON_CLASS": "OWNED_POLYGON", "ENCLOSED": "False", "PHONE_NUMBER": 19155911957.0, "IS_SYNTHETIC": "False", "INCLUDES_PARKING_LOT": "False", "WKT_AREA_SQ_METERS": 265.0, "DOMAINS": [ "plans4life.com" ], "WEBSITE": null }, "geometry": { "type": "Polygon", "coordinates": [ [ [ -106.484293978999972, 31.768042881000042 ], [ -106.484183673999951, 31.767944139000065 ], [ -106.484310302999972, 31.767842694000024 ], [ -106.484437822999951, 31.76795684700005 ], [ -106.48438880599997, 31.767996116000063 ], [ -106.484365619999949, 31.767975361000026 ], [ -106.48433294199998, 31.768001540000057 ], [ -106.484344533999945, 31.76801191800007 ], [ -106.484299601999965, 31.768047915000068 ], [ -106.484293978999972, 31.768042881000042 ] ] ] } },
{ "type": "Feature", "properties": { "PLACEKEY": "222-223@8tf-p3j-gp9", "PARENT_PLACEKEY": "222-222@8tf-p3j-gp9", "LOCATION_NAME": "DaVita", "BRANDS": "DaVita", "TOP_CATEGORY": "Outpatient Care Centers", "SUB_CATEGORY": "Kidney Dialysis Centers", "NAICS_CODE": 621492, "LATITUDE": 31.769602, "LONGITUDE": -106.477955, "STREET_ADDRESS": "600 Newman St", "CITY": "El Paso", "REGION": "TX", "POSTAL_CODE": 79902, "OPEN_HOURS": null, "CATEGORY_TAGS": "Dialysis,Nephrologists", "OPENED_ON": null, "CLOSED_ON": null, "TRACKING_CLOSED_SINCE": null, "GEOMETRY_TYPE": "POLYGON", "POLYGON_CLASS": null, "ENCLOSED": "False", "PHONE_NUMBER": null, "IS_SYNTHETIC": "False", "INCLUDES_PARKING_LOT": "False", "WKT_AREA_SQ_METERS": 770.0, "DOMAINS": [ "davita.com" ], "WEBSITE": null }, "geometry": { "type": "Polygon", "coordinates": [ [ [ -106.478144580250131, 31.769574657587473 ], [ -106.478097554701435, 31.769608915836329 ], [ -106.478139128941166, 31.769651102102397 ], [ -106.477926309622873, 31.769796334114563 ], [ -106.477756962610655, 31.769617609445927 ], [ -106.478019522254812, 31.769438692210805 ], [ -106.478144580250131, 31.769574657587473 ] ] ] } },
{ "type": "Feature", "properties": { "PLACEKEY": "22c-226@8tf-p3j-hkf", "PARENT_PLACEKEY": null, "LOCATION_NAME": "RoofCARE", "BRANDS": null, "TOP_CATEGORY": "Foundation, Structure, and Building Exterior Contractors", "SUB_CATEGORY": "Roofing Contractors", "NAICS_CODE": 238160, "LATITUDE": 31.771938, "LONGITUDE": -106.480002, "STREET_ADDRESS": "1401 Montana Ave Unit 10", "CITY": "El Paso", "REGION": "TX", "POSTAL_CODE": 79902, "OPEN_HOURS": { "Mon": [ [ "8:00", "17:00" ] ], "Tue": [ [ "8:00", "17:00" ] ], "Wed": [ [ "8:00", "17:00" ] ], "Thu": [ [ "8:00", "17:00" ] ], "Fri": [ [ "8:00", "17:00" ] ], "Sat": [ ], "Sun": [ ] }, "CATEGORY_TAGS": null, "OPENED_ON": null, "CLOSED_ON": null, "TRACKING_CLOSED_SINCE": null, "GEOMETRY_TYPE": "POLYGON", "POLYGON_CLASS": null, "ENCLOSED": "False", "PHONE_NUMBER": 15054402643.0, "IS_SYNTHETIC": "False", "INCLUDES_PARKING_LOT": "False", "WKT_AREA_SQ_METERS": 1241.0, "DOMAINS": [ "roofcare.us" ], "WEBSITE": null }, "geometry": { "type": "Polygon", "coordinates": [ [ [ -106.479830697999944, 31.771844360000046 ], [ -106.48000972899996, 31.771729053000058 ], [ -106.480019941999956, 31.77174042300004 ], [ -106.480100505999985, 31.771688535000067 ], [ -106.480352416999949, 31.771969001000059 ], [ -106.480092820999971, 31.772136196000076 ], [ -106.479830697999944, 31.771844360000046 ] ] ] } },
{ "type": "Feature", "properties": { "PLACEKEY": "22f-222@8tf-p3j-kxq", "PARENT_PLACEKEY": null, "LOCATION_NAME": "B&M Building Services Construction & Contracting", "BRANDS": null, "TOP_CATEGORY": "Residential Building Construction", "SUB_CATEGORY": "Residential Remodelers", "NAICS_CODE": 236118, "LATITUDE": 31.767849, "LONGITUDE": -106.481649, "STREET_ADDRESS": "1116 Wyoming El Paso", "CITY": "El Paso", "REGION": "TX", "POSTAL_CODE": 79902, "OPEN_HOURS": { "Mon": [ [ "8:00", "17:00" ] ], "Tue": [ [ "8:00", "17:00" ] ], "Wed": [ [ "8:00", "17:00" ] ], "Thu": [ [ "8:00", "17:00" ] ], "Fri": [ [ "8:00", "17:00" ] ], "Sat": [ ], "Sun": [ ] }, "CATEGORY_TAGS": null, "OPENED_ON": null, "CLOSED_ON": null, "TRACKING_CLOSED_SINCE": null, "GEOMETRY_TYPE": "POLYGON", "POLYGON_CLASS": "OWNED_POLYGON", "ENCLOSED": "False", "PHONE_NUMBER": 19153339480.0, "IS_SYNTHETIC": "False", "INCLUDES_PARKING_LOT": "False", "WKT_AREA_SQ_METERS": 136.0, "DOMAINS": [ ], "WEBSITE": "http://bmcompany915.wixsite.com/home" }, "geometry": { "type": "Polygon", "coordinates": [ [ [ -106.481562764999978, 31.767837516000043 ], [ -106.48166258699996, 31.767775641000071 ], [ -106.481735652999987, 31.767860176000056 ], [ -106.481635829999959, 31.767922051000028 ], [ -106.481562764999978, 31.767837516000043 ] ] ] } },
{ "type": "Feature", "properties": { "PLACEKEY": "222-223@8tf-p3j-hbk", "PARENT_PLACEKEY": null, "LOCATION_NAME": "Alternative Medicine", "BRANDS": null, "TOP_CATEGORY": "Offices of Other Health Practitioners", "SUB_CATEGORY": "Offices of All Other Miscellaneous Health Practitioners", "NAICS_CODE": 621399, "LATITUDE": 31.771263, "LONGITUDE": -106.481402, "STREET_ADDRESS": "1300 E Rio Grande Ave", "CITY": "El Paso", "REGION": "TX", "POSTAL_CODE": 79902, "OPEN_HOURS": null, "CATEGORY_TAGS": "Alternative Medicine", "OPENED_ON": null, "CLOSED_ON": null, "TRACKING_CLOSED_SINCE": null, "GEOMETRY_TYPE": "POLYGON", "POLYGON_CLASS": null, "ENCLOSED": "False", "PHONE_NUMBER": 19155451261.0, "IS_SYNTHETIC": "False", "INCLUDES_PARKING_LOT": "False", "WKT_AREA_SQ_METERS": 359.0, "DOMAINS": [ ], "WEBSITE": null }, "geometry": { "type": "Polygon", "coordinates": [ [ [ -106.481430935, 31.771437996000031 ], [ -106.481303670999978, 31.771292641000059 ], [ -106.481339807999973, 31.771269953000058 ], [ -106.481323063, 31.771250828000063 ], [ -106.481345649, 31.77123664800007 ], [ -106.481322204999969, 31.771209871000053 ], [ -106.48143965099996, 31.771136136000052 ], [ -106.481419556, 31.771113185000047 ], [ -106.481469244999971, 31.771081989000038 ], [ -106.481536225999946, 31.77115849200004 ], [ -106.481414263999966, 31.771235064000052 ], [ -106.481434356999955, 31.771258014000068 ], [ -106.481402737999986, 31.771277866000048 ], [ -106.481466369999964, 31.771350544000029 ], [ -106.481475404999969, 31.771344872000043 ], [ -106.481512243999987, 31.771386949000032 ], [ -106.481430935, 31.771437996000031 ] ] ] } },
{ "type": "Feature", "properties": { "PLACEKEY": "22h-222@8tf-p3j-hkf", "PARENT_PLACEKEY": null, "LOCATION_NAME": "Comtel U S A", "BRANDS": null, "TOP_CATEGORY": "Computer Systems Design and Related Services", "SUB_CATEGORY": null, "NAICS_CODE": 5415, "LATITUDE": 31.771921, "LONGITUDE": -106.480068, "STREET_ADDRESS": "1401 Montana Ave Ste C", "CITY": "El Paso", "REGION": "TX", "POSTAL_CODE": 79902, "OPEN_HOURS": null, "CATEGORY_TAGS": null, "OPENED_ON": null, "CLOSED_ON": null, "TRACKING_CLOSED_SINCE": null, "GEOMETRY_TYPE": "POLYGON", "POLYGON_CLASS": null, "ENCLOSED": "False", "PHONE_NUMBER": 19155448900.0, "IS_SYNTHETIC": "False", "INCLUDES_PARKING_LOT": "False", "WKT_AREA_SQ_METERS": 1241.0, "DOMAINS": [ "comtel-usa.com" ], "WEBSITE": null }, "geometry": { "type": "Polygon", "coordinates": [ [ [ -106.479830697999944, 31.771844360000046 ], [ -106.48000972899996, 31.771729053000058 ], [ -106.480019941999956, 31.77174042300004 ], [ -106.480100505999985, 31.771688535000067 ], [ -106.480352416999949, 31.771969001000059 ], [ -106.480092820999971, 31.772136196000076 ], [ -106.479830697999944, 31.771844360000046 ] ] ] } },
{ "type": "Feature", "properties": { "PLACEKEY": "22k-222@8tf-p3j-jvz", "PARENT_PLACEKEY": null, "LOCATION_NAME": "Puerto Vallarta Grill", "BRANDS": null, "TOP_CATEGORY": "Restaurants and Other Eating Places", "SUB_CATEGORY": "Full-Service Restaurants", "NAICS_CODE": 722511, "LATITUDE": 31.773538, "LONGITUDE": -106.477376, "STREET_ADDRESS": "1611 Montana Ave # Not", "CITY": "El Paso", "REGION": "TX", "POSTAL_CODE": 79902, "OPEN_HOURS": { "Mon": [ [ "10:00", "20:00" ] ], "Tue": [ [ "10:00", "20:00" ] ], "Wed": [ [ "10:00", "20:00" ] ], "Thu": [ [ "10:00", "20:00" ] ], "Fri": [ [ "10:00", "20:00" ] ], "Sat": [ [ "10:00", "20:00" ] ], "Sun": [ [ "10:00", "19:00" ] ] }, "CATEGORY_TAGS": "Mexican Food,Seafood", "OPENED_ON": null, "CLOSED_ON": null, "TRACKING_CLOSED_SINCE": null, "GEOMETRY_TYPE": "POLYGON", "POLYGON_CLASS": "OWNED_POLYGON", "ENCLOSED": "False", "PHONE_NUMBER": 19155448169.0, "IS_SYNTHETIC": "False", "INCLUDES_PARKING_LOT": "False", "WKT_AREA_SQ_METERS": 76.0, "DOMAINS": [ "puertovallartasf.com" ], "WEBSITE": "http://puertovallartasf.com" }, "geometry": { "type": "Polygon", "coordinates": [ [ [ -106.477342264458969, 31.773465229837054 ], [ -106.477448211715057, 31.773584942578736 ], [ -106.477409319684341, 31.773610025228727 ], [ -106.47730471353276, 31.773490882580457 ], [ -106.477342264458969, 31.773465229837054 ] ] ] } },
{ "type": "Feature", "properties": { "PLACEKEY": "22b-228@8tf-p3j-jn5", "PARENT_PLACEKEY": null, "LOCATION_NAME": "El Paso MHMR DBA Emergence Health Network", "BRANDS": null, "TOP_CATEGORY": "Outpatient Care Centers", "SUB_CATEGORY": "Outpatient Mental Health and Substance Abuse Centers", "NAICS_CODE": 621420, "LATITUDE": 31.773, "LONGITUDE": -106.477987, "STREET_ADDRESS": "1551 Montana Ave", "CITY": "El Paso", "REGION": "TX", "POSTAL_CODE": 79902, "OPEN_HOURS": null, "CATEGORY_TAGS": null, "OPENED_ON": null, "CLOSED_ON": null, "TRACKING_CLOSED_SINCE": null, "GEOMETRY_TYPE": "POLYGON", "POLYGON_CLASS": "OWNED_POLYGON", "ENCLOSED": "False", "PHONE_NUMBER": 19158873410.0, "IS_SYNTHETIC": "False", "INCLUDES_PARKING_LOT": "False", "WKT_AREA_SQ_METERS": 653.0, "DOMAINS": [ ], "WEBSITE": null }, "geometry": { "type": "Polygon", "coordinates": [ [ [ -106.477805304999947, 31.772985382000059 ], [ -106.478046439999957, 31.772829096000066 ], [ -106.478193407999981, 31.772991691000072 ], [ -106.477952273999961, 31.773147977000065 ], [ -106.477805304999947, 31.772985382000059 ] ] ] } },
{ "type": "Feature", "properties": { "PLACEKEY": "223-222@8tf-p3j-jd9", "PARENT_PLACEKEY": null, "LOCATION_NAME": "Cal Mundell Law Firm", "BRANDS": null, "TOP_CATEGORY": "Legal Services", "SUB_CATEGORY": "Offices of Lawyers", "NAICS_CODE": 541110, "LATITUDE": 31.770743, "LONGITUDE": -106.476278, "STREET_ADDRESS": "1521 E Missouri Ave", "CITY": "El Paso", "REGION": "TX", "POSTAL_CODE": 79902, "OPEN_HOURS": null, "CATEGORY_TAGS": null, "OPENED_ON": null, "CLOSED_ON": null, "TRACKING_CLOSED_SINCE": null, "GEOMETRY_TYPE": "POLYGON", "POLYGON_CLASS": "OWNED_POLYGON", "ENCLOSED": "False", "PHONE_NUMBER": 19152500700.0, "IS_SYNTHETIC": "False", "INCLUDES_PARKING_LOT": "False", "WKT_AREA_SQ_METERS": 228.0, "DOMAINS": [ "calmundelllaw.com" ], "WEBSITE": "http://www.calmundelllaw.com/" }, "geometry": { "type": "Polygon", "coordinates": [ [ [ -106.476301727999953, 31.770817332000036 ], [ -106.476310196999975, 31.770812118000038 ], [ -106.476187834999962, 31.77066962300006 ], [ -106.476256052999986, 31.77062761600007 ], [ -106.476428661999989, 31.770828625000036 ], [ -106.476352799999972, 31.770876200000032 ], [ -106.476301727999953, 31.770817332000036 ] ] ] } },
{ "type": "Feature", "properties": { "PLACEKEY": "228-222@8tf-p3j-h3q", "PARENT_PLACEKEY": null, "LOCATION_NAME": "Rosales and Rosales Counseling Services", "BRANDS": null, "TOP_CATEGORY": "Offices of Other Health Practitioners", "SUB_CATEGORY": "Offices of Mental Health Practitioners (except Physicians)", "NAICS_CODE": 621330, "LATITUDE": 31.769328, "LONGITUDE": -106.47847, "STREET_ADDRESS": "611 Newman St", "CITY": "El Paso", "REGION": "TX", "POSTAL_CODE": 79902, "OPEN_HOURS": { "Mon": [ [ "9:00", "18:00" ] ], "Tue": [ [ "9:00", "18:00" ] ], "Wed": [ [ "9:00", "18:00" ] ], "Thu": [ [ "9:00", "18:00" ] ], "Fri": [ [ "9:00", "18:00" ] ], "Sat": [ [ "9:00", "12:00" ] ], "Sun": [ ] }, "CATEGORY_TAGS": "Mental Health", "OPENED_ON": null, "CLOSED_ON": null, "TRACKING_CLOSED_SINCE": null, "GEOMETRY_TYPE": "POLYGON", "POLYGON_CLASS": "SHARED_POLYGON", "ENCLOSED": "False", "PHONE_NUMBER": 19152754062.0, "IS_SYNTHETIC": "False", "INCLUDES_PARKING_LOT": "False", "WKT_AREA_SQ_METERS": 650.0, "DOMAINS": [ ], "WEBSITE": null }, "geometry": { "type": "Polygon", "coordinates": [ [ [ -106.478443418999973, 31.769142410000029 ], [ -106.478656199999989, 31.769380900000044 ], [ -106.478491016999953, 31.769485931000077 ], [ -106.478277643999945, 31.769249861000048 ], [ -106.478443418999973, 31.769142410000029 ] ] ] } },
{ "type": "Feature", "properties": { "PLACEKEY": "222-222@8tf-p3j-gp9", "PARENT_PLACEKEY": null, "LOCATION_NAME": "Sun City Dialysis Center", "BRANDS": null, "TOP_CATEGORY": "Outpatient Care Centers", "SUB_CATEGORY": "Kidney Dialysis Centers", "NAICS_CODE": 621492, "LATITUDE": 31.769634, "LONGITUDE": -106.477946, "STREET_ADDRESS": "600 Newman St", "CITY": "El Paso", "REGION": "TX", "POSTAL_CODE": 79902, "OPEN_HOURS": null, "CATEGORY_TAGS": "Dialysis", "OPENED_ON": null, "CLOSED_ON": null, "TRACKING_CLOSED_SINCE": null, "GEOMETRY_TYPE": "POLYGON", "POLYGON_CLASS": "OWNED_POLYGON", "ENCLOSED": "False", "PHONE_NUMBER": 19153512010.0, "IS_SYNTHETIC": "False", "INCLUDES_PARKING_LOT": "False", "WKT_AREA_SQ_METERS": 845.0, "DOMAINS": [ "davita.com" ], "WEBSITE": null }, "geometry": { "type": "Polygon", "coordinates": [ [ [ -106.477747473999955, 31.769609828000057 ], [ -106.478015315, 31.769428369000025 ], [ -106.478148802999954, 31.769569663000027 ], [ -106.478096113, 31.769605360000071 ], [ -106.478145291999965, 31.76965741600003 ], [ -106.477930139999955, 31.769803179000064 ], [ -106.477747473999955, 31.769609828000057 ] ] ] } },
{ "type": "Feature", "properties": { "PLACEKEY": "226-223@8tf-p3j-jn5", "PARENT_PLACEKEY": "226-222@8tf-p3j-jn5", "LOCATION_NAME": "Alejandra Duarte Larriva", "BRANDS": null, "TOP_CATEGORY": "Offices of Physicians", "SUB_CATEGORY": "Offices of Physicians, Mental Health Specialists", "NAICS_CODE": 621112, "LATITUDE": 31.772984, "LONGITUDE": -106.476847, "STREET_ADDRESS": "1600 Montana Ave", "CITY": "El Paso", "REGION": "TX", "POSTAL_CODE": 79902, "OPEN_HOURS": null, "CATEGORY_TAGS": null, "OPENED_ON": null, "CLOSED_ON": null, "TRACKING_CLOSED_SINCE": null, "GEOMETRY_TYPE": "POLYGON", "POLYGON_CLASS": "SHARED_POLYGON", "ENCLOSED": "False", "PHONE_NUMBER": 19154974081.0, "IS_SYNTHETIC": "False", "INCLUDES_PARKING_LOT": "False", "WKT_AREA_SQ_METERS": 1317.0, "DOMAINS": [ ], "WEBSITE": null }, "geometry": { "type": "Polygon", "coordinates": [ [ [ -106.476783027999943, 31.773188924000067 ], [ -106.476647432999982, 31.77303102500008 ], [ -106.47672474999996, 31.772983417000034 ], [ -106.476708213999984, 31.772964161000061 ], [ -106.47673550199994, 31.772947358000067 ], [ -106.47674872999994, 31.772962763000066 ], [ -106.477098927999975, 31.77274712600007 ], [ -106.47723121599995, 31.772901174000026 ], [ -106.477099323999937, 31.77298238700007 ], [ -106.477148930999988, 31.773040156000036 ], [ -106.47696246299995, 31.773154975000068 ], [ -106.476919468999938, 31.773104910000029 ], [ -106.476783027999943, 31.773188924000067 ] ] ] } },
{ "type": "Feature", "properties": { "PLACEKEY": "225-222@8tf-p3j-jd9", "PARENT_PLACEKEY": null, "LOCATION_NAME": "Daw Pest Control & Lawn Service", "BRANDS": null, "TOP_CATEGORY": "Services to Buildings and Dwellings", "SUB_CATEGORY": "Exterminating and Pest Control Services", "NAICS_CODE": 561710, "LATITUDE": 31.770839, "LONGITUDE": -106.476219, "STREET_ADDRESS": "1525 E Missouri Ave", "CITY": "El Paso", "REGION": "TX", "POSTAL_CODE": 79902, "OPEN_HOURS": null, "CATEGORY_TAGS": null, "OPENED_ON": null, "CLOSED_ON": null, "TRACKING_CLOSED_SINCE": null, "GEOMETRY_TYPE": "POLYGON", "POLYGON_CLASS": "OWNED_POLYGON", "ENCLOSED": "False", "PHONE_NUMBER": 19155347378.0, "IS_SYNTHETIC": "False", "INCLUDES_PARKING_LOT": "False", "WKT_AREA_SQ_METERS": 242.0, "DOMAINS": [ "dawpestcontrol.com" ], "WEBSITE": "http://www.dawpestcontrol.com/" }, "geometry": { "type": "Polygon", "coordinates": [ [ [ -106.476136529999962, 31.770880064000039 ], [ -106.476165218999938, 31.77086205300003 ], [ -106.476125033999949, 31.77081615000003 ], [ -106.476219896999964, 31.770756598000048 ], [ -106.476334566, 31.770887583000047 ], [ -106.476210899999955, 31.770965100000069 ], [ -106.476136529999962, 31.770880064000039 ] ] ] } },
{ "type": "Feature", "properties": { "PLACEKEY": "22h-225@8tf-p3j-5zz", "PARENT_PLACEKEY": null, "LOCATION_NAME": "Phillips Hector Atty", "BRANDS": null, "TOP_CATEGORY": "Legal Services", "SUB_CATEGORY": "Offices of Lawyers", "NAICS_CODE": 541110, "LATITUDE": 31.769063, "LONGITUDE": -106.484068, "STREET_ADDRESS": "1017 Montana Ave", "CITY": "El Paso", "REGION": "TX", "POSTAL_CODE": 79902, "OPEN_HOURS": null, "CATEGORY_TAGS": "Divorce", "OPENED_ON": null, "CLOSED_ON": null, "TRACKING_CLOSED_SINCE": null, "GEOMETRY_TYPE": "POLYGON", "POLYGON_CLASS": "SHARED_POLYGON", "ENCLOSED": "False", "PHONE_NUMBER": 19158388000.0, "IS_SYNTHETIC": "False", "INCLUDES_PARKING_LOT": "False", "WKT_AREA_SQ_METERS": 342.0, "DOMAINS": [ "hectorphillips.com" ], "WEBSITE": "https://www.hectorphillips.com/" }, "geometry": { "type": "Polygon", "coordinates": [ [ [ -106.484197844999983, 31.769061904000068 ], [ -106.48429509999994, 31.769171700000072 ], [ -106.484241464999968, 31.769206376000056 ], [ -106.484187906999978, 31.769145206000076 ], [ -106.484102084999961, 31.769199092000065 ], [ -106.483971469999972, 31.769049915000039 ], [ -106.484079876999942, 31.768981848000067 ], [ -106.484166952999942, 31.769081300000039 ], [ -106.484197844999983, 31.769061904000068 ] ] ] } },
{ "type": "Feature", "properties": { "PLACEKEY": "22q-223@8tf-p3j-hh5", "PARENT_PLACEKEY": null, "LOCATION_NAME": "Lipson Myer J Atty", "BRANDS": null, "TOP_CATEGORY": "Legal Services", "SUB_CATEGORY": "Offices of Lawyers", "NAICS_CODE": 541110, "LATITUDE": 31.771822, "LONGITUDE": -106.478856, "STREET_ADDRESS": "1444 Montana Ave Ste 200", "CITY": "El Paso", "REGION": "TX", "POSTAL_CODE": 79902, "OPEN_HOURS": null, "CATEGORY_TAGS": null, "OPENED_ON": null, "CLOSED_ON": null, "TRACKING_CLOSED_SINCE": null, "GEOMETRY_TYPE": "POLYGON", "POLYGON_CLASS": "SHARED_POLYGON", "ENCLOSED": "False", "PHONE_NUMBER": 19155442600.0, "IS_SYNTHETIC": "False", "INCLUDES_PARKING_LOT": "False", "WKT_AREA_SQ_METERS": 827.0, "DOMAINS": [ ], "WEBSITE": null }, "geometry": { "type": "Polygon", "coordinates": [ [ [ -106.478633072999969, 31.771778685000072 ], [ -106.478852898999946, 31.771638006000046 ], [ -106.479056322999952, 31.77186594300008 ], [ -106.478836495999985, 31.77200662100006 ], [ -106.478633072999969, 31.771778685000072 ] ] ] } },
{ "type": "Feature", "properties": { "PLACEKEY": "22h-223@8tf-p3j-hh5", "PARENT_PLACEKEY": null, "LOCATION_NAME": "Law Offices of Robert J Truhill", "BRANDS": null, "TOP_CATEGORY": "Legal Services", "SUB_CATEGORY": "Offices of Lawyers", "NAICS_CODE": 541110, "LATITUDE": 31.771834, "LONGITUDE": -106.478876, "STREET_ADDRESS": "1444 Montana Ave", "CITY": "El Paso", "REGION": "TX", "POSTAL_CODE": 79902, "OPEN_HOURS": null, "CATEGORY_TAGS": null, "OPENED_ON": null, "CLOSED_ON": null, "TRACKING_CLOSED_SINCE": null, "GEOMETRY_TYPE": "POLYGON", "POLYGON_CLASS": "SHARED_POLYGON", "ENCLOSED": "False", "PHONE_NUMBER": 19155442604.0, "IS_SYNTHETIC": "False", "INCLUDES_PARKING_LOT": "False", "WKT_AREA_SQ_METERS": 827.0, "DOMAINS": [ "traffictickettruhill915.com" ], "WEBSITE": "https://www.traffictickettruhill915.com/" }, "geometry": { "type": "Polygon", "coordinates": [ [ [ -106.478633072999969, 31.771778685000072 ], [ -106.478852898999946, 31.771638006000046 ], [ -106.479056322999952, 31.77186594300008 ], [ -106.478836495999985, 31.77200662100006 ], [ -106.478633072999969, 31.771778685000072 ] ] ] } },
{ "type": "Feature", "properties": { "PLACEKEY": "22m-222@8tf-p3j-ht9", "PARENT_PLACEKEY": null, "LOCATION_NAME": "The Law Office of Perry Pinon", "BRANDS": null, "TOP_CATEGORY": "Legal Services", "SUB_CATEGORY": "Offices of Lawyers", "NAICS_CODE": 541110, "LATITUDE": 31.770872, "LONGITUDE": -106.480463, "STREET_ADDRESS": "1312 Montana Ave", "CITY": "El Paso", "REGION": "TX", "POSTAL_CODE": 79902, "OPEN_HOURS": { "Mon": [ [ "8:00", "17:00" ] ], "Tue": [ [ "8:00", "17:00" ] ], "Wed": [ [ "8:00", "17:00" ] ], "Thu": [ [ "8:00", "17:00" ] ], "Fri": [ [ "8:00", "17:00" ] ], "Sat": [ ], "Sun": [ ] }, "CATEGORY_TAGS": "Employment Law,Personal Injury Law", "OPENED_ON": null, "CLOSED_ON": null, "TRACKING_CLOSED_SINCE": null, "GEOMETRY_TYPE": "POLYGON", "POLYGON_CLASS": "SHARED_POLYGON", "ENCLOSED": "False", "PHONE_NUMBER": 19155469190.0, "IS_SYNTHETIC": "False", "INCLUDES_PARKING_LOT": "False", "WKT_AREA_SQ_METERS": 197.0, "DOMAINS": [ "pinonlawoffice.com" ], "WEBSITE": null }, "geometry": { "type": "Polygon", "coordinates": [ [ [ -106.480302941, 31.77075476300007 ], [ -106.480382363999979, 31.770701627000051 ], [ -106.480518315999973, 31.770847346000039 ], [ -106.480438894999963, 31.770900482000059 ], [ -106.480302941, 31.77075476300007 ] ] ] } },
{ "type": "Feature", "properties": { "PLACEKEY": "22b-226@8tf-p3j-m6k", "PARENT_PLACEKEY": null, "LOCATION_NAME": "Cathedral High School Alumni Association LQVQ", "BRANDS": null, "TOP_CATEGORY": "Elementary and Secondary Schools", "SUB_CATEGORY": "Elementary and Secondary Schools", "NAICS_CODE": 611110, "LATITUDE": 31.769344, "LONGITUDE": -106.480978, "STREET_ADDRESS": "1218 E Yandell Dr", "CITY": "El Paso", "REGION": "TX", "POSTAL_CODE": 79902, "OPEN_HOURS": null, "CATEGORY_TAGS": null, "OPENED_ON": null, "CLOSED_ON": null, "TRACKING_CLOSED_SINCE": null, "GEOMETRY_TYPE": "POLYGON", "POLYGON_CLASS": "OWNED_POLYGON", "ENCLOSED": "False", "PHONE_NUMBER": null, "IS_SYNTHETIC": "False", "INCLUDES_PARKING_LOT": "False", "WKT_AREA_SQ_METERS": 235.0, "DOMAINS": [ "cathedralhighalumnielp.com" ], "WEBSITE": "http://www.cathedralhighalumnielp.com/" }, "geometry": { "type": "Polygon", "coordinates": [ [ [ -106.48096499199994, 31.769242124000073 ], [ -106.480968705999942, 31.769239967000033 ], [ -106.481089561999966, 31.769389192000062 ], [ -106.48098754199998, 31.769448444000034 ], [ -106.480866685999956, 31.769299219000061 ], [ -106.48096499199994, 31.769242124000073 ] ] ] } },
{ "type": "Feature", "properties": { "PLACEKEY": "zzy-225@8tf-p3j-k2k", "PARENT_PLACEKEY": "226-225@8tf-p3j-k2k", "LOCATION_NAME": "Her Care Connection", "BRANDS": null, "TOP_CATEGORY": "Offices of Other Health Practitioners", "SUB_CATEGORY": "Offices of Mental Health Practitioners (except Physicians)", "NAICS_CODE": 621330, "LATITUDE": 31.772169, "LONGITUDE": -106.479429, "STREET_ADDRESS": "1411 Montana Ave Ste 103", "CITY": "El Paso", "REGION": "TX", "POSTAL_CODE": 79902, "OPEN_HOURS": { "Mon": [ [ "8:00", "17:00" ] ], "Tue": [ [ "8:00", "17:00" ] ], "Wed": [ [ "8:00", "17:00" ] ], "Thu": [ [ "8:00", "17:00" ] ], "Fri": [ [ "8:00", "17:00" ] ], "Sat": [ ], "Sun": [ ] }, "CATEGORY_TAGS": null, "OPENED_ON": null, "CLOSED_ON": null, "TRACKING_CLOSED_SINCE": null, "GEOMETRY_TYPE": "POLYGON", "POLYGON_CLASS": "SHARED_POLYGON", "ENCLOSED": "True", "PHONE_NUMBER": 15758002273.0, "IS_SYNTHETIC": "False", "INCLUDES_PARKING_LOT": "False", "WKT_AREA_SQ_METERS": 1417.0, "DOMAINS": [ "hercareconnection.org" ], "WEBSITE": null }, "geometry": { "type": "Polygon", "coordinates": [ [ [ -106.479262545999973, 31.772494087000041 ], [ -106.479333484999984, 31.772453698000049 ], [ -106.479317795999975, 31.772433939000052 ], [ -106.479243131999965, 31.772476450000056 ], [ -106.479098799999974, 31.772294677000048 ], [ -106.479341461, 31.772156517000042 ], [ -106.479354010999941, 31.772172323000063 ], [ -106.479428675999941, 31.77212981200006 ], [ -106.479409850999957, 31.772106102000066 ], [ -106.479479847999983, 31.772066248000044 ], [ -106.479652419, 31.772283586000071 ], [ -106.479563753999969, 31.772334068000077 ], [ -106.47954806599995, 31.77231431000007 ], [ -106.479534065999985, 31.772322281000072 ], [ -106.47955916799998, 31.772353893000059 ], [ -106.479465836999964, 31.772407032000046 ], [ -106.479384257999982, 31.772304291000069 ], [ -106.479304925999941, 31.772349459000054 ], [ -106.479386504999979, 31.772452200000032 ], [ -106.479461169999979, 31.772409689000028 ], [ -106.479545887999961, 31.772516383000038 ], [ -106.479370651999943, 31.772616153000058 ], [ -106.479262545999973, 31.772494087000041 ] ] ] } },
{ "type": "Feature", "properties": { "PLACEKEY": "228-224@8tf-p3j-jy9", "PARENT_PLACEKEY": null, "LOCATION_NAME": "Spector and Spector", "BRANDS": null, "TOP_CATEGORY": "Legal Services", "SUB_CATEGORY": "Offices of Lawyers", "NAICS_CODE": 541110, "LATITUDE": 31.771162, "LONGITUDE": -106.47829, "STREET_ADDRESS": "1430 E Yandell Dr", "CITY": "El Paso", "REGION": "TX", "POSTAL_CODE": 79902, "OPEN_HOURS": null, "CATEGORY_TAGS": null, "OPENED_ON": null, "CLOSED_ON": null, "TRACKING_CLOSED_SINCE": null, "GEOMETRY_TYPE": "POLYGON", "POLYGON_CLASS": "SHARED_POLYGON", "ENCLOSED": "False", "PHONE_NUMBER": 19155440441.0, "IS_SYNTHETIC": "False", "INCLUDES_PARKING_LOT": "False", "WKT_AREA_SQ_METERS": 202.0, "DOMAINS": [ "que.es" ], "WEBSITE": null }, "geometry": { "type": "Polygon", "coordinates": [ [ [ -106.478157949999968, 31.771199821000039 ], [ -106.478373287999943, 31.771062015000041 ], [ -106.478420752999966, 31.771115200000054 ], [ -106.478384863999963, 31.77113816800005 ], [ -106.478367911999953, 31.771119173000045 ], [ -106.478345480999963, 31.771133528000064 ], [ -106.478369212999951, 31.771160121000037 ], [ -106.478212194999969, 31.771260604000076 ], [ -106.478157949999968, 31.771199821000039 ] ] ] } },
{ "type": "Feature", "properties": { "PLACEKEY": "zzy-224@8tf-p3j-5zz", "PARENT_PLACEKEY": null, "LOCATION_NAME": "Sun Metro Montana Octavia", "BRANDS": null, "TOP_CATEGORY": "Urban Transit Systems", "SUB_CATEGORY": "Bus and Other Motor Vehicle Transit Systems", "NAICS_CODE": 485113, "LATITUDE": 31.769103, "LONGITUDE": -106.483437, "STREET_ADDRESS": "Sun Metro Montana Octavia", "CITY": "El Paso", "REGION": "TX", "POSTAL_CODE": 79902, "OPEN_HOURS": null, "CATEGORY_TAGS": "Bus Station,Buses", "OPENED_ON": null, "CLOSED_ON": null, "TRACKING_CLOSED_SINCE": null, "GEOMETRY_TYPE": "POINT", "POLYGON_CLASS": null, "ENCLOSED": null, "PHONE_NUMBER": null, "IS_SYNTHETIC": null, "INCLUDES_PARKING_LOT": null, "WKT_AREA_SQ_METERS": null, "DOMAINS": [ ], "WEBSITE": null }, "geometry": { "type": "Polygon", "coordinates": [ [ [ -106.483407, 31.769103 ], [ -106.483407144458198, 31.76910005948579 ], [ -106.483407576441579, 31.769097147290342 ], [ -106.483408291789928, 31.769094291459684 ], [ -106.483409283614023, 31.769091519497032 ], [ -106.483410542362066, 31.769088858097895 ], [ -106.483412055911629, 31.769086332893011 ], [ -106.483413809686397, 31.769083968201475 ], [ -106.483415786796556, 31.769081786796566 ], [ -106.483417968201465, 31.769079809686399 ], [ -106.483420332893004, 31.769078055911631 ], [ -106.483422858097896, 31.769076542362072 ], [ -106.483425519497018, 31.769075283614026 ], [ -106.483428291459674, 31.769074291789931 ], [ -106.483431147290332, 31.769073576441588 ], [ -106.483434059485788, 31.769073144458201 ], [ -106.483437, 31.769073 ], [ -106.483439940514202, 31.769073144458201 ], [ -106.483442852709658, 31.769073576441588 ], [ -106.483445708540316, 31.769074291789931 ], [ -106.483448480502972, 31.769075283614026 ], [ -106.483451141902094, 31.769076542362072 ], [ -106.483453667106986, 31.769078055911631 ], [ -106.483456031798525, 31.769079809686399 ], [ -106.483458213203434, 31.769081786796566 ], [ -106.483460190313593, 31.769083968201475 ], [ -106.483461944088361, 31.769086332893011 ], [ -106.483463457637924, 31.769088858097895 ], [ -106.483464716385967, 31.769091519497032 ], [ -106.483465708210062, 31.769094291459684 ], [ -106.483466423558411, 31.769097147290342 ], [ -106.483466855541792, 31.76910005948579 ], [ -106.483467, 31.769103 ], [ -106.483466855541792, 31.769105940514212 ], [ -106.483466423558411, 31.76910885270966 ], [ -106.483465708210062, 31.769111708540319 ], [ -106.483464716385967, 31.769114480502971 ], [ -106.483463457637924, 31.769117141902107 ], [ -106.483461944088361, 31.769119667106992 ], [ -106.483460190313593, 31.769122031798528 ], [ -106.483458213203434, 31.769124213203437 ], [ -106.483456031798525, 31.769126190313603 ], [ -106.483453667106986, 31.769127944088371 ], [ -106.483451141902094, 31.769129457637931 ], [ -106.483448480502972, 31.769130716385977 ], [ -106.483445708540316, 31.769131708210072 ], [ -106.483442852709658, 31.769132423558414 ], [ -106.483439940514202, 31.769132855541802 ], [ -106.483437, 31.769133 ], [ -106.483434059485788, 31.769132855541802 ], [ -106.483431147290332, 31.769132423558414 ], [ -106.483428291459674, 31.769131708210072 ], [ -106.483425519497018, 31.769130716385977 ], [ -106.483422858097896, 31.769129457637931 ], [ -106.483420332893004, 31.769127944088371 ], [ -106.483417968201465, 31.769126190313603 ], [ -106.483415786796556, 31.769124213203437 ], [ -106.483413809686397, 31.769122031798528 ], [ -106.483412055911629, 31.769119667106992 ], [ -106.483410542362066, 31.769117141902107 ], [ -106.483409283614023, 31.769114480502971 ], [ -106.483408291789928, 31.769111708540319 ], [ -106.483407576441579, 31.76910885270966 ], [ -106.483407144458198, 31.769105940514212 ], [ -106.483407, 31.769103 ] ] ] } },
{ "type": "Feature", "properties": { "PLACEKEY": "226-23c@8tf-p3j-jn5", "PARENT_PLACEKEY": "226-222@8tf-p3j-jn5", "LOCATION_NAME": "Denise Meneses Lpc", "BRANDS": null, "TOP_CATEGORY": "Offices of Physicians", "SUB_CATEGORY": "Offices of Physicians, Mental Health Specialists", "NAICS_CODE": 621112, "LATITUDE": 31.772998, "LONGITUDE": -106.476841, "STREET_ADDRESS": "1600 Montana Ave", "CITY": "El Paso", "REGION": "TX", "POSTAL_CODE": 79902, "OPEN_HOURS": null, "CATEGORY_TAGS": null, "OPENED_ON": null, "CLOSED_ON": null, "TRACKING_CLOSED_SINCE": null, "GEOMETRY_TYPE": "POLYGON", "POLYGON_CLASS": "SHARED_POLYGON", "ENCLOSED": "False", "PHONE_NUMBER": 19158873410.0, "IS_SYNTHETIC": "False", "INCLUDES_PARKING_LOT": "False", "WKT_AREA_SQ_METERS": 1317.0, "DOMAINS": [ ], "WEBSITE": null }, "geometry": { "type": "Polygon", "coordinates": [ [ [ -106.476783027999943, 31.773188924000067 ], [ -106.476647432999982, 31.77303102500008 ], [ -106.47672474999996, 31.772983417000034 ], [ -106.476708213999984, 31.772964161000061 ], [ -106.47673550199994, 31.772947358000067 ], [ -106.47674872999994, 31.772962763000066 ], [ -106.477098927999975, 31.77274712600007 ], [ -106.47723121599995, 31.772901174000026 ], [ -106.477099323999937, 31.77298238700007 ], [ -106.477148930999988, 31.773040156000036 ], [ -106.47696246299995, 31.773154975000068 ], [ -106.476919468999938, 31.773104910000029 ], [ -106.476783027999943, 31.773188924000067 ] ] ] } },
{ "type": "Feature", "properties": { "PLACEKEY": "22f-222@8tf-p3j-jn5", "PARENT_PLACEKEY": null, "LOCATION_NAME": "Yandell Barber Shop", "BRANDS": null, "TOP_CATEGORY": "Personal Care Services", "SUB_CATEGORY": "Barber Shops", "NAICS_CODE": 812111, "LATITUDE": 31.77227, "LONGITUDE": -106.47729, "STREET_ADDRESS": "1527 E Yandell Dr", "CITY": "El Paso", "REGION": "TX", "POSTAL_CODE": 79902, "OPEN_HOURS": null, "CATEGORY_TAGS": "Barber", "OPENED_ON": null, "CLOSED_ON": null, "TRACKING_CLOSED_SINCE": null, "GEOMETRY_TYPE": "POLYGON", "POLYGON_CLASS": "OWNED_POLYGON", "ENCLOSED": "False", "PHONE_NUMBER": 19155449699.0, "IS_SYNTHETIC": "False", "INCLUDES_PARKING_LOT": "False", "WKT_AREA_SQ_METERS": 86.0, "DOMAINS": [ ], "WEBSITE": null }, "geometry": { "type": "Polygon", "coordinates": [ [ [ -106.477325767041336, 31.772344084221103 ], [ -106.477212443710457, 31.772222659667563 ], [ -106.477256700159202, 31.77219586643476 ], [ -106.477367341281067, 31.772316720955345 ], [ -106.477325767041336, 31.772344084221103 ] ] ] } },
{ "type": "Feature", "properties": { "PLACEKEY": "226-226@8tf-p3j-k2k", "PARENT_PLACEKEY": "226-225@8tf-p3j-k2k", "LOCATION_NAME": "Southwest Coalition for Life", "BRANDS": null, "TOP_CATEGORY": "Civic and Social Organizations", "SUB_CATEGORY": null, "NAICS_CODE": 8134, "LATITUDE": 31.772191, "LONGITUDE": -106.479462, "STREET_ADDRESS": "1411 Montana El Paso", "CITY": "El Paso", "REGION": "TX", "POSTAL_CODE": 79902, "OPEN_HOURS": { "Mon": [ [ "9:00", "16:00" ] ], "Tue": [ [ "9:00", "16:00" ] ], "Wed": [ [ "9:00", "16:00" ] ], "Thu": [ [ "9:00", "16:00" ] ], "Fri": [ [ "9:00", "16:00" ] ], "Sat": [ ], "Sun": [ ] }, "CATEGORY_TAGS": null, "OPENED_ON": null, "CLOSED_ON": null, "TRACKING_CLOSED_SINCE": null, "GEOMETRY_TYPE": "POLYGON", "POLYGON_CLASS": "SHARED_POLYGON", "ENCLOSED": "True", "PHONE_NUMBER": null, "IS_SYNTHETIC": "False", "INCLUDES_PARKING_LOT": "False", "WKT_AREA_SQ_METERS": 1417.0, "DOMAINS": [ "southwest.life" ], "WEBSITE": "https://www.swc.inc/" }, "geometry": { "type": "Polygon", "coordinates": [ [ [ -106.479262545999973, 31.772494087000041 ], [ -106.479333484999984, 31.772453698000049 ], [ -106.479317795999975, 31.772433939000052 ], [ -106.479243131999965, 31.772476450000056 ], [ -106.479098799999974, 31.772294677000048 ], [ -106.479341461, 31.772156517000042 ], [ -106.479354010999941, 31.772172323000063 ], [ -106.479428675999941, 31.77212981200006 ], [ -106.479409850999957, 31.772106102000066 ], [ -106.479479847999983, 31.772066248000044 ], [ -106.479652419, 31.772283586000071 ], [ -106.479563753999969, 31.772334068000077 ], [ -106.47954806599995, 31.77231431000007 ], [ -106.479534065999985, 31.772322281000072 ], [ -106.47955916799998, 31.772353893000059 ], [ -106.479465836999964, 31.772407032000046 ], [ -106.479384257999982, 31.772304291000069 ], [ -106.479304925999941, 31.772349459000054 ], [ -106.479386504999979, 31.772452200000032 ], [ -106.479461169999979, 31.772409689000028 ], [ -106.479545887999961, 31.772516383000038 ], [ -106.479370651999943, 31.772616153000058 ], [ -106.479262545999973, 31.772494087000041 ] ] ] } },
{ "type": "Feature", "properties": { "PLACEKEY": "225-225@8tf-p3j-5zz", "PARENT_PLACEKEY": null, "LOCATION_NAME": "Diamond Hormone Replacement Therapy", "BRANDS": null, "TOP_CATEGORY": "Personal Care Services", "SUB_CATEGORY": "Diet and Weight Reducing Centers", "NAICS_CODE": 812191, "LATITUDE": 31.768903, "LONGITUDE": -106.48436, "STREET_ADDRESS": "1013 Montana Ave", "CITY": "El Paso", "REGION": "TX", "POSTAL_CODE": 79902, "OPEN_HOURS": { "Mon": [ [ "8:30", "15:00" ] ], "Tue": [ [ "8:30", "15:00" ] ], "Wed": [ [ "8:30", "15:00" ] ], "Thu": [ [ "8:30", "15:00" ] ], "Fri": [ [ "8:30", "15:00" ] ], "Sat": [ ], "Sun": [ ] }, "CATEGORY_TAGS": "Nutritionists,Weight Loss", "OPENED_ON": null, "CLOSED_ON": null, "TRACKING_CLOSED_SINCE": null, "GEOMETRY_TYPE": "POLYGON", "POLYGON_CLASS": "OWNED_POLYGON", "ENCLOSED": "False", "PHONE_NUMBER": 19153038191.0, "IS_SYNTHETIC": "False", "INCLUDES_PARKING_LOT": "False", "WKT_AREA_SQ_METERS": 208.0, "DOMAINS": [ "diamondhrt.com" ], "WEBSITE": null }, "geometry": { "type": "Polygon", "coordinates": [ [ [ -106.484266010999988, 31.768870561000028 ], [ -106.484352027999989, 31.768816898000068 ], [ -106.484482100999969, 31.768966414000033 ], [ -106.484396084999958, 31.76902007700005 ], [ -106.484266010999988, 31.768870561000028 ] ] ] } },
{ "type": "Feature", "properties": { "PLACEKEY": "22c-22k@8tf-p3j-hkf", "PARENT_PLACEKEY": null, "LOCATION_NAME": "ServiceMaster", "BRANDS": "ServiceMaster", "TOP_CATEGORY": "Services to Buildings and Dwellings", "SUB_CATEGORY": "Janitorial Services", "NAICS_CODE": 561720, "LATITUDE": 31.771913, "LONGITUDE": -106.480103, "STREET_ADDRESS": "1401 Montana Ave", "CITY": "El Paso", "REGION": "TX", "POSTAL_CODE": 79902, "OPEN_HOURS": { "Mon": [ [ "8:00", "17:00" ] ], "Tue": [ [ "8:00", "17:00" ] ], "Wed": [ [ "8:00", "17:00" ] ], "Thu": [ [ "8:00", "17:00" ] ], "Fri": [ [ "8:00", "17:00" ] ], "Sat": [ ], "Sun": [ ] }, "CATEGORY_TAGS": "Carpet Cleaning,Flooring,Junk Removal,Window Washing", "OPENED_ON": null, "CLOSED_ON": null, "TRACKING_CLOSED_SINCE": null, "GEOMETRY_TYPE": "POLYGON", "POLYGON_CLASS": "SHARED_POLYGON", "ENCLOSED": "False", "PHONE_NUMBER": 19157012180.0, "IS_SYNTHETIC": "False", "INCLUDES_PARKING_LOT": "False", "WKT_AREA_SQ_METERS": 1241.0, "DOMAINS": [ "servicemasterclean.com" ], "WEBSITE": "https://www.servicemasterclean.com/servicemaster-commercial-cleaning-by-legacy/" }, "geometry": { "type": "Polygon", "coordinates": [ [ [ -106.479830697999944, 31.771844360000046 ], [ -106.48000972899996, 31.771729053000058 ], [ -106.480019941999956, 31.77174042300004 ], [ -106.480100505999985, 31.771688535000067 ], [ -106.480352416999949, 31.771969001000059 ], [ -106.480092820999971, 31.772136196000076 ], [ -106.479830697999944, 31.771844360000046 ] ] ] } },
{ "type": "Feature", "properties": { "PLACEKEY": "22p-224@8tf-p3j-5zz", "PARENT_PLACEKEY": null, "LOCATION_NAME": "Aurora Madrid Lcdc Adc", "BRANDS": null, "TOP_CATEGORY": "Offices of Physicians", "SUB_CATEGORY": "Offices of Physicians, Mental Health Specialists", "NAICS_CODE": 621112, "LATITUDE": 31.768578, "LONGITUDE": -106.484892, "STREET_ADDRESS": "1001 Montana Ave", "CITY": "El Paso", "REGION": "TX", "POSTAL_CODE": 79902, "OPEN_HOURS": null, "CATEGORY_TAGS": null, "OPENED_ON": null, "CLOSED_ON": null, "TRACKING_CLOSED_SINCE": null, "GEOMETRY_TYPE": "POLYGON", "POLYGON_CLASS": "SHARED_POLYGON", "ENCLOSED": "False", "PHONE_NUMBER": 19155347227.0, "IS_SYNTHETIC": "False", "INCLUDES_PARKING_LOT": "False", "WKT_AREA_SQ_METERS": 175.0, "DOMAINS": [ ], "WEBSITE": null }, "geometry": { "type": "Polygon", "coordinates": [ [ [ -106.484777437999981, 31.768552525000075 ], [ -106.484883581999952, 31.768481950000023 ], [ -106.48497386799994, 31.768579327000054 ], [ -106.484867722999979, 31.768649903000039 ], [ -106.484777437999981, 31.768552525000075 ] ] ] } },
{ "type": "Feature", "properties": { "PLACEKEY": "229-228@8tf-p3j-hnq", "PARENT_PLACEKEY": null, "LOCATION_NAME": "The Law Office of Orlando J Torres", "BRANDS": null, "TOP_CATEGORY": "Legal Services", "SUB_CATEGORY": "Offices of Lawyers", "NAICS_CODE": 541110, "LATITUDE": 31.77014, "LONGITUDE": -106.481447, "STREET_ADDRESS": "1216 Montana Ave", "CITY": "El Paso", "REGION": "TX", "POSTAL_CODE": 79902, "OPEN_HOURS": { "Mon": [ [ "9:00", "17:00" ] ], "Tue": [ [ "9:00", "17:00" ] ], "Wed": [ [ "9:00", "17:00" ] ], "Thu": [ [ "9:00", "17:00" ] ], "Fri": [ [ "9:00", "17:00" ] ], "Sat": [ ], "Sun": [ ] }, "CATEGORY_TAGS": "Criminal Defense,Divorce,Personal Injury Law", "OPENED_ON": null, "CLOSED_ON": null, "TRACKING_CLOSED_SINCE": null, "GEOMETRY_TYPE": "POLYGON", "POLYGON_CLASS": "SHARED_POLYGON", "ENCLOSED": "False", "PHONE_NUMBER": 19155430900.0, "IS_SYNTHETIC": "False", "INCLUDES_PARKING_LOT": "False", "WKT_AREA_SQ_METERS": 106.0, "DOMAINS": [ "otorreslaw.com" ], "WEBSITE": "https://otorreslaw.com" }, "geometry": { "type": "Polygon", "coordinates": [ [ [ -106.481517514882668, 31.770103485117335 ], [ -106.48144378901425, 31.77017721098575 ], [ -106.481369442999949, 31.770102365000071 ], [ -106.481455506999964, 31.77004106000004 ], [ -106.481517514882668, 31.770103485117335 ] ] ] } },
{ "type": "Feature", "properties": { "PLACEKEY": "223-226@8tf-p3j-gx5", "PARENT_PLACEKEY": null, "LOCATION_NAME": "Rodriguez Law Firm", "BRANDS": null, "TOP_CATEGORY": "Legal Services", "SUB_CATEGORY": "Offices of Lawyers", "NAICS_CODE": 541110, "LATITUDE": 31.770536, "LONGITUDE": -106.476481, "STREET_ADDRESS": "1515 E Missouri Ave", "CITY": "El Paso", "REGION": "TX", "POSTAL_CODE": 79902, "OPEN_HOURS": { "Mon": [ [ "9:00", "19:30" ] ], "Tue": [ [ "9:00", "19:30" ] ], "Wed": [ [ "9:00", "19:30" ] ], "Thu": [ [ "9:00", "19:30" ] ], "Fri": [ [ "9:00", "19:30" ] ], "Sat": [ [ "9:00", "19:30" ] ], "Sun": [ ] }, "CATEGORY_TAGS": "Immigration Law", "OPENED_ON": null, "CLOSED_ON": null, "TRACKING_CLOSED_SINCE": null, "GEOMETRY_TYPE": "POLYGON", "POLYGON_CLASS": "SHARED_POLYGON", "ENCLOSED": "False", "PHONE_NUMBER": 19155418920.0, "IS_SYNTHETIC": "False", "INCLUDES_PARKING_LOT": "False", "WKT_AREA_SQ_METERS": 309.0, "DOMAINS": [ "abogadorodriguez.com" ], "WEBSITE": "https://abogadorodriguez.com" }, "geometry": { "type": "Polygon", "coordinates": [ [ [ -106.476611559999981, 31.770714013000031 ], [ -106.47656883999997, 31.770664901000032 ], [ -106.476514508999969, 31.770698789000051 ], [ -106.476377777999971, 31.770541597000033 ], [ -106.476486894999937, 31.770473534000075 ], [ -106.476607314999967, 31.770611331000055 ], [ -106.476597439999978, 31.770617490000063 ], [ -106.476656762999937, 31.770685689000061 ], [ -106.476611559999981, 31.770714013000031 ] ], [ [ -106.476578623999956, 31.770587828000032 ], [ -106.476548609999952, 31.770553323000058 ], [ -106.476544081999975, 31.770556147000036 ], [ -106.476574095999979, 31.770590653000056 ], [ -106.476578623999956, 31.770587828000032 ] ] ] } },
{ "type": "Feature", "properties": { "PLACEKEY": "226-222@8tf-p3j-89z", "PARENT_PLACEKEY": null, "LOCATION_NAME": "Legacy Mortuary Service of El Paso", "BRANDS": null, "TOP_CATEGORY": "Death Care Services", "SUB_CATEGORY": "Funeral Homes and Funeral Services", "NAICS_CODE": 812210, "LATITUDE": 31.766783, "LONGITUDE": -106.483313, "STREET_ADDRESS": "1000 Wyoming Ave", "CITY": "El Paso", "REGION": "TX", "POSTAL_CODE": 79902, "OPEN_HOURS": { "Mon": [ [ "0:00", "24:00" ] ], "Tue": [ [ "0:00", "24:00" ] ], "Wed": [ [ "0:00", "24:00" ] ], "Thu": [ [ "0:00", "24:00" ] ], "Fri": [ [ "0:00", "24:00" ] ], "Sat": [ [ "0:00", "24:00" ] ], "Sun": [ [ "0:00", "24:00" ] ] }, "CATEGORY_TAGS": null, "OPENED_ON": null, "CLOSED_ON": null, "TRACKING_CLOSED_SINCE": null, "GEOMETRY_TYPE": "POLYGON", "POLYGON_CLASS": "OWNED_POLYGON", "ENCLOSED": "False", "PHONE_NUMBER": 19158381200.0, "IS_SYNTHETIC": "False", "INCLUDES_PARKING_LOT": "False", "WKT_AREA_SQ_METERS": 231.0, "DOMAINS": [ "legacymortuaryservices.com" ], "WEBSITE": "http://www.legacymortuaryservices.com" }, "geometry": { "type": "Polygon", "coordinates": [ [ [ -106.483302593999952, 31.766677035000043 ], [ -106.483313950999957, 31.766671191000057 ], [ -106.483409941, 31.766804987000057 ], [ -106.48330889999994, 31.766869700000029 ], [ -106.48321326699994, 31.76676199700006 ], [ -106.483193813999947, 31.766733005000049 ], [ -106.483302593999952, 31.766677035000043 ] ] ] } },
{ "type": "Feature", "properties": { "PLACEKEY": "226-22b@8tf-p3j-jn5", "PARENT_PLACEKEY": "226-222@8tf-p3j-jn5", "LOCATION_NAME": "Tewiana Norris", "BRANDS": null, "TOP_CATEGORY": "Offices of Other Health Practitioners", "SUB_CATEGORY": "Offices of All Other Miscellaneous Health Practitioners", "NAICS_CODE": 621399, "LATITUDE": 31.773022, "LONGITUDE": -106.476826, "STREET_ADDRESS": "1600 Montana Ave", "CITY": "El Paso", "REGION": "TX", "POSTAL_CODE": 79902, "OPEN_HOURS": null, "CATEGORY_TAGS": null, "OPENED_ON": null, "CLOSED_ON": null, "TRACKING_CLOSED_SINCE": null, "GEOMETRY_TYPE": "POLYGON", "POLYGON_CLASS": "SHARED_POLYGON", "ENCLOSED": "False", "PHONE_NUMBER": 19158873410.0, "IS_SYNTHETIC": "False", "INCLUDES_PARKING_LOT": "False", "WKT_AREA_SQ_METERS": 1317.0, "DOMAINS": [ ], "WEBSITE": null }, "geometry": { "type": "Polygon", "coordinates": [ [ [ -106.476783027999943, 31.773188924000067 ], [ -106.476647432999982, 31.77303102500008 ], [ -106.47672474999996, 31.772983417000034 ], [ -106.476708213999984, 31.772964161000061 ], [ -106.47673550199994, 31.772947358000067 ], [ -106.47674872999994, 31.772962763000066 ], [ -106.477098927999975, 31.77274712600007 ], [ -106.47723121599995, 31.772901174000026 ], [ -106.477099323999937, 31.77298238700007 ], [ -106.477148930999988, 31.773040156000036 ], [ -106.47696246299995, 31.773154975000068 ], [ -106.476919468999938, 31.773104910000029 ], [ -106.476783027999943, 31.773188924000067 ] ] ] } },
{ "type": "Feature", "properties": { "PLACEKEY": "226-228@8tf-p3j-jn5", "PARENT_PLACEKEY": "226-222@8tf-p3j-jn5", "LOCATION_NAME": "Ana Morales Lpc", "BRANDS": null, "TOP_CATEGORY": "Offices of Physicians", "SUB_CATEGORY": "Offices of Physicians, Mental Health Specialists", "NAICS_CODE": 621112, "LATITUDE": 31.772987, "LONGITUDE": -106.476841, "STREET_ADDRESS": "1600 Montana Ave", "CITY": "El Paso", "REGION": "TX", "POSTAL_CODE": 79902, "OPEN_HOURS": null, "CATEGORY_TAGS": null, "OPENED_ON": null, "CLOSED_ON": null, "TRACKING_CLOSED_SINCE": null, "GEOMETRY_TYPE": "POLYGON", "POLYGON_CLASS": "SHARED_POLYGON", "ENCLOSED": "False", "PHONE_NUMBER": 19158873410.0, "IS_SYNTHETIC": "False", "INCLUDES_PARKING_LOT": "False", "WKT_AREA_SQ_METERS": 1317.0, "DOMAINS": [ ], "WEBSITE": null }, "geometry": { "type": "Polygon", "coordinates": [ [ [ -106.476783027999943, 31.773188924000067 ], [ -106.476647432999982, 31.77303102500008 ], [ -106.47672474999996, 31.772983417000034 ], [ -106.476708213999984, 31.772964161000061 ], [ -106.47673550199994, 31.772947358000067 ], [ -106.47674872999994, 31.772962763000066 ], [ -106.477098927999975, 31.77274712600007 ], [ -106.47723121599995, 31.772901174000026 ], [ -106.477099323999937, 31.77298238700007 ], [ -106.477148930999988, 31.773040156000036 ], [ -106.47696246299995, 31.773154975000068 ], [ -106.476919468999938, 31.773104910000029 ], [ -106.476783027999943, 31.773188924000067 ] ] ] } },
{ "type": "Feature", "properties": { "PLACEKEY": "22h-222@8tf-p3j-ht9", "PARENT_PLACEKEY": null, "LOCATION_NAME": "Southwest General Agency Ins", "BRANDS": null, "TOP_CATEGORY": "Administration of Economic Programs", "SUB_CATEGORY": "Regulation and Administration of Transportation Programs", "NAICS_CODE": 926120, "LATITUDE": 31.770342, "LONGITUDE": -106.479448, "STREET_ADDRESS": "1326 E Yandell Dr", "CITY": "El Paso", "REGION": "TX", "POSTAL_CODE": 79902, "OPEN_HOURS": null, "CATEGORY_TAGS": null, "OPENED_ON": null, "CLOSED_ON": null, "TRACKING_CLOSED_SINCE": null, "GEOMETRY_TYPE": "POLYGON", "POLYGON_CLASS": "SHARED_POLYGON", "ENCLOSED": "False", "PHONE_NUMBER": 19155440927.0, "IS_SYNTHETIC": "False", "INCLUDES_PARKING_LOT": "False", "WKT_AREA_SQ_METERS": 766.0, "DOMAINS": [ ], "WEBSITE": null }, "geometry": { "type": "Polygon", "coordinates": [ [ [ -106.479387272999986, 31.770488282000031 ], [ -106.479193798999972, 31.770260054000062 ], [ -106.479321702, 31.770182301000034 ], [ -106.479393844999947, 31.770267402000059 ], [ -106.479526317999955, 31.770186872000068 ], [ -106.479647648999958, 31.770329997000033 ], [ -106.479387272999986, 31.770488282000031 ] ] ] } },
{ "type": "Feature", "properties": { "PLACEKEY": "224-228@8tf-p3j-ht9", "PARENT_PLACEKEY": null, "LOCATION_NAME": "Mr. Eduardo Pena Lpc", "BRANDS": null, "TOP_CATEGORY": "Offices of Physicians", "SUB_CATEGORY": "Offices of Physicians, Mental Health Specialists", "NAICS_CODE": 621112, "LATITUDE": 31.770856, "LONGITUDE": -106.480466, "STREET_ADDRESS": "1310 Montana Ave", "CITY": "El Paso", "REGION": "TX", "POSTAL_CODE": 79902, "OPEN_HOURS": null, "CATEGORY_TAGS": null, "OPENED_ON": null, "CLOSED_ON": null, "TRACKING_CLOSED_SINCE": null, "GEOMETRY_TYPE": "POLYGON", "POLYGON_CLASS": "SHARED_POLYGON", "ENCLOSED": "False", "PHONE_NUMBER": 19155421582.0, "IS_SYNTHETIC": "False", "INCLUDES_PARKING_LOT": "False", "WKT_AREA_SQ_METERS": 197.0, "DOMAINS": [ ], "WEBSITE": null }, "geometry": { "type": "Polygon", "coordinates": [ [ [ -106.480302941, 31.77075476300007 ], [ -106.480382363999979, 31.770701627000051 ], [ -106.480518315999973, 31.770847346000039 ], [ -106.480438894999963, 31.770900482000059 ], [ -106.480302941, 31.77075476300007 ] ] ] } },
{ "type": "Feature", "properties": { "PLACEKEY": "223-224@8tf-p3j-5xq", "PARENT_PLACEKEY": null, "LOCATION_NAME": "Impulse Development", "BRANDS": null, "TOP_CATEGORY": "Advertising, Public Relations, and Related Services", "SUB_CATEGORY": null, "NAICS_CODE": 5418, "LATITUDE": 31.769712, "LONGITUDE": -106.485716, "STREET_ADDRESS": "1002 Arizona Ave", "CITY": "El Paso", "REGION": "TX", "POSTAL_CODE": 79902, "OPEN_HOURS": null, "CATEGORY_TAGS": null, "OPENED_ON": null, "CLOSED_ON": null, "TRACKING_CLOSED_SINCE": null, "GEOMETRY_TYPE": "POLYGON", "POLYGON_CLASS": "SHARED_POLYGON", "ENCLOSED": "False", "PHONE_NUMBER": 19159969947.0, "IS_SYNTHETIC": "False", "INCLUDES_PARKING_LOT": "False", "WKT_AREA_SQ_METERS": 204.0, "DOMAINS": [ "vivaimpulse.com" ], "WEBSITE": "http://vivaimpulse.com/" }, "geometry": { "type": "Polygon", "coordinates": [ [ [ -106.485747454999967, 31.769828821000033 ], [ -106.485621187, 31.769683685000075 ], [ -106.485698975, 31.769635154000071 ], [ -106.4858243, 31.769777900000065 ], [ -106.485842759999969, 31.769793861000039 ], [ -106.485761269999955, 31.769844701000068 ], [ -106.485747454999967, 31.769828821000033 ] ] ] } },
{ "type": "Feature", "properties": { "PLACEKEY": "222-223@8tf-p3h-fxq", "PARENT_PLACEKEY": null, "LOCATION_NAME": "Risen Tattoo Supplies", "BRANDS": null, "TOP_CATEGORY": "Technical and Trade Schools", "SUB_CATEGORY": null, "NAICS_CODE": 6115, "LATITUDE": 31.773017, "LONGITUDE": -106.483561, "STREET_ADDRESS": "1207 Brown St", "CITY": "El Paso", "REGION": "TX", "POSTAL_CODE": 79902, "OPEN_HOURS": null, "CATEGORY_TAGS": null, "OPENED_ON": null, "CLOSED_ON": null, "TRACKING_CLOSED_SINCE": null, "GEOMETRY_TYPE": "POLYGON", "POLYGON_CLASS": "OWNED_POLYGON", "ENCLOSED": "False", "PHONE_NUMBER": 19155336652.0, "IS_SYNTHETIC": "False", "INCLUDES_PARKING_LOT": "False", "WKT_AREA_SQ_METERS": 130.0, "DOMAINS": [ "risentattoo.com" ], "WEBSITE": null }, "geometry": { "type": "Polygon", "coordinates": [ [ [ -106.483524612999986, 31.773057729000072 ], [ -106.483477887, 31.773004743000058 ], [ -106.48359503599994, 31.772923354000056 ], [ -106.483654199999989, 31.772990800000059 ], [ -106.483534782, 31.773068223000053 ], [ -106.483524612999986, 31.773057729000072 ] ] ] } }
]
}
