{"type": "FeatureCollection", "features": [{"type": "Feature", "geometry": {"type": "Polygon", "coordinates": [[[-106.481430935, 31.77143799600003], [-106.48130367099998, 31.77129264100006], [-106.48133980799997, 31.771269953000058], [-106.481323063, 31.771250828000063], [-106.481345649, 31.77123664800007], [-106.48132220499997, 31.771209871000053], [-106.48143965099996, 31.771136136000052], [-106.481419556, 31.771113185000047], [-106.48146924499997, 31.771081989000038], [-106.48153622599995, 31.77115849200004], [-106.48141426399997, 31.771235064000052], [-106.48143435699996, 31.771258014000068], [-106.48140273799999, 31.771277866000048], [-106.48146636999996, 31.77135054400003], [-106.48147540499997, 31.771344872000043], [-106.48151224399999, 31.771386949000032], [-106.481430935, 31.77143799600003]]]}, "properties": {"PLACEKEY": "222-226@8tf-p3j-hbk", "name": "Live Life Better Clinic", "category": "Offices of Physicians", "address": "1300 E Rio Grande Ave", "sqft": 3864.2, "unique_visits": 638, "days_with_any_visit": 326, "visits_per_day": 1.96, "visits_per_sqft": 0.1651}}, {"type": "Feature", "geometry": {"type": "Polygon", "coordinates": [[[-106.47926254599997, 31.77249408700004], [-106.47933348499998, 31.77245369800005], [-106.47931779599998, 31.772433939000052], [-106.47924313199997, 31.772476450000056], [-106.47909879999997, 31.772294677000048], [-106.479341461, 31.77215651700004], [-106.47935401099994, 31.772172323000063], [-106.47942867599994, 31.77212981200006], [-106.47940985099996, 31.772106102000066], [-106.47947984799998, 31.772066248000044], [-106.479652419, 31.77228358600007], [-106.47956375399997, 31.772334068000077], [-106.47954806599995, 31.77231431000007], [-106.47953406599999, 31.772322281000072], [-106.47955916799998, 31.77235389300006], [-106.47946583699996, 31.772407032000046], [-106.47938425799998, 31.77230429100007], [-106.47930492599994, 31.772349459000054], [-106.47938650499998, 31.772452200000032], [-106.47946116999998, 31.77240968900003], [-106.47954588799996, 31.77251638300004], [-106.47937065199994, 31.772616153000058], [-106.47926254599997, 31.77249408700004]]]}, "properties": {"PLACEKEY": "22b-227@8tf-p3j-k2k", "name": "Werge Law Firm PLLC", "category": "Legal Services", "address": "1413 Montana Ave", "sqft": 15252.4, "unique_visits": 479, "days_with_any_visit": 266, "visits_per_day": 1.8, "visits_per_sqft": 0.0314}}, {"type": "Feature", "geometry": {"type": "Polygon", "coordinates": [[[-106.47581238299995, 31.773390653000035], [-106.47565441899997, 31.773204563000036], [-106.475735553, 31.77314714000005], [-106.47585456299998, 31.77326770800005], [-106.47580278699996, 31.77330435400006], [-106.47585327699994, 31.77335550400005], [-106.47589210899997, 31.773328019000076], [-106.47594620399997, 31.773382823000077], [-106.47587285399999, 31.77343473800005], [-106.47582236499994, 31.77338358800006], [-106.47581238299995, 31.773390653000035]]]}, "properties": {"PLACEKEY": "22h-224@8tf-p3j-jsq", "name": "Prime Capital Management", "category": "Activities Related to Real Estate", "address": "1701 E Yandell Dr", "sqft": 3186.1, "unique_visits": 307, "days_with_any_visit": 179, "visits_per_day": 1.72, "visits_per_sqft": 0.0964}}, {"type": "Feature", "geometry": {"type": "Polygon", "coordinates": [[[-106.48357717299996, 31.768366424000078], [-106.48349935199997, 31.76819706300006], [-106.48355699499996, 31.768178069000044], [-106.483565151, 31.768195819000027], [-106.48361231399997, 31.768180279000035], [-106.48363678299995, 31.768233531000078], [-106.48366298399998, 31.76822489700004], [-106.48370172699998, 31.768309212000077], [-106.48362312299997, 31.768335114000024], [-106.48364759299994, 31.768388366000067], [-106.48363187199999, 31.768393546000027], [-106.48366857499997, 31.768473425000025], [-106.48354804899998, 31.76851314000004], [-106.48351542299997, 31.76844213800007], [-106.48359926699999, 31.76841451000007], [-106.48357717299996, 31.768366424000078]]]}, "properties": {"PLACEKEY": "22j-223@8tf-p3j-5zz", "name": "Law Office Of Sergio Coronado Attorney At Law", "category": "Legal Services", "address": "1019 E Yandell Dr", "sqft": 3821.2, "unique_visits": 386, "days_with_any_visit": 233, "visits_per_day": 1.66, "visits_per_sqft": 0.101}}, {"type": "Feature", "geometry": {"type": "Polygon", "coordinates": [[[-106.48302989999996, 31.768850800000052], [-106.48279765199999, 31.768591513000047], [-106.48299238599998, 31.76846447500003], [-106.48311592399995, 31.76860027500004], [-106.48302683299994, 31.768658395000045], [-106.48313779999995, 31.76878350000004], [-106.48302989999996, 31.768850800000052]]]}, "properties": {"PLACEKEY": "22x-222@8tf-p3j-5zz", "name": "Tradex Laminating Service & Supplies", "category": "Couriers and Express Delivery Services", "address": "1103 E Yandell Dr Ste 6", "sqft": 7136.5, "unique_visits": 587, "days_with_any_visit": 298, "visits_per_day": 1.97, "visits_per_sqft": 0.0823}}, {"type": "Feature", "geometry": {"type": "Polygon", "coordinates": [[[-106.47983069799994, 31.771844360000046], [-106.48000972899996, 31.77172905300006], [-106.48001994199996, 31.77174042300004], [-106.48010050599999, 31.771688535000067], [-106.48035241699995, 31.77196900100006], [-106.48009282099997, 31.772136196000076], [-106.47983069799994, 31.771844360000046]]]}, "properties": {"PLACEKEY": "23b-222@8tf-p3j-hkf", "name": "Dr. Ingrid Chowdhury PhD", "category": "Offices of Physicians", "address": "1401 Montana Ave Ste L", "sqft": 13358.0, "unique_visits": 379, "days_with_any_visit": 204, "visits_per_day": 1.86, "visits_per_sqft": 0.0284}}, {"type": "Feature", "geometry": {"type": "Polygon", "coordinates": [[[-106.47678302799994, 31.773188924000067], [-106.47664743299998, 31.77303102500008], [-106.47672474999996, 31.772983417000034], [-106.47670821399998, 31.77296416100006], [-106.47673550199994, 31.772947358000067], [-106.47674872999994, 31.772962763000066], [-106.47709892799998, 31.77274712600007], [-106.47723121599995, 31.772901174000026], [-106.47709932399994, 31.77298238700007], [-106.47714893099999, 31.773040156000036], [-106.47696246299995, 31.773154975000068], [-106.47691946899994, 31.77310491000003], [-106.47678302799994, 31.773188924000067]]]}, "properties": {"PLACEKEY": "226-224@8tf-p3j-jn5", "name": "Valentina Isaac", "category": "Offices of Other Health Practitioners", "address": "1600 Montana Ave", "sqft": 14176.1, "unique_visits": 676, "days_with_any_visit": 275, "visits_per_day": 2.46, "visits_per_sqft": 0.0477}}, {"type": "Feature", "geometry": {"type": "Polygon", "coordinates": [[[-106.4819580005194, 31.77045792325356], [-106.48213480242146, 31.77065907068688], [-106.48203406117437, 31.77072165585158], [-106.48200589797972, 31.77069115667623], [-106.4819720350909, 31.770711679486904], [-106.48205350718973, 31.77080374703998], [-106.48190411027201, 31.77089729308905], [-106.48183269645699, 31.77081577206105], [-106.4818065449191, 31.770831734226025], [-106.48183135535248, 31.770864798701876], [-106.48179112221726, 31.770891592320186], [-106.48185319784182, 31.77096660441354], [-106.48174255671995, 31.771037293865177], [-106.48160009229434, 31.770871955574695], [-106.48162624383224, 31.770856278455206], [-106.48151727909101, 31.770732001559466], [-106.48163384114463, 31.770660505232687], [-106.48173207439169, 31.770771818730683], [-106.48177230752691, 31.770745595155496], [-106.48175084985479, 31.77072279204057], [-106.48190100357783, 31.770631213636598], [-106.48191642627967, 31.770644895519762], [-106.48194593057883, 31.77063007347957], [-106.48185540602458, 31.77052063198558], [-106.4819580005194, 31.77045792325356]]]}, "properties": {"PLACEKEY": "zzw-222@8tf-p3j-hnq", "name": "Fine Arts Museum Foundation", "category": "Museums, Historical Sites, and Similar Institutions", "address": "1211 Montana Ave", "sqft": 15284.7, "unique_visits": 1519, "days_with_any_visit": 392, "visits_per_day": 3.88, "visits_per_sqft": 0.0994}}, {"type": "Feature", "geometry": {"type": "Polygon", "coordinates": [[[-106.47983069799994, 31.771844360000046], [-106.48000972899996, 31.77172905300006], [-106.48001994199996, 31.77174042300004], [-106.48010050599999, 31.771688535000067], [-106.48035241699995, 31.77196900100006], [-106.48009282099997, 31.772136196000076], [-106.47983069799994, 31.771844360000046]]]}, "properties": {"PLACEKEY": "22c-22d@8tf-p3j-hkf", "name": "Texas Save A Life CPR and First Aid LLC", "category": "Other Ambulatory Health Care Services", "address": "1401 Montana El Paso", "sqft": 13358.0, "unique_visits": 379, "days_with_any_visit": 204, "visits_per_day": 1.86, "visits_per_sqft": 0.0284}}, {"type": "Feature", "geometry": {"type": "Polygon", "coordinates": [[[-106.47817831299994, 31.772882025000058], [-106.47828994799994, 31.772809670000072], [-106.47840957399995, 31.77294201500007], [-106.47829793799997, 31.773014369000066], [-106.47817831299994, 31.772882025000058]]]}, "properties": {"PLACEKEY": "222-226@8tf-p3j-k2k", "name": "Emery Advertising", "category": "Advertising, Public Relations, and Related Services", "address": "1519 Montana Ave", "sqft": 2647.9, "unique_visits": 95, "days_with_any_visit": 84, "visits_per_day": 1.13, "visits_per_sqft": 0.0359}}, {"type": "Feature", "geometry": {"type": "Polygon", "coordinates": [[[-106.478574, 31.772199], [-106.47857414445821, 31.77219605948579], [-106.47857457644159, 31.77219314729034], [-106.47857529178994, 31.772190291459683], [-106.47857628361403, 31.77218751949703], [-106.47857754236207, 31.772184858097894], [-106.47857905591164, 31.77218233289301], [-106.4785808096864, 31.772179968201474], [-106.47858278679657, 31.772177786796565], [-106.47858496820147, 31.7721758096864], [-106.47858733289301, 31.77217405591163], [-106.4785898580979, 31.77217254236207], [-106.47859251949703, 31.772171283614025], [-106.47859529145968, 31.77217029178993], [-106.47859814729034, 31.772169576441588], [-106.4786010594858, 31.7721691444582], [-106.478604, 31.772169], [-106.47860694051421, 31.7721691444582], [-106.47860985270967, 31.772169576441588], [-106.47861270854033, 31.77217029178993], [-106.47861548050298, 31.772171283614025], [-106.4786181419021, 31.77217254236207], [-106.478620667107, 31.77217405591163], [-106.47862303179853, 31.7721758096864], [-106.47862521320344, 31.772177786796565], [-106.4786271903136, 31.772179968201474], [-106.47862894408837, 31.77218233289301], [-106.47863045763793, 31.772184858097894], [-106.47863171638598, 31.77218751949703], [-106.47863270821007, 31.772190291459683], [-106.47863342355842, 31.77219314729034], [-106.4786338555418, 31.77219605948579], [-106.478634, 31.772199], [-106.4786338555418, 31.77220194051421], [-106.47863342355842, 31.77220485270966], [-106.47863270821007, 31.772207708540318], [-106.47863171638598, 31.77221048050297], [-106.47863045763793, 31.772213141902107], [-106.47862894408837, 31.77221566710699], [-106.4786271903136, 31.772218031798527], [-106.47862521320344, 31.772220213203436], [-106.47862303179853, 31.772222190313602], [-106.478620667107, 31.77222394408837], [-106.4786181419021, 31.77222545763793], [-106.47861548050298, 31.772226716385976], [-106.47861270854033, 31.77222770821007], [-106.47860985270967, 31.772228423558413], [-106.47860694051421, 31.7722288555418], [-106.478604, 31.772229], [-106.4786010594858, 31.7722288555418], [-106.47859814729034, 31.772228423558413], [-106.47859529145968, 31.77222770821007], [-106.47859251949703, 31.772226716385976], [-106.4785898580979, 31.77222545763793], [-106.47858733289301, 31.77222394408837], [-106.47858496820147, 31.772222190313602], [-106.47858278679657, 31.772220213203436], [-106.4785808096864, 31.772218031798527], [-106.47857905591164, 31.77221566710699], [-106.47857754236207, 31.772213141902107], [-106.47857628361403, 31.77221048050297], [-106.47857529178994, 31.772207708540318], [-106.47857457644159, 31.77220485270966], [-106.47857414445821, 31.77220194051421], [-106.478574, 31.772199]]]}, "properties": {"PLACEKEY": "zzy-223@8tf-p3j-k2k", "name": "Sun Metro Montana Langtry", "category": "Urban Transit Systems", "address": "Sun Metro Montana Langtry", "sqft": null, "unique_visits": 90, "days_with_any_visit": 80, "visits_per_day": 1.12, "visits_per_sqft": 0.0}}, {"type": "Feature", "geometry": {"type": "Polygon", "coordinates": [[[-106.47687593099994, 31.773747857000046], [-106.47757268699996, 31.773299144000077], [-106.47745013799994, 31.773162699000068], [-106.477464694, 31.773153324000077], [-106.47769759999994, 31.77341880000006], [-106.47753589999996, 31.773522400000047], [-106.47737619999998, 31.773628200000076], [-106.477185, 31.77375310000008], [-106.47699139999997, 31.773875300000043], [-106.47687593099994, 31.773747857000046]]]}, "properties": {"PLACEKEY": "22m-222@8tf-p3j-jvz", "name": "Sun City Income Tax Service", "category": "Accounting, Tax Preparation, Bookkeeping, and Payroll Services", "address": "1607 Montana Ave", "sqft": 16501.1, "unique_visits": 1948, "days_with_any_visit": 518, "visits_per_day": 3.76, "visits_per_sqft": 0.1181}}, {"type": "Feature", "geometry": {"type": "Polygon", "coordinates": [[[-106.481590956, 31.769761779000078], [-106.48141864199994, 31.769555866000076], [-106.48150581099998, 31.76950355400004], [-106.48162285599994, 31.76964342000008], [-106.48168249799994, 31.769607629000063], [-106.48170200599998, 31.769630939000024], [-106.48174329699998, 31.769606160000023], [-106.48172704099994, 31.76958673400003], [-106.48176374399998, 31.769564709000065], [-106.48181251199998, 31.76962298600006], [-106.48168405099995, 31.76970007600005], [-106.48169055399995, 31.769707847000063], [-106.48164926299995, 31.769732626000064], [-106.48158423799998, 31.769654923000076], [-106.48156129899996, 31.76966868900007], [-106.481623072, 31.769742506000057], [-106.481590956, 31.769761779000078]]]}, "properties": {"PLACEKEY": "22k-222@8tf-p3j-hnq", "name": "El Paso Staffing Services", "category": "Employment Services", "address": "1207 E Yandell Dr", "sqft": 4058.0, "unique_visits": 608, "days_with_any_visit": 347, "visits_per_day": 1.75, "visits_per_sqft": 0.1498}}, {"type": "Feature", "geometry": {"type": "Polygon", "coordinates": [[[-106.4768650090879, 31.77377479127607], [-106.47694279314933, 31.773722915880207], [-106.47704672874866, 31.77384319834706], [-106.47696894468723, 31.773895073675504], [-106.4768650090879, 31.77377479127607]]]}, "properties": {"PLACEKEY": "22q-222@8tf-p3j-jvz", "name": "Labor Ready", "category": "Employment Services", "address": "1621 Montana Ave", "sqft": 1668.4, "unique_visits": 226, "days_with_any_visit": 163, "visits_per_day": 1.39, "visits_per_sqft": 0.1355}}, {"type": "Feature", "geometry": {"type": "Polygon", "coordinates": [[[-106.48245376099999, 31.770351988000073], [-106.48233683999996, 31.77042637900007], [-106.48227992499994, 31.770365379000054], [-106.48239464199997, 31.770288625000035], [-106.48245376099999, 31.770351988000073]]]}, "properties": {"PLACEKEY": "222-222@8tf-p3j-5pv", "name": "Aguirre Rafael", "category": "Offices of Other Health Practitioners", "address": "905 Noble St", "sqft": 1313.2, "unique_visits": 32, "days_with_any_visit": 29, "visits_per_day": 1.1, "visits_per_sqft": 0.0244}}, {"type": "Feature", "geometry": {"type": "Polygon", "coordinates": [[[-106.48298190499997, 31.768995542000027], [-106.48323253399997, 31.768834106000043], [-106.48342657499995, 31.769050136000033], [-106.48317594699995, 31.769211573000064], [-106.48298190499997, 31.768995542000027]]]}, "properties": {"PLACEKEY": "224-225@8tf-p3j-5zz", "name": "The Marketing Hunters", "category": "Advertising, Public Relations, and Related Services", "address": "1100 Montana Ave", "sqft": 9666.0, "unique_visits": 889, "days_with_any_visit": 394, "visits_per_day": 2.26, "visits_per_sqft": 0.092}}, {"type": "Feature", "geometry": {"type": "Polygon", "coordinates": [[[-106.48390325399998, 31.768481132000034], [-106.48400171399999, 31.76841770900006], [-106.48412426699997, 31.768554149000067], [-106.48402580699997, 31.76861757100005], [-106.48390325399998, 31.768481132000034]]]}, "properties": {"PLACEKEY": "222-222@8tf-p3j-5zz", "name": "Valor Personal Assistance Service", "category": "Medical and Diagnostic Laboratories", "address": "1014 Montana Ave", "sqft": 2400.3, "unique_visits": 161, "days_with_any_visit": 122, "visits_per_day": 1.32, "visits_per_sqft": 0.0671}}, {"type": "Feature", "geometry": {"type": "Polygon", "coordinates": [[[-106.482309, 31.770966], [-106.4823091444582, 31.77096305948579], [-106.48230957644158, 31.770960147290342], [-106.48231029178993, 31.770957291459684], [-106.48231128361402, 31.77095451949703], [-106.48231254236207, 31.770951858097895], [-106.48231405591163, 31.77094933289301], [-106.4823158096864, 31.770946968201475], [-106.48231778679656, 31.770944786796566], [-106.48231996820147, 31.7709428096864], [-106.482322332893, 31.77094105591163], [-106.4823248580979, 31.770939542362072], [-106.48232751949702, 31.770938283614026], [-106.48233029145968, 31.77093729178993], [-106.48233314729033, 31.77093657644159], [-106.48233605948579, 31.7709361444582], [-106.482339, 31.770936], [-106.4823419405142, 31.7709361444582], [-106.48234485270966, 31.77093657644159], [-106.48234770854032, 31.77093729178993], [-106.48235048050297, 31.770938283614026], [-106.4823531419021, 31.770939542362072], [-106.48235566710699, 31.77094105591163], [-106.48235803179853, 31.7709428096864], [-106.48236021320344, 31.770944786796566], [-106.4823621903136, 31.770946968201475], [-106.48236394408836, 31.77094933289301], [-106.48236545763793, 31.770951858097895], [-106.48236671638597, 31.77095451949703], [-106.48236770821006, 31.770957291459684], [-106.48236842355841, 31.770960147290342], [-106.4823688555418, 31.77096305948579], [-106.482369, 31.770966], [-106.4823688555418, 31.770968940514212], [-106.48236842355841, 31.77097185270966], [-106.48236770821006, 31.77097470854032], [-106.48236671638597, 31.77097748050297], [-106.48236545763793, 31.770980141902108], [-106.48236394408836, 31.770982667106992], [-106.4823621903136, 31.770985031798528], [-106.48236021320344, 31.770987213203437], [-106.48235803179853, 31.770989190313603], [-106.48235566710699, 31.77099094408837], [-106.4823531419021, 31.77099245763793], [-106.48235048050297, 31.770993716385977], [-106.48234770854032, 31.770994708210072], [-106.48234485270966, 31.770995423558414], [-106.4823419405142, 31.770995855541802], [-106.482339, 31.770996], [-106.48233605948579, 31.770995855541802], [-106.48233314729033, 31.770995423558414], [-106.48233029145968, 31.770994708210072], [-106.48232751949702, 31.770993716385977], [-106.4823248580979, 31.77099245763793], [-106.482322332893, 31.77099094408837], [-106.48231996820147, 31.770989190313603], [-106.48231778679656, 31.770987213203437], [-106.4823158096864, 31.770985031798528], [-106.48231405591163, 31.770982667106992], [-106.48231254236207, 31.770980141902108], [-106.48231128361402, 31.77097748050297], [-106.48231029178993, 31.77097470854032], [-106.48230957644158, 31.77097185270966], [-106.4823091444582, 31.770968940514212], [-106.482309, 31.770966]]]}, "properties": {"PLACEKEY": "zzy-223@8tf-p3j-hqz", "name": "Sun Metro Rio Grande Noble", "category": "Urban Transit Systems", "address": "Rio Grande Noble", "sqft": null, "unique_visits": 104, "days_with_any_visit": 86, "visits_per_day": 1.21, "visits_per_sqft": 0.0}}, {"type": "Feature", "geometry": {"type": "Polygon", "coordinates": [[[-106.47519195099994, 31.77269011800007], [-106.47502728199999, 31.772521193000046], [-106.47511835299997, 31.772457536000047], [-106.47521858599998, 31.772560360000057], [-106.47523593299996, 31.772548234000055], [-106.47527173099996, 31.77258495700005], [-106.47522402799996, 31.77261830100008], [-106.47525624499997, 31.772651352000025], [-106.475290939, 31.77262710100007], [-106.475337476, 31.772674841000025], [-106.475216048, 31.772759717000042], [-106.475165931, 31.772708306000027], [-106.47519195099994, 31.77269011800007]]]}, "properties": {"PLACEKEY": "22v-222@8tf-p3j-jsq", "name": "Nova Body Design", "category": "Personal Care Services", "address": "706 Dallas St", "sqft": 4036.5, "unique_visits": 331, "days_with_any_visit": 207, "visits_per_day": 1.6, "visits_per_sqft": 0.082}}, {"type": "Feature", "geometry": {"type": "Polygon", "coordinates": [[[-106.47824260599998, 31.769934441000032], [-106.47813749699998, 31.769814401000076], [-106.47816235799996, 31.76979296500008], [-106.47827468999998, 31.769886390000067], [-106.47830227099996, 31.76986260900003], [-106.47841861499995, 31.769959370000038], [-106.47834769199994, 31.77002052200004], [-106.47824260599998, 31.769934441000032]]]}, "properties": {"PLACEKEY": "22c-222@8tf-p3j-grk", "name": "Marisela Franco", "category": "Offices of Physicians", "address": "1406 Wyoming Ave", "sqft": 2314.2, "unique_visits": 114, "days_with_any_visit": 99, "visits_per_day": 1.15, "visits_per_sqft": 0.0493}}, {"type": "Feature", "geometry": {"type": "Polygon", "coordinates": [[[-106.48151751488267, 31.770103485117335], [-106.48144378901425, 31.77017721098575], [-106.48136944299995, 31.77010236500007], [-106.48145550699996, 31.77004106000004], [-106.48151751488267, 31.770103485117335]]]}, "properties": {"PLACEKEY": "229-225@8tf-p3j-hnq", "name": "Velarde Ray Attorney at Law", "category": "Legal Services", "address": "1216 Montana Ave", "sqft": 1141.0, "unique_visits": 209, "days_with_any_visit": 155, "visits_per_day": 1.35, "visits_per_sqft": 0.1832}}, {"type": "Feature", "geometry": {"type": "Polygon", "coordinates": [[[-106.47678302799994, 31.773188924000067], [-106.47664743299998, 31.77303102500008], [-106.47672474999996, 31.772983417000034], [-106.47670821399998, 31.77296416100006], [-106.47673550199994, 31.772947358000067], [-106.47674872999994, 31.772962763000066], [-106.47709892799998, 31.77274712600007], [-106.47723121599995, 31.772901174000026], [-106.47709932399994, 31.77298238700007], [-106.47714893099999, 31.773040156000036], [-106.47696246299995, 31.773154975000068], [-106.47691946899994, 31.77310491000003], [-106.47678302799994, 31.773188924000067]]]}, "properties": {"PLACEKEY": "226-238@8tf-p3j-jn5", "name": "Mr. Hector Hernandez Lpc", "category": "Offices of Physicians", "address": "1600 Montana Ave", "sqft": 14176.1, "unique_visits": 676, "days_with_any_visit": 275, "visits_per_day": 2.46, "visits_per_sqft": 0.0477}}, {"type": "Feature", "geometry": {"type": "Polygon", "coordinates": [[[-106.47817831299994, 31.772882025000058], [-106.47828994799994, 31.772809670000072], [-106.47840957399995, 31.77294201500007], [-106.47829793799997, 31.773014369000066], [-106.47817831299994, 31.772882025000058]]]}, "properties": {"PLACEKEY": "222-223@8tf-p3j-k2k", "name": "Emery Group", "category": "Advertising, Public Relations, and Related Services", "address": "1519 Montana Ave", "sqft": 2647.9, "unique_visits": 95, "days_with_any_visit": 84, "visits_per_day": 1.13, "visits_per_sqft": 0.0359}}, {"type": "Feature", "geometry": {"type": "Polygon", "coordinates": [[[-106.48023332399998, 31.770317611000053], [-106.48030887399995, 31.770268015000056], [-106.48045701799998, 31.770429841000066], [-106.48043035299997, 31.770447345000036], [-106.48047858499996, 31.77050003200003], [-106.48042969999995, 31.770532124000056], [-106.48023332399998, 31.770317611000053]]]}, "properties": {"PLACEKEY": "229-223@8tf-p3j-ht9", "name": "L & K Spa", "category": "Personal Care Services", "address": "1309 E Yandell Dr", "sqft": 2680.2, "unique_visits": 1376, "days_with_any_visit": 291, "visits_per_day": 4.73, "visits_per_sqft": 0.5134}}, {"type": "Feature", "geometry": {"type": "Polygon", "coordinates": [[[-106.48477743799998, 31.768552525000075], [-106.48488358199995, 31.768481950000023], [-106.48497386799994, 31.768579327000054], [-106.48486772299998, 31.76864990300004], [-106.48477743799998, 31.768552525000075]]]}, "properties": {"PLACEKEY": "22p-223@8tf-p3j-5zz", "name": "Omar Torres Lmsw-acp", "category": "Offices of Physicians", "address": "1001 Montana Ave", "sqft": 1883.7, "unique_visits": 82, "days_with_any_visit": 62, "visits_per_day": 1.32, "visits_per_sqft": 0.0435}}, {"type": "Feature", "geometry": {"type": "Polygon", "coordinates": [[[-106.48255347699995, 31.769347663000076], [-106.48265754699997, 31.76927490500003], [-106.48277926599997, 31.76939975500005], [-106.48267519599995, 31.76947251300004], [-106.48255347699995, 31.769347663000076]]]}, "properties": {"PLACEKEY": "23c-222@8tf-p3j-kzz", "name": "Eduardo Mariscal Pmhnp-bc", "category": "Offices of Other Health Practitioners", "address": "1122 Montana Ave Ste A", "sqft": 2464.9, "unique_visits": 267, "days_with_any_visit": 179, "visits_per_day": 1.49, "visits_per_sqft": 0.1083}}, {"type": "Feature", "geometry": {"type": "Polygon", "coordinates": [[[-106.47907460899995, 31.77157475300004], [-106.47917727299995, 31.771516301000077], [-106.47928708899997, 31.771654606000027], [-106.47918442499997, 31.771713059000035], [-106.47907460899995, 31.77157475300004]]]}, "properties": {"PLACEKEY": "228-226@8tf-p3j-hh5", "name": "Cesiah Garcia", "category": "Offices of Physicians", "address": "1418 Montana Ave", "sqft": 2335.8, "unique_visits": 225, "days_with_any_visit": 129, "visits_per_day": 1.74, "visits_per_sqft": 0.0963}}, {"type": "Feature", "geometry": {"type": "Polygon", "coordinates": [[[-106.47655243399998, 31.772128726000062], [-106.47659435799994, 31.772101727000063], [-106.476628399, 31.772139628000048], [-106.47671344099996, 31.772084861000053], [-106.47681139999997, 31.772196200000053], [-106.47667839999997, 31.772281200000066], [-106.47655243399998, 31.772128726000062]]]}, "properties": {"PLACEKEY": "222-222@8tf-p3j-k4v", "name": "Efficio Construction Services", "category": "Other Specialty Trade Contractors", "address": "1600 E Yandell Dr", "sqft": 2863.2, "unique_visits": 1049, "days_with_any_visit": 413, "visits_per_day": 2.54, "visits_per_sqft": 0.3664}}, {"type": "Feature", "geometry": {"type": "Polygon", "coordinates": [[[-106.47706309999995, 31.770568513000057], [-106.47718969999994, 31.77048810000008], [-106.47731506799994, 31.770627825000076], [-106.47718918299995, 31.770708899000056], [-106.47706309999995, 31.770568513000057]]]}, "properties": {"PLACEKEY": "22f-222@8tf-p3j-gx5", "name": "Fire Service Equipment", "category": "Justice, Public Order, and Safety Activities", "address": "1500 Wyoming Ave", "sqft": 3143.1, "unique_visits": 119, "days_with_any_visit": 89, "visits_per_day": 1.34, "visits_per_sqft": 0.0379}}, {"type": "Feature", "geometry": {"type": "Polygon", "coordinates": [[[-106.47678302799994, 31.773188924000067], [-106.47664743299998, 31.77303102500008], [-106.47672474999996, 31.772983417000034], [-106.47670821399998, 31.77296416100006], [-106.47673550199994, 31.772947358000067], [-106.47674872999994, 31.772962763000066], [-106.47709892799998, 31.77274712600007], [-106.47723121599995, 31.772901174000026], [-106.47709932399994, 31.77298238700007], [-106.47714893099999, 31.773040156000036], [-106.47696246299995, 31.773154975000068], [-106.47691946899994, 31.77310491000003], [-106.47678302799994, 31.773188924000067]]]}, "properties": {"PLACEKEY": "238-227@8tf-p3j-jy9", "name": "Gabriela Marquez Lpc", "category": "Offices of Physicians", "address": "1601 E Yandell Dr", "sqft": 14176.1, "unique_visits": 676, "days_with_any_visit": 275, "visits_per_day": 2.46, "visits_per_sqft": 0.0477}}, {"type": "Feature", "geometry": {"type": "Polygon", "coordinates": [[[-106.48174623299997, 31.769875290000073], [-106.48185314499995, 31.769805547000033], [-106.48197668199998, 31.769941349000078], [-106.48186976999995, 31.77001109300005], [-106.48174623299997, 31.769875290000073]]]}, "properties": {"PLACEKEY": "22d-224@8tf-p3j-hnq", "name": "Sandra Prieto Law Office", "category": "Legal Services", "address": "1210 Montana Ave", "sqft": 2615.6, "unique_visits": 312, "days_with_any_visit": 192, "visits_per_day": 1.62, "visits_per_sqft": 0.1193}}, {"type": "Feature", "geometry": {"type": "Polygon", "coordinates": [[[-106.48045829599994, 31.768449731000032], [-106.48046220899994, 31.768446784000048], [-106.48060047799999, 31.768578432000027], [-106.48051897699997, 31.768639819000043], [-106.48041128999995, 31.768516999000042], [-106.48043047399995, 31.76850255000005], [-106.48041178899996, 31.768484759000046], [-106.48045829599994, 31.768449731000032]]]}, "properties": {"PLACEKEY": "226-222@8tf-p3j-m6k", "name": "Flores Tile Service", "category": "Building Finishing Contractors", "address": "1212 Wyoming Ave", "sqft": 1926.7, "unique_visits": 630, "days_with_any_visit": 309, "visits_per_day": 2.04, "visits_per_sqft": 0.327}}, {"type": "Feature", "geometry": {"type": "Polygon", "coordinates": [[[-106.48335427199999, 31.768293699000026], [-106.48343784099995, 31.76822996900006], [-106.48355448899997, 31.768339662000074], [-106.48347091899996, 31.76840339200004], [-106.48335427199999, 31.768293699000026]]]}, "properties": {"PLACEKEY": "226-223@8tf-p3j-5zz", "name": "Papa Burgers", "category": "Restaurants and Other Eating Places", "address": "1023 E Yandell Dr", "sqft": 1872.9, "unique_visits": 780, "days_with_any_visit": 376, "visits_per_day": 2.07, "visits_per_sqft": 0.4165}}, {"type": "Feature", "geometry": {"type": "Polygon", "coordinates": [[[-106.48037945799996, 31.768124688000057], [-106.48029712099998, 31.768027406000044], [-106.48030597299999, 31.768028402000027], [-106.48025470699997, 31.76797168400003], [-106.48051368199998, 31.767803814000047], [-106.480612797, 31.767913470000053], [-106.48034935699997, 31.76808423400007], [-106.48038353399994, 31.76812204600003], [-106.48037945799996, 31.768124688000057]]]}, "properties": {"PLACEKEY": "228-223@8tf-p3j-m49", "name": "Trophies Associates", "category": "Architectural, Engineering, and Related Services", "address": "1201 E Missouri Ave", "sqft": 5177.4, "unique_visits": 2147, "days_with_any_visit": 543, "visits_per_day": 3.95, "visits_per_sqft": 0.4147}}, {"type": "Feature", "geometry": {"type": "Polygon", "coordinates": [[[-106.47907460899995, 31.77157475300004], [-106.47917727299995, 31.771516301000077], [-106.47928708899997, 31.771654606000027], [-106.47918442499997, 31.771713059000035], [-106.47907460899995, 31.77157475300004]]]}, "properties": {"PLACEKEY": "228-224@8tf-p3j-hh5", "name": "MS. Blanca Gadney-moss MA Lpc Lmft Ncc", "category": "Offices of Physicians", "address": "1418 Montana Ave", "sqft": 2335.8, "unique_visits": 225, "days_with_any_visit": 129, "visits_per_day": 1.74, "visits_per_sqft": 0.0963}}, {"type": "Feature", "geometry": {"type": "Polygon", "coordinates": [[[-106.48027349699998, 31.771422767000047], [-106.48036383999994, 31.771366047000072], [-106.48038728299997, 31.77139282400003], [-106.48041438599995, 31.771375808000073], [-106.48052825399998, 31.771505863000073], [-106.48041080599995, 31.771579598000073], [-106.48027349699998, 31.771422767000047]]]}, "properties": {"PLACEKEY": "226-222@8tf-p3j-hbk", "name": "Paul Meza CPA", "category": "Accounting, Tax Preparation, Bookkeeping, and Payroll Services", "address": "1325 Montana Ave", "sqft": 3100.0, "unique_visits": 397, "days_with_any_visit": 293, "visits_per_day": 1.35, "visits_per_sqft": 0.1281}}, {"type": "Feature", "geometry": {"type": "Polygon", "coordinates": [[[-106.48084239399998, 31.771049016000063], [-106.48085341599995, 31.771042006000073], [-106.48098510699998, 31.77119050600004], [-106.48090416999997, 31.771241975000066], [-106.48077247899994, 31.771093476000033], [-106.48084239399998, 31.771049016000063]]]}, "properties": {"PLACEKEY": "22f-222@8tf-p3j-hbk", "name": "Bouchard Wellness", "category": "Offices of Other Health Practitioners", "address": "1315 Montana Ave", "sqft": 2120.5, "unique_visits": 866, "days_with_any_visit": 247, "visits_per_day": 3.51, "visits_per_sqft": 0.4084}}, {"type": "Feature", "geometry": {"type": "Polygon", "coordinates": [[[-106.47474728872442, 31.77169046557829], [-106.47483398845598, 31.771613399150247], [-106.47492492099997, 31.771718616000044], [-106.47494760999996, 31.771704555000042], [-106.47499410299997, 31.771758352000063], [-106.474871582, 31.771834282000043], [-106.47474728872442, 31.77169046557829]]]}, "properties": {"PLACEKEY": "22w-222@8tf-p3j-j35", "name": "Apartments at 609 N Dallas St", "category": "Lessors of Real Estate", "address": "609 Dallas St", "sqft": 2830.9, "unique_visits": 1247, "days_with_any_visit": 445, "visits_per_day": 2.8, "visits_per_sqft": 0.4405}}, {"type": "Feature", "geometry": {"type": "Polygon", "coordinates": [[[-106.48357717299996, 31.768366424000078], [-106.48349935199997, 31.76819706300006], [-106.48355699499996, 31.768178069000044], [-106.483565151, 31.768195819000027], [-106.48361231399997, 31.768180279000035], [-106.48363678299995, 31.768233531000078], [-106.48366298399998, 31.76822489700004], [-106.48370172699998, 31.768309212000077], [-106.48362312299997, 31.768335114000024], [-106.48364759299994, 31.768388366000067], [-106.48363187199999, 31.768393546000027], [-106.48366857499997, 31.768473425000025], [-106.48354804899998, 31.76851314000004], [-106.48351542299997, 31.76844213800007], [-106.48359926699999, 31.76841451000007], [-106.48357717299996, 31.768366424000078]]]}, "properties": {"PLACEKEY": "22j-222@8tf-p3j-5zz", "name": "Law Office Of Sergio Coronado", "category": "Legal Services", "address": "1019 E Yandell Dr", "sqft": 3821.2, "unique_visits": 386, "days_with_any_visit": 233, "visits_per_day": 1.66, "visits_per_sqft": 0.101}}, {"type": "Feature", "geometry": {"type": "Polygon", "coordinates": [[[-106.48087930799994, 31.769831443000044], [-106.48102829499999, 31.76999894100004], [-106.48089335699996, 31.77007782700008], [-106.48075279299997, 31.769905406000078], [-106.48087930799994, 31.769831443000044]]]}, "properties": {"PLACEKEY": "225-222@8tf-p3j-hnq", "name": "Centro De Salud Familiar La Fe", "category": "Specialty (except Psychiatric and Substance Abuse) Hospitals", "address": "1225 E Yandell Dr", "sqft": 3767.4, "unique_visits": 171, "days_with_any_visit": 122, "visits_per_day": 1.4, "visits_per_sqft": 0.0454}}, {"type": "Feature", "geometry": {"type": "Polygon", "coordinates": [[[-106.47687593099994, 31.773747857000046], [-106.47757268699996, 31.773299144000077], [-106.47745013799994, 31.773162699000068], [-106.477464694, 31.773153324000077], [-106.47769759999994, 31.77341880000006], [-106.47753589999996, 31.773522400000047], [-106.47737619999998, 31.773628200000076], [-106.477185, 31.77375310000008], [-106.47699139999997, 31.773875300000043], [-106.47687593099994, 31.773747857000046]]]}, "properties": {"PLACEKEY": "222-223@8tf-p3j-jvz", "name": "Iglesia Bautista La Gran Comision", "category": "Religious Organizations", "address": "1603 Montana Ave Ste 107", "sqft": 16501.1, "unique_visits": 1948, "days_with_any_visit": 518, "visits_per_day": 3.76, "visits_per_sqft": 0.1181}}, {"type": "Feature", "geometry": {"type": "Polygon", "coordinates": [[[-106.47678302799994, 31.773188924000067], [-106.47664743299998, 31.77303102500008], [-106.47672474999996, 31.772983417000034], [-106.47670821399998, 31.77296416100006], [-106.47673550199994, 31.772947358000067], [-106.47674872999994, 31.772962763000066], [-106.47709892799998, 31.77274712600007], [-106.47723121599995, 31.772901174000026], [-106.47709932399994, 31.77298238700007], [-106.47714893099999, 31.773040156000036], [-106.47696246299995, 31.773154975000068], [-106.47691946899994, 31.77310491000003], [-106.47678302799994, 31.773188924000067]]]}, "properties": {"PLACEKEY": "226-22s@8tf-p3j-jn5", "name": "Stephen Kahoe Lpc", "category": "Offices of Physicians", "address": "1600 Montana Ave", "sqft": 14176.1, "unique_visits": 676, "days_with_any_visit": 275, "visits_per_day": 2.46, "visits_per_sqft": 0.0477}}, {"type": "Feature", "geometry": {"type": "Polygon", "coordinates": [[[-106.488269, 31.772115], [-106.4882691444582, 31.77211205948579], [-106.48826957644158, 31.77210914729034], [-106.48827029178993, 31.772106291459682], [-106.48827128361403, 31.77210351949703], [-106.48827254236207, 31.772100858097893], [-106.48827405591163, 31.77209833289301], [-106.4882758096864, 31.772095968201473], [-106.48827778679656, 31.772093786796564], [-106.48827996820147, 31.772091809686398], [-106.48828233289301, 31.77209005591163], [-106.4882848580979, 31.77208854236207], [-106.48828751949702, 31.772087283614024], [-106.48829029145968, 31.77208629178993], [-106.48829314729034, 31.772085576441587], [-106.48829605948579, 31.7720851444582], [-106.488299, 31.772085], [-106.4883019405142, 31.7720851444582], [-106.48830485270966, 31.772085576441587], [-106.48830770854032, 31.77208629178993], [-106.48831048050297, 31.772087283614024], [-106.4883131419021, 31.77208854236207], [-106.48831566710699, 31.77209005591163], [-106.48831803179853, 31.772091809686398], [-106.48832021320344, 31.772093786796564], [-106.4883221903136, 31.772095968201473], [-106.48832394408836, 31.77209833289301], [-106.48832545763793, 31.772100858097893], [-106.48832671638597, 31.77210351949703], [-106.48832770821006, 31.772106291459682], [-106.48832842355841, 31.77210914729034], [-106.4883288555418, 31.77211205948579], [-106.488329, 31.772115], [-106.4883288555418, 31.77211794051421], [-106.48832842355841, 31.77212085270966], [-106.48832770821006, 31.772123708540317], [-106.48832671638597, 31.77212648050297], [-106.48832545763793, 31.772129141902106], [-106.48832394408836, 31.77213166710699], [-106.4883221903136, 31.772134031798526], [-106.48832021320344, 31.772136213203435], [-106.48831803179853, 31.7721381903136], [-106.48831566710699, 31.77213994408837], [-106.4883131419021, 31.77214145763793], [-106.48831048050297, 31.772142716385975], [-106.48830770854032, 31.77214370821007], [-106.48830485270966, 31.772144423558412], [-106.4883019405142, 31.7721448555418], [-106.488299, 31.772145], [-106.48829605948579, 31.7721448555418], [-106.48829314729034, 31.772144423558412], [-106.48829029145968, 31.77214370821007], [-106.48828751949702, 31.772142716385975], [-106.4882848580979, 31.77214145763793], [-106.48828233289301, 31.77213994408837], [-106.48827996820147, 31.7721381903136], [-106.48827778679656, 31.772136213203435], [-106.4882758096864, 31.772134031798526], [-106.48827405591163, 31.77213166710699], [-106.48827254236207, 31.772129141902106], [-106.48827128361403, 31.77212648050297], [-106.48827029178993, 31.772123708540317], [-106.48826957644158, 31.77212085270966], [-106.4882691444582, 31.77211794051421], [-106.488269, 31.772115]]]}, "properties": {"PLACEKEY": "zzy-222@8tf-p3j-66k", "name": "Sun Metro Ange River", "category": "Urban Transit Systems", "address": "Sun Metro Ange River", "sqft": null, "unique_visits": 131, "days_with_any_visit": 105, "visits_per_day": 1.25, "visits_per_sqft": 0.0}}, {"type": "Feature", "geometry": {"type": "Polygon", "coordinates": [[[-106.48387283699998, 31.768314420000024], [-106.48383713499999, 31.768271481000056], [-106.48375437599998, 31.768320826000036], [-106.48361193999995, 31.768149510000057], [-106.48371308999998, 31.76808919900003], [-106.48369042999997, 31.768061945000056], [-106.483708821, 31.768050979000066], [-106.48391276299998, 31.768296272000043], [-106.48387598099998, 31.768318203000035], [-106.48387283699998, 31.768314420000024]]]}, "properties": {"PLACEKEY": "zzw-222@8tf-p3j-5zz", "name": "Ke Sabroso", "category": "Restaurants and Other Eating Places", "address": "1015 1/5 E Yandell Dr", "sqft": 3842.7, "unique_visits": 338, "days_with_any_visit": 219, "visits_per_day": 1.54, "visits_per_sqft": 0.088}}, {"type": "Feature", "geometry": {"type": "Polygon", "coordinates": [[[-106.47983069799994, 31.771844360000046], [-106.48000972899996, 31.77172905300006], [-106.48001994199996, 31.77174042300004], [-106.48010050599999, 31.771688535000067], [-106.48035241699995, 31.77196900100006], [-106.48009282099997, 31.772136196000076], [-106.47983069799994, 31.771844360000046]]]}, "properties": {"PLACEKEY": "22c-22p@8tf-p3j-hkf", "name": "FA TRUST Services", "category": "Other Professional, Scientific, and Technical Services", "address": "1401 Montana Ave", "sqft": 13358.0, "unique_visits": 379, "days_with_any_visit": 204, "visits_per_day": 1.86, "visits_per_sqft": 0.0284}}, {"type": "Feature", "geometry": {"type": "Polygon", "coordinates": [[[-106.47582793399994, 31.771966708000036], [-106.47591766099998, 31.771909292000032], [-106.47608039299996, 31.772091644000056], [-106.47599066699996, 31.77214906200004], [-106.47582793399994, 31.771966708000036]]]}, "properties": {"PLACEKEY": "22v-223@8tf-p3j-k4v", "name": "L&L Roofing and Construction", "category": "Foundation, Structure, and Building Exterior Contractors", "address": "1611 Wyoming Ave", "sqft": 2906.3, "unique_visits": 761, "days_with_any_visit": 419, "visits_per_day": 1.82, "visits_per_sqft": 0.2618}}, {"type": "Feature", "geometry": {"type": "Polygon", "coordinates": [[[-106.48087930799994, 31.769831443000044], [-106.48102829499999, 31.76999894100004], [-106.48089335699996, 31.77007782700008], [-106.48075279299997, 31.769905406000078], [-106.48087930799994, 31.769831443000044]]]}, "properties": {"PLACEKEY": "zzy-226@8tf-p3j-hnq", "name": "Mundy Park", "category": "Museums, Historical Sites, and Similar Institutions", "address": "1299 E Yandell Dr", "sqft": 3767.4, "unique_visits": 171, "days_with_any_visit": 122, "visits_per_day": 1.4, "visits_per_sqft": 0.0454}}, {"type": "Feature", "geometry": {"type": "Polygon", "coordinates": [[[-106.480302941, 31.77075476300007], [-106.48038236399998, 31.77070162700005], [-106.48051831599997, 31.77084734600004], [-106.48043889499996, 31.77090048200006], [-106.480302941, 31.77075476300007]]]}, "properties": {"PLACEKEY": "22m-223@8tf-p3j-ht9", "name": "Neil Siegel Attorney At Law", "category": "Legal Services", "address": "1312 Montana Ave", "sqft": 2120.5, "unique_visits": 290, "days_with_any_visit": 177, "visits_per_day": 1.64, "visits_per_sqft": 0.1368}}, {"type": "Feature", "geometry": {"type": "Polygon", "coordinates": [[[-106.48175751646389, 31.771832063278687], [-106.48163949926723, 31.7719004717863], [-106.48151343544353, 31.77174997300277], [-106.4816327937447, 31.77168156438387], [-106.48175751646389, 31.771832063278687]]]}, "properties": {"PLACEKEY": "22t-222@8tf-p3j-hdv", "name": "Condos at 1309 E Rio Grande Ave", "category": "Lessors of Real Estate", "address": "1309 E Rio Grande Ave", "sqft": 2992.4, "unique_visits": 475, "days_with_any_visit": 281, "visits_per_day": 1.69, "visits_per_sqft": 0.1587}}, {"type": "Feature", "geometry": {"type": "Polygon", "coordinates": [[[-106.47678302799994, 31.773188924000067], [-106.47664743299998, 31.77303102500008], [-106.47672474999996, 31.772983417000034], [-106.47670821399998, 31.77296416100006], [-106.47673550199994, 31.772947358000067], [-106.47674872999994, 31.772962763000066], [-106.47709892799998, 31.77274712600007], [-106.47723121599995, 31.772901174000026], [-106.47709932399994, 31.77298238700007], [-106.47714893099999, 31.773040156000036], [-106.47696246299995, 31.773154975000068], [-106.47691946899994, 31.77310491000003], [-106.47678302799994, 31.773188924000067]]]}, "properties": {"PLACEKEY": "226-22g@8tf-p3j-jn5", "name": "Daniel Benuska Lpc", "category": "Offices of Physicians", "address": "1600 Montana Ave", "sqft": 14176.1, "unique_visits": 676, "days_with_any_visit": 275, "visits_per_day": 2.46, "visits_per_sqft": 0.0477}}, {"type": "Feature", "geometry": {"type": "Polygon", "coordinates": [[[-106.47907460899995, 31.77157475300004], [-106.47917727299995, 31.771516301000077], [-106.47928708899997, 31.771654606000027], [-106.47918442499997, 31.771713059000035], [-106.47907460899995, 31.77157475300004]]]}, "properties": {"PLACEKEY": "228-227@8tf-p3j-hh5", "name": "Ruth Fierro-glover", "category": "Offices of Physicians", "address": "1418 Montana Ave", "sqft": 2335.8, "unique_visits": 225, "days_with_any_visit": 129, "visits_per_day": 1.74, "visits_per_sqft": 0.0963}}, {"type": "Feature", "geometry": {"type": "Polygon", "coordinates": [[[-106.48067029499998, 31.771261641000024], [-106.48066688999995, 31.771214590000056], [-106.48068276599997, 31.771213766000074], [-106.48067936099994, 31.77116671500005], [-106.48079048599999, 31.771160949000034], [-106.48079340499999, 31.771201278000035], [-106.48084815999994, 31.77124229100008], [-106.480758746, 31.771327893000034], [-106.48067029499998, 31.771261641000024]]]}, "properties": {"PLACEKEY": "227-222@8tf-p3j-hbk", "name": "Creative Gong", "category": "Advertising, Public Relations, and Related Services", "address": "1317 Montana Ave", "sqft": 2120.5, "unique_visits": 436, "days_with_any_visit": 296, "visits_per_day": 1.47, "visits_per_sqft": 0.2056}}, {"type": "Feature", "geometry": {"type": "Polygon", "coordinates": [[[-106.47774980299994, 31.771910225000056], [-106.47782903299998, 31.771856886000023], [-106.47796201199998, 31.77199852600006], [-106.47788278099995, 31.772051865000037], [-106.47774980299994, 31.771910225000056]]]}, "properties": {"PLACEKEY": "22g-222@8tf-p3j-jy9", "name": "La Familia Del Paso", "category": "Offices of Other Health Practitioners", "address": "1511 E Yandell Dr", "sqft": 2066.7, "unique_visits": 45, "days_with_any_visit": 37, "visits_per_day": 1.22, "visits_per_sqft": 0.0218}}, {"type": "Feature", "geometry": {"type": "Polygon", "coordinates": [[[-106.47678302799994, 31.773188924000067], [-106.47664743299998, 31.77303102500008], [-106.47672474999996, 31.772983417000034], [-106.47670821399998, 31.77296416100006], [-106.47673550199994, 31.772947358000067], [-106.47674872999994, 31.772962763000066], [-106.47709892799998, 31.77274712600007], [-106.47723121599995, 31.772901174000026], [-106.47709932399994, 31.77298238700007], [-106.47714893099999, 31.773040156000036], [-106.47696246299995, 31.773154975000068], [-106.47691946899994, 31.77310491000003], [-106.47678302799994, 31.773188924000067]]]}, "properties": {"PLACEKEY": "226-22r@8tf-p3j-jn5", "name": "Maria Canizales", "category": "Offices of Physicians", "address": "1600 Montana Ave", "sqft": 14176.1, "unique_visits": 676, "days_with_any_visit": 275, "visits_per_day": 2.46, "visits_per_sqft": 0.0477}}, {"type": "Feature", "geometry": {"type": "Polygon", "coordinates": [[[-106.48519158799996, 31.771081167000034], [-106.48516468299994, 31.77105063700003], [-106.48513313599994, 31.771070572000042], [-106.48511120799998, 31.77105472200003], [-106.48507819899999, 31.771016166000038], [-106.48517282399996, 31.77095637000008], [-106.48537124499995, 31.77118153200007], [-106.48528111199994, 31.77123848900004], [-106.48516004099997, 31.771101102000046], [-106.48519158799996, 31.771081167000034]]]}, "properties": {"PLACEKEY": "22v-222@8tf-p3j-5mk", "name": "La Solita Groceries", "category": "Grocery Stores", "address": "1110 Octavia St", "sqft": 3444.4, "unique_visits": 296, "days_with_any_visit": 187, "visits_per_day": 1.58, "visits_per_sqft": 0.0859}}, {"type": "Feature", "geometry": {"type": "Polygon", "coordinates": [[[-106.48324528699999, 31.767766099000028], [-106.48324759999997, 31.767768700000033], [-106.48314229999994, 31.76783560000007], [-106.48328870499995, 31.76800021300005], [-106.48304584799996, 31.76816476600004], [-106.48293694499995, 31.768049504000032], [-106.48309500599999, 31.76794240600003], [-106.48307392799995, 31.767920098000047], [-106.48313100599995, 31.767881423000063], [-106.48303966799995, 31.76778475200007], [-106.48317577499995, 31.767692528000055], [-106.48324528699999, 31.767766099000028]]]}, "properties": {"PLACEKEY": "239-222@8tf-p3j-mc5", "name": "Mando's Automotive", "category": "Automotive Repair and Maintenance", "address": "715 Octavia St", "sqft": 7620.8, "unique_visits": 633, "days_with_any_visit": 279, "visits_per_day": 2.27, "visits_per_sqft": 0.0831}}, {"type": "Feature", "geometry": {"type": "Polygon", "coordinates": [[[-106.48245376099999, 31.770351988000073], [-106.48233683999996, 31.77042637900007], [-106.48227992499994, 31.770365379000054], [-106.48239464199997, 31.770288625000035], [-106.48245376099999, 31.770351988000073]]]}, "properties": {"PLACEKEY": "222-227@8tf-p3j-5pv", "name": "The Noble House", "category": "Other Schools and Instruction", "address": "905 Noble St", "sqft": 1313.2, "unique_visits": 32, "days_with_any_visit": 29, "visits_per_day": 1.1, "visits_per_sqft": 0.0244}}, {"type": "Feature", "geometry": {"type": "Polygon", "coordinates": [[[-106.47678302799994, 31.773188924000067], [-106.47664743299998, 31.77303102500008], [-106.47672474999996, 31.772983417000034], [-106.47670821399998, 31.77296416100006], [-106.47673550199994, 31.772947358000067], [-106.47674872999994, 31.772962763000066], [-106.47709892799998, 31.77274712600007], [-106.47723121599995, 31.772901174000026], [-106.47709932399994, 31.77298238700007], [-106.47714893099999, 31.773040156000036], [-106.47696246299995, 31.773154975000068], [-106.47691946899994, 31.77310491000003], [-106.47678302799994, 31.773188924000067]]]}, "properties": {"PLACEKEY": "238-228@8tf-p3j-jy9", "name": "April Corral Lpc", "category": "Offices of Physicians", "address": "1601 E Yandell Dr", "sqft": 14176.1, "unique_visits": 676, "days_with_any_visit": 275, "visits_per_day": 2.46, "visits_per_sqft": 0.0477}}, {"type": "Feature", "geometry": {"type": "Polygon", "coordinates": [[[-106.48037945799996, 31.768124688000057], [-106.48029712099998, 31.768027406000044], [-106.48030597299999, 31.768028402000027], [-106.48025470699997, 31.76797168400003], [-106.48051368199998, 31.767803814000047], [-106.480612797, 31.767913470000053], [-106.48034935699997, 31.76808423400007], [-106.48038353399994, 31.76812204600003], [-106.48037945799996, 31.768124688000057]]]}, "properties": {"PLACEKEY": "228-222@8tf-p3j-m49", "name": "Done Right Roofing and Construction", "category": "Building Finishing Contractors", "address": "1201 E Missouri Ave Ste A", "sqft": 5177.4, "unique_visits": 2147, "days_with_any_visit": 543, "visits_per_day": 3.95, "visits_per_sqft": 0.4147}}, {"type": "Feature", "geometry": {"type": "Polygon", "coordinates": [[[-106.48187386599994, 31.769789334000052], [-106.48198445399998, 31.76972383100008], [-106.48211015199996, 31.76987600700005], [-106.48199956499997, 31.76994151100007], [-106.48187386599994, 31.769789334000052]]]}, "properties": {"PLACEKEY": "22m-223@8tf-p3j-hnq", "name": "POLARIS Therapeutic Massage & Bodywork", "category": "Personal Care Services", "address": "1204 Montana Ave", "sqft": 2830.9, "unique_visits": 221, "days_with_any_visit": 147, "visits_per_day": 1.5, "visits_per_sqft": 0.0781}}, {"type": "Feature", "geometry": {"type": "Polygon", "coordinates": [[[-106.47848967643007, 31.772207293412237], [-106.47839714021906, 31.772268860821647], [-106.47827174694761, 31.772126343607884], [-106.47836428315863, 31.772064776103612], [-106.47848967643007, 31.772207293412237]]]}, "properties": {"PLACEKEY": "223-222@8tf-p3j-k2k", "name": "Apartments at 1504 Montana Ave", "category": "Lessors of Real Estate", "address": "1504 Montana Ave", "sqft": 2368.1, "unique_visits": 160, "days_with_any_visit": 121, "visits_per_day": 1.32, "visits_per_sqft": 0.0676}}, {"type": "Feature", "geometry": {"type": "Polygon", "coordinates": [[[-106.48119775499998, 31.76881452200007], [-106.481164563, 31.768773312000064], [-106.48121649999996, 31.76874090000007], [-106.48121079999999, 31.768734300000062], [-106.481240314, 31.76871599800006], [-106.48122680699998, 31.76870076700004], [-106.48125840799997, 31.768680892000077], [-106.48128191899997, 31.768707405000043], [-106.48129613299994, 31.768698365000034], [-106.48137479999997, 31.768788700000073], [-106.4812447, 31.768869600000073], [-106.48119775499998, 31.76881452200007]]]}, "properties": {"PLACEKEY": "22q-223@8tf-p3j-m6k", "name": "Acca", "category": "Restaurants and Other Eating Places", "address": "710 Noble St", "sqft": 2281.9, "unique_visits": 203, "days_with_any_visit": 163, "visits_per_day": 1.25, "visits_per_sqft": 0.089}}, {"type": "Feature", "geometry": {"type": "Polygon", "coordinates": [[[-106.47687593099994, 31.773747857000046], [-106.47757268699996, 31.773299144000077], [-106.47745013799994, 31.773162699000068], [-106.477464694, 31.773153324000077], [-106.47769759999994, 31.77341880000006], [-106.47753589999996, 31.773522400000047], [-106.47737619999998, 31.773628200000076], [-106.477185, 31.77375310000008], [-106.47699139999997, 31.773875300000043], [-106.47687593099994, 31.773747857000046]]]}, "properties": {"PLACEKEY": "22s-226@8tf-p3j-jvz", "name": "Vaqueras Night Club", "category": "Drinking Places (Alcoholic Beverages)", "address": "1615 Montana Ave", "sqft": 16501.1, "unique_visits": 1948, "days_with_any_visit": 518, "visits_per_day": 3.76, "visits_per_sqft": 0.1181}}, {"type": "Feature", "geometry": {"type": "Polygon", "coordinates": [[[-106.48119775499998, 31.76881452200007], [-106.481164563, 31.768773312000064], [-106.48121649999996, 31.76874090000007], [-106.48121079999999, 31.768734300000062], [-106.481240314, 31.76871599800006], [-106.48122680699998, 31.76870076700004], [-106.48125840799997, 31.768680892000077], [-106.48128191899997, 31.768707405000043], [-106.48129613299994, 31.768698365000034], [-106.48137479999997, 31.768788700000073], [-106.4812447, 31.768869600000073], [-106.48119775499998, 31.76881452200007]]]}, "properties": {"PLACEKEY": "22q-225@8tf-p3j-m6k", "name": "Mindfulness Based Somatic Therapy", "category": "Other Amusement and Recreation Industries", "address": "710 Noble St", "sqft": 2281.9, "unique_visits": 203, "days_with_any_visit": 163, "visits_per_day": 1.25, "visits_per_sqft": 0.089}}, {"type": "Feature", "geometry": {"type": "Polygon", "coordinates": [[[-106.47983069799994, 31.771844360000046], [-106.48000972899996, 31.77172905300006], [-106.48001994199996, 31.77174042300004], [-106.48010050599999, 31.771688535000067], [-106.48035241699995, 31.77196900100006], [-106.48009282099997, 31.772136196000076], [-106.47983069799994, 31.771844360000046]]]}, "properties": {"PLACEKEY": "22c-229@8tf-p3j-hkf", "name": "4 Gen Therapy Services", "category": "Offices of Other Health Practitioners", "address": "1401 Montana Ave Ste C", "sqft": 13358.0, "unique_visits": 379, "days_with_any_visit": 204, "visits_per_day": 1.86, "visits_per_sqft": 0.0284}}, {"type": "Feature", "geometry": {"type": "Polygon", "coordinates": [[[-106.48119775499998, 31.76881452200007], [-106.481164563, 31.768773312000064], [-106.48121649999996, 31.76874090000007], [-106.48121079999999, 31.768734300000062], [-106.481240314, 31.76871599800006], [-106.48122680699998, 31.76870076700004], [-106.48125840799997, 31.768680892000077], [-106.48128191899997, 31.768707405000043], [-106.48129613299994, 31.768698365000034], [-106.48137479999997, 31.768788700000073], [-106.4812447, 31.768869600000073], [-106.48119775499998, 31.76881452200007]]]}, "properties": {"PLACEKEY": "22q-226@8tf-p3j-m6k", "name": "Segunda Division", "category": "Restaurants and Other Eating Places", "address": "710 Noble St", "sqft": 2281.9, "unique_visits": 203, "days_with_any_visit": 163, "visits_per_day": 1.25, "visits_per_sqft": 0.089}}, {"type": "Feature", "geometry": {"type": "Polygon", "coordinates": [[[-106.48255347699995, 31.769347663000076], [-106.48265754699997, 31.76927490500003], [-106.48277926599997, 31.76939975500005], [-106.48267519599995, 31.76947251300004], [-106.48255347699995, 31.769347663000076]]]}, "properties": {"PLACEKEY": "224-224@8tf-p3j-kzz", "name": "Alfredo H Arellano Pmhcns BC PA", "category": "Offices of Other Health Practitioners", "address": "1122 Montana Ave", "sqft": 2464.9, "unique_visits": 267, "days_with_any_visit": 179, "visits_per_day": 1.49, "visits_per_sqft": 0.1083}}, {"type": "Feature", "geometry": {"type": "Polygon", "coordinates": [[[-106.47543211799996, 31.77167362700004], [-106.47556012999996, 31.771822083000075], [-106.47552350299998, 31.771849159000055], [-106.47551240799999, 31.771838398000057], [-106.47544039299999, 31.771891633000052], [-106.47535533699994, 31.771809129000076], [-106.47537228099998, 31.77179660300004], [-106.47532790399998, 31.77175355600008], [-106.47538721099994, 31.771709715000043], [-106.47544637999994, 31.77176711000004], [-106.47545908899997, 31.771757714000046], [-106.47539252299998, 31.77169314500003], [-106.47542641299998, 31.771668093000073], [-106.47543211799996, 31.77167362700004]]]}, "properties": {"PLACEKEY": "229-222@8tf-p3j-j35", "name": "Las Palmas Cafe", "category": "Restaurants and Other Eating Places", "address": "1620 Wyoming Ave", "sqft": 2744.8, "unique_visits": 596, "days_with_any_visit": 360, "visits_per_day": 1.66, "visits_per_sqft": 0.2171}}, {"type": "Feature", "geometry": {"type": "Polygon", "coordinates": [[[-106.47678302799994, 31.773188924000067], [-106.47664743299998, 31.77303102500008], [-106.47672474999996, 31.772983417000034], [-106.47670821399998, 31.77296416100006], [-106.47673550199994, 31.772947358000067], [-106.47674872999994, 31.772962763000066], [-106.47709892799998, 31.77274712600007], [-106.47723121599995, 31.772901174000026], [-106.47709932399994, 31.77298238700007], [-106.47714893099999, 31.773040156000036], [-106.47696246299995, 31.773154975000068], [-106.47691946899994, 31.77310491000003], [-106.47678302799994, 31.773188924000067]]]}, "properties": {"PLACEKEY": "226-23k@8tf-p3j-jn5", "name": "Dianne Barraza", "category": "Offices of Other Health Practitioners", "address": "1600 Montana Ave", "sqft": 14176.1, "unique_visits": 676, "days_with_any_visit": 275, "visits_per_day": 2.46, "visits_per_sqft": 0.0477}}, {"type": "Feature", "geometry": {"type": "Polygon", "coordinates": [[[-106.47950678299998, 31.772021693000056], [-106.47957328899997, 31.771977759000038], [-106.47970126599995, 31.772116673000028], [-106.47960815799996, 31.772178181000072], [-106.479494016, 31.772054285000024], [-106.47952061799998, 31.772036710000066], [-106.47950678299998, 31.772021693000056]]]}, "properties": {"PLACEKEY": "229-223@8tf-p3j-hkf", "name": "Sun City Analytical Inc", "category": "Architectural, Engineering, and Related Services", "address": "1409 Montana Ave", "sqft": 2281.9, "unique_visits": 267, "days_with_any_visit": 207, "visits_per_day": 1.29, "visits_per_sqft": 0.117}}, {"type": "Feature", "geometry": {"type": "Polygon", "coordinates": [[[-106.47863307299997, 31.771778685000072], [-106.47885289899995, 31.771638006000046], [-106.47905632299995, 31.77186594300008], [-106.47883649599999, 31.77200662100006], [-106.47863307299997, 31.771778685000072]]]}, "properties": {"PLACEKEY": "22h-222@8tf-p3j-hh5", "name": "Ztex Construction", "category": "Residential Building Construction", "address": "1444 Montana Ave", "sqft": 8901.7, "unique_visits": 751, "days_with_any_visit": 359, "visits_per_day": 2.09, "visits_per_sqft": 0.0844}}, {"type": "Feature", "geometry": {"type": "Polygon", "coordinates": [[[-106.47687593099994, 31.773747857000046], [-106.47699139999997, 31.773875300000043], [-106.47680233999995, 31.773998928000026], [-106.47660133799997, 31.773775132000026], [-106.47664609799995, 31.773746308000057], [-106.47662907799997, 31.77372735700004], [-106.47668726699999, 31.773689884000078], [-106.47670088199999, 31.773705044000053], [-106.47678145099997, 31.773653159000048], [-106.47686995799995, 31.773751703000073], [-106.47687593099994, 31.773747857000046]]]}, "properties": {"PLACEKEY": "23h-222@8tf-p3j-jvz", "name": "United Transportation Union Local 18", "category": "Agriculture, Forestry, Fishing and Hunting", "address": "905 Dallas St", "sqft": 7707.0, "unique_visits": 361, "days_with_any_visit": 248, "visits_per_day": 1.46, "visits_per_sqft": 0.0468}}, {"type": "Feature", "geometry": {"type": "Polygon", "coordinates": [[[-106.48221414499994, 31.772416064000026], [-106.48233247099995, 31.772549242000025], [-106.48225153399994, 31.77260071200004], [-106.48213334599996, 31.77246744400003], [-106.48221414499994, 31.772416064000026]]]}, "properties": {"PLACEKEY": "22n-222@8tf-p3j-hdv", "name": "Brave Books", "category": "Book Stores and News Dealers", "address": "1307 Arizona Ave", "sqft": 1905.2, "unique_visits": 751, "days_with_any_visit": 413, "visits_per_day": 1.82, "visits_per_sqft": 0.3942}}, {"type": "Feature", "geometry": {"type": "Polygon", "coordinates": [[[-106.47729764699994, 31.77102924600007], [-106.47749248499997, 31.770905354000035], [-106.47769169999998, 31.77113001300006], [-106.477494359, 31.771255495000048], [-106.47729764699994, 31.77102924600007]]]}, "properties": {"PLACEKEY": "22h-222@8tf-p3j-jy9", "name": "Marian Graphics Inc", "category": "Other Miscellaneous Manufacturing", "address": "1501 Wyoming Ave", "sqft": 7793.1, "unique_visits": 471, "days_with_any_visit": 281, "visits_per_day": 1.68, "visits_per_sqft": 0.0604}}, {"type": "Feature", "geometry": {"type": "Polygon", "coordinates": [[[-106.477464694, 31.773153324000077], [-106.47758441499997, 31.773076222000043], [-106.47781801099995, 31.773336304000054], [-106.47769759999994, 31.77341880000006], [-106.477464694, 31.773153324000077]]]}, "properties": {"PLACEKEY": "228-225@8tf-p3j-jn5", "name": "Candy's Cake & Baking Supplies", "category": "Other Schools and Instruction", "address": "1601 Montana Ave", "sqft": 5672.6, "unique_visits": 218, "days_with_any_visit": 109, "visits_per_day": 2.0, "visits_per_sqft": 0.0384}}, {"type": "Feature", "geometry": {"type": "Polygon", "coordinates": [[[-106.48159206699995, 31.76827867700007], [-106.48171366799994, 31.76842779900005], [-106.48163023899997, 31.76848257200004], [-106.48149932299998, 31.76833956300004], [-106.48159206699995, 31.76827867700007]]]}, "properties": {"PLACEKEY": "22d-222@8tf-p3j-kxq", "name": "American Business Forms", "category": "Office Supplies, Stationery, and Gift Stores", "address": "1127 Wyoming Ave", "sqft": 2281.9, "unique_visits": 157, "days_with_any_visit": 117, "visits_per_day": 1.34, "visits_per_sqft": 0.0688}}, {"type": "Feature", "geometry": {"type": "Polygon", "coordinates": [[[-106.48288129870181, 31.76927179672458], [-106.48279972022105, 31.76933918764347], [-106.48270576599998, 31.76922544300004], [-106.48279791999994, 31.769170856000073], [-106.48288129870181, 31.76927179672458]]]}, "properties": {"PLACEKEY": "225-224@8tf-p3j-kzz", "name": "LCR Resource", "category": "Other Professional, Scientific, and Technical Services", "address": "1116 Montana Ave", "sqft": 1668.4, "unique_visits": 69, "days_with_any_visit": 60, "visits_per_day": 1.15, "visits_per_sqft": 0.0414}}, {"type": "Feature", "geometry": {"type": "Polygon", "coordinates": [[[-106.478270367, 31.771918709000033], [-106.47817231699997, 31.77181160200007], [-106.478164543, 31.77181670500005], [-106.47811619599997, 31.771758067000064], [-106.47814286199997, 31.771740563000037], [-106.478098075, 31.77169163800005], [-106.478182517, 31.771636209000064], [-106.47824108499998, 31.77170018700008], [-106.47825886199996, 31.771688518000076], [-106.47829331299994, 31.77172615300003], [-106.47827109199994, 31.77174073900005], [-106.47837789199997, 31.77185740500005], [-106.47827567199994, 31.771924505000072], [-106.478270367, 31.771918709000033]]]}, "properties": {"PLACEKEY": "226-223@8tf-p3j-jy9", "name": "Sam's Chinese Restaurant", "category": "Restaurants and Other Eating Places", "address": "1501 E Yandell Dr", "sqft": 4111.8, "unique_visits": 650, "days_with_any_visit": 313, "visits_per_day": 2.08, "visits_per_sqft": 0.1581}}, {"type": "Feature", "geometry": {"type": "Polygon", "coordinates": [[[-106.47938727299999, 31.77048828200003], [-106.47919379899997, 31.77026005400006], [-106.479321702, 31.770182301000034], [-106.47939384499995, 31.77026740200006], [-106.47952631799996, 31.770186872000068], [-106.47964764899996, 31.770329997000033], [-106.47938727299999, 31.77048828200003]]]}, "properties": {"PLACEKEY": "22n-223@8tf-p3j-ht9", "name": "Clifton Espinoza MD", "category": "Offices of Physicians", "address": "1330 E Yandell Dr", "sqft": 8245.1, "unique_visits": 83, "days_with_any_visit": 63, "visits_per_day": 1.32, "visits_per_sqft": 0.0101}}, {"type": "Feature", "geometry": {"type": "Polygon", "coordinates": [[[-106.48237938899996, 31.766592290000062], [-106.48260669999996, 31.766846], [-106.48251409999995, 31.766908100000023], [-106.48225842799997, 31.76707358500005], [-106.48203896099994, 31.766842750000023], [-106.48210903599994, 31.766794969000046], [-106.48221130099995, 31.766902531000028], [-106.48231203499995, 31.766833845000065], [-106.48222387599998, 31.766741120000063], [-106.48232460899999, 31.766672435000032], [-106.48229992599994, 31.76664647100006], [-106.48237938899996, 31.766592290000062]]]}, "properties": {"PLACEKEY": "226-222@8tf-p3j-m8v", "name": "American Furniture Outlet", "category": "Furniture Stores", "address": "1025 E Missouri Ave", "sqft": 13002.8, "unique_visits": 5855, "days_with_any_visit": 594, "visits_per_day": 9.86, "visits_per_sqft": 0.4503}}, {"type": "Feature", "geometry": {"type": "Polygon", "coordinates": [[[-106.47907460899995, 31.77157475300004], [-106.47917727299995, 31.771516301000077], [-106.47928708899997, 31.771654606000027], [-106.47918442499997, 31.771713059000035], [-106.47907460899995, 31.77157475300004]]]}, "properties": {"PLACEKEY": "228-22c@8tf-p3j-hh5", "name": "Molly Luevanos Lpc", "category": "Offices of Physicians", "address": "1418 Montana Ave", "sqft": 2335.8, "unique_visits": 225, "days_with_any_visit": 129, "visits_per_day": 1.74, "visits_per_sqft": 0.0963}}, {"type": "Feature", "geometry": {"type": "Polygon", "coordinates": [[[-106.47983865099997, 31.768250575000025], [-106.47992069099996, 31.76820037600004], [-106.48005900599998, 31.76836248400008], [-106.479976965, 31.768412683000065], [-106.47983865099997, 31.768250575000025]]]}, "properties": {"PLACEKEY": "22b-222@8tf-p3j-m49", "name": "Law Office of Santiago D Hernandez", "category": "Legal Services", "address": "1219 E Missouri Ave", "sqft": 2292.7, "unique_visits": 1499, "days_with_any_visit": 464, "visits_per_day": 3.23, "visits_per_sqft": 0.6538}}, {"type": "Feature", "geometry": {"type": "Polygon", "coordinates": [[[-106.48023332399998, 31.770317611000053], [-106.48030887399995, 31.770268015000056], [-106.48045701799998, 31.770429841000066], [-106.48043035299997, 31.770447345000036], [-106.48047858499996, 31.77050003200003], [-106.48042969999995, 31.770532124000056], [-106.48023332399998, 31.770317611000053]]]}, "properties": {"PLACEKEY": "229-222@8tf-p3j-ht9", "name": "Townhouses at 1309 Yandell Dr", "category": "Lessors of Real Estate", "address": "1309 E Yandell Dr", "sqft": 2680.2, "unique_visits": 1376, "days_with_any_visit": 291, "visits_per_day": 4.73, "visits_per_sqft": 0.5134}}, {"type": "Feature", "geometry": {"type": "Polygon", "coordinates": [[[-106.47926254599997, 31.77249408700004], [-106.47933348499998, 31.77245369800005], [-106.47931779599998, 31.772433939000052], [-106.47924313199997, 31.772476450000056], [-106.47909879999997, 31.772294677000048], [-106.479341461, 31.77215651700004], [-106.47935401099994, 31.772172323000063], [-106.47942867599994, 31.77212981200006], [-106.47940985099996, 31.772106102000066], [-106.47947984799998, 31.772066248000044], [-106.479652419, 31.77228358600007], [-106.47956375399997, 31.772334068000077], [-106.47954806599995, 31.77231431000007], [-106.47953406599999, 31.772322281000072], [-106.47955916799998, 31.77235389300006], [-106.47946583699996, 31.772407032000046], [-106.47938425799998, 31.77230429100007], [-106.47930492599994, 31.772349459000054], [-106.47938650499998, 31.772452200000032], [-106.47946116999998, 31.77240968900003], [-106.47954588799996, 31.77251638300004], [-106.47937065199994, 31.772616153000058], [-106.47926254599997, 31.77249408700004]]]}, "properties": {"PLACEKEY": "22b-224@8tf-p3j-k2k", "name": "Werge Lawfirm", "category": "Legal Services", "address": "1413 Montana Ave", "sqft": 15252.4, "unique_visits": 479, "days_with_any_visit": 266, "visits_per_day": 1.8, "visits_per_sqft": 0.0314}}, {"type": "Feature", "geometry": {"type": "Polygon", "coordinates": [[[-106.48055761899997, 31.77084670200003], [-106.48045785, 31.77070859400004], [-106.480424272, 31.770725988000038], [-106.48037732199998, 31.77066099500007], [-106.48044447799998, 31.770626208000067], [-106.48049729699994, 31.770699324000077], [-106.48055934799999, 31.770667179000043], [-106.48063042899997, 31.77074674000005], [-106.48066314999994, 31.770792035000056], [-106.48055761899997, 31.77084670200003]]]}, "properties": {"PLACEKEY": "224-223@8tf-p3j-ht9", "name": "El Paso Christian Institute", "category": "Religious Organizations", "address": "1310 Montana Ave", "sqft": 2787.9, "unique_visits": 121, "days_with_any_visit": 85, "visits_per_day": 1.42, "visits_per_sqft": 0.0434}}, {"type": "Feature", "geometry": {"type": "Polygon", "coordinates": [[[-106.480341, 31.772209], [-106.48034114445821, 31.77220605948579], [-106.48034157644159, 31.77220314729034], [-106.48034229178994, 31.772200291459683], [-106.48034328361403, 31.77219751949703], [-106.48034454236208, 31.772194858097894], [-106.48034605591164, 31.77219233289301], [-106.4803478096864, 31.772189968201474], [-106.48034978679657, 31.772187786796565], [-106.48035196820148, 31.7721858096864], [-106.48035433289301, 31.77218405591163], [-106.4803568580979, 31.77218254236207], [-106.48035951949703, 31.772181283614024], [-106.48036229145968, 31.77218029178993], [-106.48036514729034, 31.772179576441587], [-106.4803680594858, 31.7721791444582], [-106.480371, 31.772179], [-106.48037394051421, 31.7721791444582], [-106.48037685270967, 31.772179576441587], [-106.48037970854033, 31.77218029178993], [-106.48038248050298, 31.772181283614024], [-106.4803851419021, 31.77218254236207], [-106.480387667107, 31.77218405591163], [-106.48039003179854, 31.7721858096864], [-106.48039221320344, 31.772187786796565], [-106.4803941903136, 31.772189968201474], [-106.48039594408837, 31.77219233289301], [-106.48039745763793, 31.772194858097894], [-106.48039871638598, 31.77219751949703], [-106.48039970821007, 31.772200291459683], [-106.48040042355842, 31.77220314729034], [-106.4804008555418, 31.77220605948579], [-106.480401, 31.772209], [-106.4804008555418, 31.77221194051421], [-106.48040042355842, 31.77221485270966], [-106.48039970821007, 31.772217708540317], [-106.48039871638598, 31.77222048050297], [-106.48039745763793, 31.772223141902106], [-106.48039594408837, 31.77222566710699], [-106.4803941903136, 31.772228031798527], [-106.48039221320344, 31.772230213203436], [-106.48039003179854, 31.772232190313602], [-106.480387667107, 31.77223394408837], [-106.4803851419021, 31.77223545763793], [-106.48038248050298, 31.772236716385976], [-106.48037970854033, 31.77223770821007], [-106.48037685270967, 31.772238423558413], [-106.48037394051421, 31.7722388555418], [-106.480371, 31.772239], [-106.4803680594858, 31.7722388555418], [-106.48036514729034, 31.772238423558413], [-106.48036229145968, 31.77223770821007], [-106.48035951949703, 31.772236716385976], [-106.4803568580979, 31.77223545763793], [-106.48035433289301, 31.77223394408837], [-106.48035196820148, 31.772232190313602], [-106.48034978679657, 31.772230213203436], [-106.4803478096864, 31.772228031798527], [-106.48034605591164, 31.77222566710699], [-106.48034454236208, 31.772223141902106], [-106.48034328361403, 31.77222048050297], [-106.48034229178994, 31.772217708540317], [-106.48034157644159, 31.77221485270966], [-106.48034114445821, 31.77221194051421], [-106.480341, 31.772209]]]}, "properties": {"PLACEKEY": "zzy-222@8tf-p3j-hkf", "name": "Sun Metro Rio Grande Newman", "category": "Urban Transit Systems", "address": "Rio Grande Newman", "sqft": null, "unique_visits": 30, "days_with_any_visit": 30, "visits_per_day": 1.0, "visits_per_sqft": 0.0}}, {"type": "Feature", "geometry": {"type": "Polygon", "coordinates": [[[-106.48201675399997, 31.769158219000076], [-106.48210714199996, 31.769086696000045], [-106.48212633799994, 31.769104092000077], [-106.48222083499996, 31.769029318000037], [-106.48232832999997, 31.76912673700008], [-106.48219274599995, 31.769234022000035], [-106.48220810299995, 31.769247939000024], [-106.48215879999998, 31.769286952000073], [-106.48201675399997, 31.769158219000076]]]}, "properties": {"PLACEKEY": "22z-222@8tf-p3j-kzz", "name": "Heaven Sent Caskets", "category": "Death Care Services", "address": "1131 E Yandell Dr", "sqft": 4294.8, "unique_visits": 677, "days_with_any_visit": 335, "visits_per_day": 2.02, "visits_per_sqft": 0.1576}}, {"type": "Feature", "geometry": {"type": "Polygon", "coordinates": [[[-106.48174623299997, 31.769875290000073], [-106.48185314499995, 31.769805547000033], [-106.48197668199998, 31.769941349000078], [-106.48186976999995, 31.77001109300005], [-106.48174623299997, 31.769875290000073]]]}, "properties": {"PLACEKEY": "23w-222@8tf-p3j-hnq", "name": "Desert Lotus USA", "category": "Offices of Other Health Practitioners", "address": "1210 Montana Ave Ste 205", "sqft": 2615.6, "unique_visits": 312, "days_with_any_visit": 192, "visits_per_day": 1.62, "visits_per_sqft": 0.1193}}, {"type": "Feature", "geometry": {"type": "Polygon", "coordinates": [[[-106.48419784499998, 31.76906190400007], [-106.48429509999994, 31.769171700000072], [-106.48424146499997, 31.769206376000056], [-106.48418790699998, 31.769145206000076], [-106.48410208499996, 31.769199092000065], [-106.48397146999997, 31.76904991500004], [-106.48407987699994, 31.768981848000067], [-106.48416695299994, 31.76908130000004], [-106.48419784499998, 31.76906190400007]]]}, "properties": {"PLACEKEY": "22h-222@8tf-p3j-5zz", "name": "Inicia Insurance Group", "category": "Agencies, Brokerages, and Other Insurance Related Activities", "address": "1017 Montana Ave", "sqft": 3681.3, "unique_visits": 505, "days_with_any_visit": 287, "visits_per_day": 1.76, "visits_per_sqft": 0.1372}}, {"type": "Feature", "geometry": {"type": "Polygon", "coordinates": [[[-106.47983069799994, 31.771844360000046], [-106.48000972899996, 31.77172905300006], [-106.48001994199996, 31.77174042300004], [-106.48010050599999, 31.771688535000067], [-106.48035241699995, 31.77196900100006], [-106.48009282099997, 31.772136196000076], [-106.47983069799994, 31.771844360000046]]]}, "properties": {"PLACEKEY": "233-222@8tf-p3j-hkf", "name": "Thrifty Enterprise", "category": "Automotive Equipment Rental and Leasing", "address": "1401 Montana Ave Ste D", "sqft": 13358.0, "unique_visits": 379, "days_with_any_visit": 204, "visits_per_day": 1.86, "visits_per_sqft": 0.0284}}, {"type": "Feature", "geometry": {"type": "Polygon", "coordinates": [[[-106.48087252199997, 31.77152439200006], [-106.48089186799996, 31.77151278300005], [-106.48093413499998, 31.771563291000064], [-106.48090660599996, 31.77157980900006], [-106.48101389899995, 31.771708020000062], [-106.48092672499996, 31.771760330000063], [-106.48079992599997, 31.771608809000043], [-106.48085498299997, 31.771575771000073], [-106.48083222399998, 31.771548574000064], [-106.48087252199997, 31.77152439200006]]]}, "properties": {"PLACEKEY": "224-222@8tf-p3j-hbk", "name": "Samajeda Group Llc", "category": "Clothing and Clothing Accessories Stores", "address": "1320 E Rio Grande Ave", "sqft": 2626.4, "unique_visits": 516, "days_with_any_visit": 335, "visits_per_day": 1.54, "visits_per_sqft": 0.1965}}, {"type": "Feature", "geometry": {"type": "Polygon", "coordinates": [[[-106.47661155999998, 31.77071401300003], [-106.47656883999997, 31.770664901000032], [-106.47651450899997, 31.77069878900005], [-106.47637777799997, 31.770541597000033], [-106.47648689499994, 31.770473534000075], [-106.47660731499997, 31.770611331000055], [-106.47659743999998, 31.770617490000063], [-106.47665676299994, 31.77068568900006], [-106.47661155999998, 31.77071401300003]], [[-106.47657862399996, 31.770587828000032], [-106.47654860999995, 31.77055332300006], [-106.47654408199998, 31.770556147000036], [-106.47657409599998, 31.770590653000056], [-106.47657862399996, 31.770587828000032]]]}, "properties": {"PLACEKEY": "223-228@8tf-p3j-gx5", "name": "Abogado Arturo Rodriguez", "category": "Legal Services", "address": "1515 E Missouri Ave", "sqft": 3326.0, "unique_visits": 927, "days_with_any_visit": 412, "visits_per_day": 2.25, "visits_per_sqft": 0.2787}}, {"type": "Feature", "geometry": {"type": "Polygon", "coordinates": [[[-106.481430935, 31.77143799600003], [-106.48130367099998, 31.77129264100006], [-106.48133980799997, 31.771269953000058], [-106.481323063, 31.771250828000063], [-106.481345649, 31.77123664800007], [-106.48132220499997, 31.771209871000053], [-106.48143965099996, 31.771136136000052], [-106.481419556, 31.771113185000047], [-106.48146924499997, 31.771081989000038], [-106.48153622599995, 31.77115849200004], [-106.48141426399997, 31.771235064000052], [-106.48143435699996, 31.771258014000068], [-106.48140273799999, 31.771277866000048], [-106.48146636999996, 31.77135054400003], [-106.48147540499997, 31.771344872000043], [-106.48151224399999, 31.771386949000032], [-106.481430935, 31.77143799600003]]]}, "properties": {"PLACEKEY": "222-225@8tf-p3j-hbk", "name": "Belle A me Wellness", "category": "Offices of Other Health Practitioners", "address": "1300 E Rio Grande Ave", "sqft": 3864.2, "unique_visits": 638, "days_with_any_visit": 326, "visits_per_day": 1.96, "visits_per_sqft": 0.1651}}, {"type": "Feature", "geometry": {"type": "Polygon", "coordinates": [[[-106.480594323, 31.77121796700004], [-106.48060651199995, 31.77121016600006], [-106.48074213099994, 31.771362122000028], [-106.48066137999996, 31.77141380100005], [-106.48052576199996, 31.771261845000026], [-106.480594323, 31.77121796700004]]]}, "properties": {"PLACEKEY": "22c-223@8tf-p3j-hbk", "name": "Breeze Autocare", "category": "Management of Companies and Enterprises", "address": "1319 Montana Ave", "sqft": 2174.3, "unique_visits": 247, "days_with_any_visit": 188, "visits_per_day": 1.31, "visits_per_sqft": 0.1136}}, {"type": "Feature", "geometry": {"type": "Polygon", "coordinates": [[[-106.47983069799994, 31.771844360000046], [-106.48000972899996, 31.77172905300006], [-106.48001994199996, 31.77174042300004], [-106.48010050599999, 31.771688535000067], [-106.48035241699995, 31.77196900100006], [-106.48009282099997, 31.772136196000076], [-106.47983069799994, 31.771844360000046]]]}, "properties": {"PLACEKEY": "22c-22h@8tf-p3j-hkf", "name": "Law Office of Diego A Vazquez", "category": "Legal Services", "address": "1401 Montana Ave", "sqft": 13358.0, "unique_visits": 379, "days_with_any_visit": 204, "visits_per_day": 1.86, "visits_per_sqft": 0.0284}}, {"type": "Feature", "geometry": {"type": "Polygon", "coordinates": [[[-106.48096499199994, 31.769242124000073], [-106.48096870599994, 31.769239967000033], [-106.48108956199997, 31.769389192000062], [-106.48098754199998, 31.769448444000034], [-106.48086668599996, 31.76929921900006], [-106.48096499199994, 31.769242124000073]]]}, "properties": {"PLACEKEY": "22b-225@8tf-p3j-m6k", "name": "El Paso Opera", "category": "Performing Arts Companies", "address": "1218 E Yandell Dr", "sqft": 2529.5, "unique_visits": 238, "days_with_any_visit": 151, "visits_per_day": 1.58, "visits_per_sqft": 0.0941}}, {"type": "Feature", "geometry": {"type": "Polygon", "coordinates": [[[-106.48425365799994, 31.774563820000026], [-106.484379043, 31.77448254500007], [-106.48450209999999, 31.77461866300007], [-106.48436813999996, 31.77470549700007], [-106.48424508399995, 31.774569378000024], [-106.48425365799994, 31.774563820000026]]]}, "properties": {"PLACEKEY": "228-223@8tf-p3h-g6k", "name": "Jorge Bilbao MD", "category": "Offices of Physicians", "address": "1301 E River Ave", "sqft": 3272.2, "unique_visits": 20, "days_with_any_visit": 18, "visits_per_day": 1.11, "visits_per_sqft": 0.0061}}, {"type": "Feature", "geometry": {"type": "Polygon", "coordinates": [[[-106.48216094799994, 31.77021246100003], [-106.48229723299994, 31.770145696000043], [-106.48237607699997, 31.770261104000042], [-106.48223979199997, 31.770327871000063], [-106.48216094799994, 31.77021246100003]]]}, "properties": {"PLACEKEY": "22j-222@8tf-p3j-hnq", "name": "Felipe DJ Millan", "category": "Legal Services", "address": "1147 Montana Ave", "sqft": 2368.1, "unique_visits": 204, "days_with_any_visit": 151, "visits_per_day": 1.35, "visits_per_sqft": 0.0861}}, {"type": "Feature", "geometry": {"type": "Polygon", "coordinates": [[[-106.48294455099995, 31.77105066400003], [-106.48290357399998, 31.77099940100004], [-106.48286632099996, 31.771020755000052], [-106.48279382299995, 31.770930058000033], [-106.48292886799999, 31.77085265100004], [-106.48304234199998, 31.77099461100005], [-106.48294455099995, 31.77105066400003]]]}, "properties": {"PLACEKEY": "22f-222@8tf-p3j-hqz", "name": "Ramos Robert Atty", "category": "Legal Services", "address": "1145 E Rio Grande Ave", "sqft": 2841.7, "unique_visits": 334, "days_with_any_visit": 201, "visits_per_day": 1.66, "visits_per_sqft": 0.1175}}, {"type": "Feature", "geometry": {"type": "Polygon", "coordinates": [[[-106.477464694, 31.773153324000077], [-106.47758441499997, 31.773076222000043], [-106.47781801099995, 31.773336304000054], [-106.47769759999994, 31.77341880000006], [-106.477464694, 31.773153324000077]]]}, "properties": {"PLACEKEY": "228-223@8tf-p3j-jn5", "name": "Spiritual Worx", "category": "Home Furnishings Stores", "address": "1601 Montana Ave", "sqft": 5672.6, "unique_visits": 218, "days_with_any_visit": 109, "visits_per_day": 2.0, "visits_per_sqft": 0.0384}}, {"type": "Feature", "geometry": {"type": "Polygon", "coordinates": [[[-106.48055761899997, 31.77084670200003], [-106.48045785, 31.77070859400004], [-106.480424272, 31.770725988000038], [-106.48037732199998, 31.77066099500007], [-106.48044447799998, 31.770626208000067], [-106.48049729699994, 31.770699324000077], [-106.48055934799999, 31.770667179000043], [-106.48063042899997, 31.77074674000005], [-106.48066314999994, 31.770792035000056], [-106.48055761899997, 31.77084670200003]]]}, "properties": {"PLACEKEY": "224-226@8tf-p3j-ht9", "name": "Southwest Polygraph", "category": "Advertising, Public Relations, and Related Services", "address": "1310 Montana Ave", "sqft": 2787.9, "unique_visits": 121, "days_with_any_visit": 85, "visits_per_day": 1.42, "visits_per_sqft": 0.0434}}, {"type": "Feature", "geometry": {"type": "Polygon", "coordinates": [[[-106.48153676952566, 31.768380468543988], [-106.48161583013284, 31.768307818256318], [-106.48171366799994, 31.76842779900005], [-106.48163023899997, 31.76848257200004], [-106.48153676952566, 31.768380468543988]]]}, "properties": {"PLACEKEY": "22d-224@8tf-p3j-kxq", "name": "Rio Bravo Financial Services", "category": "Other Professional, Scientific, and Technical Services", "address": "1127 Wyoming Ave", "sqft": 1711.5, "unique_visits": 118, "days_with_any_visit": 92, "visits_per_day": 1.28, "visits_per_sqft": 0.0689}}, {"type": "Feature", "geometry": {"type": "Polygon", "coordinates": [[[-106.486339, 31.769667], [-106.4863391444582, 31.769664059485788], [-106.48633957644158, 31.76966114729034], [-106.48634029178993, 31.76965829145968], [-106.48634128361402, 31.76965551949703], [-106.48634254236207, 31.769652858097892], [-106.48634405591163, 31.769650332893008], [-106.4863458096864, 31.769647968201472], [-106.48634778679656, 31.769645786796563], [-106.48634996820147, 31.769643809686396], [-106.486352332893, 31.76964205591163], [-106.4863548580979, 31.76964054236207], [-106.48635751949702, 31.769639283614023], [-106.48636029145968, 31.769638291789928], [-106.48636314729033, 31.769637576441585], [-106.48636605948579, 31.769637144458198], [-106.486369, 31.769637], [-106.4863719405142, 31.769637144458198], [-106.48637485270966, 31.769637576441585], [-106.48637770854032, 31.769638291789928], [-106.48638048050297, 31.769639283614023], [-106.4863831419021, 31.76964054236207], [-106.48638566710699, 31.76964205591163], [-106.48638803179853, 31.769643809686396], [-106.48639021320344, 31.769645786796563], [-106.4863921903136, 31.769647968201472], [-106.48639394408836, 31.769650332893008], [-106.48639545763793, 31.769652858097892], [-106.48639671638597, 31.76965551949703], [-106.48639770821006, 31.76965829145968], [-106.48639842355841, 31.76966114729034], [-106.4863988555418, 31.769664059485788], [-106.486399, 31.769667], [-106.4863988555418, 31.76966994051421], [-106.48639842355841, 31.769672852709657], [-106.48639770821006, 31.769675708540316], [-106.48639671638597, 31.769678480502968], [-106.48639545763793, 31.769681141902105], [-106.48639394408836, 31.76968366710699], [-106.4863921903136, 31.769686031798525], [-106.48639021320344, 31.769688213203434], [-106.48638803179853, 31.7696901903136], [-106.48638566710699, 31.76969194408837], [-106.4863831419021, 31.769693457637928], [-106.48638048050297, 31.769694716385974], [-106.48637770854032, 31.76969570821007], [-106.48637485270966, 31.76969642355841], [-106.4863719405142, 31.7696968555418], [-106.486369, 31.769697], [-106.48636605948579, 31.7696968555418], [-106.48636314729033, 31.76969642355841], [-106.48636029145968, 31.76969570821007], [-106.48635751949702, 31.769694716385974], [-106.4863548580979, 31.769693457637928], [-106.486352332893, 31.76969194408837], [-106.48634996820147, 31.7696901903136], [-106.48634778679656, 31.769688213203434], [-106.4863458096864, 31.769686031798525], [-106.48634405591163, 31.76968366710699], [-106.48634254236207, 31.769681141902105], [-106.48634128361402, 31.769678480502968], [-106.48634029178993, 31.769675708540316], [-106.48633957644158, 31.769672852709657], [-106.4863391444582, 31.76966994051421], [-106.486339, 31.769667]]]}, "properties": {"PLACEKEY": "zzy-224@8tf-p3j-5xq", "name": "Sun Metro 901 Arizona Ange", "category": "Urban Transit Systems", "address": "901 Arizona Ave", "sqft": null, "unique_visits": 55, "days_with_any_visit": 47, "visits_per_day": 1.17, "visits_per_sqft": 0.0}}, {"type": "Feature", "geometry": {"type": "Polygon", "coordinates": [[[-106.47687593099994, 31.773747857000046], [-106.47699139999997, 31.773875300000043], [-106.47680233999995, 31.773998928000026], [-106.47660133799997, 31.773775132000026], [-106.47664609799995, 31.773746308000057], [-106.47662907799997, 31.77372735700004], [-106.47668726699999, 31.773689884000078], [-106.47670088199999, 31.773705044000053], [-106.47678145099997, 31.773653159000048], [-106.47686995799995, 31.773751703000073], [-106.47687593099994, 31.773747857000046]]]}, "properties": {"PLACEKEY": "22w-222@8tf-p3j-jvz", "name": "Tien Shan Tzi", "category": "Elementary and Secondary Schools", "address": "1629 Montana Ave", "sqft": 7707.0, "unique_visits": 361, "days_with_any_visit": 248, "visits_per_day": 1.46, "visits_per_sqft": 0.0468}}, {"type": "Feature", "geometry": {"type": "Polygon", "coordinates": [[[-106.47569688899995, 31.773774789000072], [-106.47607111399998, 31.773530711000035], [-106.476204941, 31.773677836000047], [-106.47583071599996, 31.773921914000027], [-106.47569688899995, 31.773774789000072]]]}, "properties": {"PLACEKEY": "zzw-223@8tf-p3j-jvz", "name": "Metro by T-Mobile", "category": "Wired and Wireless Telecommunications Carriers", "address": "1700 Montana Ave", "sqft": 9913.6, "unique_visits": 1072, "days_with_any_visit": 419, "visits_per_day": 2.56, "visits_per_sqft": 0.1081}}, {"type": "Feature", "geometry": {"type": "Polygon", "coordinates": [[[-106.48361605999997, 31.77044619800006], [-106.48361830199997, 31.770444808000036], [-106.48372790699995, 31.770571606000033], [-106.48369160599998, 31.77059410700008], [-106.48370821299994, 31.770613319000063], [-106.48364922599995, 31.770649883000033], [-106.48352301399996, 31.770503871000074], [-106.48361605999997, 31.77044619800006]]]}, "properties": {"PLACEKEY": "22r-222@8tf-p3j-5s5", "name": "Watson Law Firm", "category": "Legal Services", "address": "1123 E Rio Grande Ave", "sqft": 2292.7, "unique_visits": 891, "days_with_any_visit": 358, "visits_per_day": 2.49, "visits_per_sqft": 0.3886}}, {"type": "Feature", "geometry": {"type": "Polygon", "coordinates": [[[-106.47817831299994, 31.772882025000058], [-106.47828994799994, 31.772809670000072], [-106.47840957399995, 31.77294201500007], [-106.47829793799997, 31.773014369000066], [-106.47817831299994, 31.772882025000058]]]}, "properties": {"PLACEKEY": "222-227@8tf-p3j-k2k", "name": "The Rodrigo V Ramos Law Firm P C", "category": "Legal Services", "address": "1519 Montana Ave", "sqft": 2647.9, "unique_visits": 95, "days_with_any_visit": 84, "visits_per_day": 1.13, "visits_per_sqft": 0.0359}}, {"type": "Feature", "geometry": {"type": "Polygon", "coordinates": [[[-106.48055761899997, 31.77084670200003], [-106.48045785, 31.77070859400004], [-106.480424272, 31.770725988000038], [-106.48037732199998, 31.77066099500007], [-106.48044447799998, 31.770626208000067], [-106.48049729699994, 31.770699324000077], [-106.48055934799999, 31.770667179000043], [-106.48063042899997, 31.77074674000005], [-106.48066314999994, 31.770792035000056], [-106.48055761899997, 31.77084670200003]]]}, "properties": {"PLACEKEY": "224-227@8tf-p3j-ht9", "name": "Francisco Torres Lpc; Lsotp", "category": "Offices of Physicians", "address": "1310 Montana Ave", "sqft": 2787.9, "unique_visits": 121, "days_with_any_visit": 85, "visits_per_day": 1.42, "visits_per_sqft": 0.0434}}, {"type": "Feature", "geometry": {"type": "Polygon", "coordinates": [[[-106.48699533858245, 31.77085643646058], [-106.48685720481818, 31.770944228295356], [-106.48662117042487, 31.770667170663295], [-106.4867525986666, 31.77058393919612], [-106.48699533858245, 31.77085643646058]]]}, "properties": {"PLACEKEY": "229-222@8tf-p3j-6p9", "name": "Apartments at 1001 E Nevada Ave", "category": "Lessors of Real Estate", "address": "1001 E Nevada Ave", "sqft": 6501.4, "unique_visits": 1301, "days_with_any_visit": 455, "visits_per_day": 2.86, "visits_per_sqft": 0.2001}}, {"type": "Feature", "geometry": {"type": "Polygon", "coordinates": [[[-106.47678302799994, 31.773188924000067], [-106.47664743299998, 31.77303102500008], [-106.47672474999996, 31.772983417000034], [-106.47670821399998, 31.77296416100006], [-106.47673550199994, 31.772947358000067], [-106.47674872999994, 31.772962763000066], [-106.47709892799998, 31.77274712600007], [-106.47723121599995, 31.772901174000026], [-106.47709932399994, 31.77298238700007], [-106.47714893099999, 31.773040156000036], [-106.47696246299995, 31.773154975000068], [-106.47691946899994, 31.77310491000003], [-106.47678302799994, 31.773188924000067]]]}, "properties": {"PLACEKEY": "238-224@8tf-p3j-jy9", "name": "Jessica Cantu MA, Lpc", "category": "Offices of Physicians", "address": "1601 E Yandell Dr", "sqft": 14176.1, "unique_visits": 676, "days_with_any_visit": 275, "visits_per_day": 2.46, "visits_per_sqft": 0.0477}}, {"type": "Feature", "geometry": {"type": "Polygon", "coordinates": [[[-106.47907460899995, 31.77157475300004], [-106.47917727299995, 31.771516301000077], [-106.47928708899997, 31.771654606000027], [-106.47918442499997, 31.771713059000035], [-106.47907460899995, 31.77157475300004]]]}, "properties": {"PLACEKEY": "226-224@8tf-p3j-k2k", "name": "Danila Jimenez Aprn-cnp", "category": "Offices of Other Health Practitioners", "address": "1411 Montana Ave", "sqft": 2335.8, "unique_visits": 225, "days_with_any_visit": 129, "visits_per_day": 1.74, "visits_per_sqft": 0.0963}}, {"type": "Feature", "geometry": {"type": "Polygon", "coordinates": [[[-106.47678302799994, 31.773188924000067], [-106.47664743299998, 31.77303102500008], [-106.47672474999996, 31.772983417000034], [-106.47670821399998, 31.77296416100006], [-106.47673550199994, 31.772947358000067], [-106.47674872999994, 31.772962763000066], [-106.47709892799998, 31.77274712600007], [-106.47723121599995, 31.772901174000026], [-106.47709932399994, 31.77298238700007], [-106.47714893099999, 31.773040156000036], [-106.47696246299995, 31.773154975000068], [-106.47691946899994, 31.77310491000003], [-106.47678302799994, 31.773188924000067]]]}, "properties": {"PLACEKEY": "226-235@8tf-p3j-jn5", "name": "Brie Alford Mnsc, Bsn, RN", "category": "Offices of Other Health Practitioners", "address": "1600 Montana Ave", "sqft": 14176.1, "unique_visits": 676, "days_with_any_visit": 275, "visits_per_day": 2.46, "visits_per_sqft": 0.0477}}, {"type": "Feature", "geometry": {"type": "Polygon", "coordinates": [[[-106.48574745499997, 31.769828821000033], [-106.485621187, 31.769683685000075], [-106.485698975, 31.76963515400007], [-106.4858243, 31.769777900000065], [-106.48584275999997, 31.76979386100004], [-106.48576126999995, 31.769844701000068], [-106.48574745499997, 31.769828821000033]]]}, "properties": {"PLACEKEY": "223-225@8tf-p3j-5xq", "name": "El Paso Photo Ops", "category": "Consumer Goods Rental", "address": "1002 Arizona Ave", "sqft": 2195.8, "unique_visits": 312, "days_with_any_visit": 203, "visits_per_day": 1.54, "visits_per_sqft": 0.1421}}, {"type": "Feature", "geometry": {"type": "Polygon", "coordinates": [[[-106.48298071799996, 31.770818017000067], [-106.48308076799998, 31.77075640000004], [-106.48317998999994, 31.770871931000045], [-106.48307994099997, 31.770933548000073], [-106.48298071799996, 31.770818017000067]]]}, "properties": {"PLACEKEY": "228-225@8tf-p3j-hqz", "name": "Law Offices of Ruben Ortiz", "category": "Legal Services", "address": "1141 E Rio Grande Ave", "sqft": 2002.1, "unique_visits": 460, "days_with_any_visit": 243, "visits_per_day": 1.89, "visits_per_sqft": 0.2298}}, {"type": "Feature", "geometry": {"type": "Polygon", "coordinates": [[[-106.47938727299999, 31.77048828200003], [-106.47919379899997, 31.77026005400006], [-106.479321702, 31.770182301000034], [-106.47939384499995, 31.77026740200006], [-106.47952631799996, 31.770186872000068], [-106.47964764899996, 31.770329997000033], [-106.47938727299999, 31.77048828200003]]]}, "properties": {"PLACEKEY": "22n-222@8tf-p3j-ht9", "name": "Jerry W Miller MD", "category": "Offices of Physicians", "address": "1330 E Yandell Dr", "sqft": 8245.1, "unique_visits": 83, "days_with_any_visit": 63, "visits_per_day": 1.32, "visits_per_sqft": 0.0101}}, {"type": "Feature", "geometry": {"type": "Polygon", "coordinates": [[[-106.48088668899999, 31.771034663000023], [-106.48097682599996, 31.77097770900008], [-106.48107434899998, 31.77108838600003], [-106.48098421099996, 31.771145340000032], [-106.48088668899999, 31.771034663000023]]]}, "properties": {"PLACEKEY": "22j-223@8tf-p3j-hbk", "name": "Farmers Insurance Group", "category": "Agencies, Brokerages, and Other Insurance Related Activities", "address": "1309 Montana Ave", "sqft": 1754.5, "unique_visits": 646, "days_with_any_visit": 367, "visits_per_day": 1.76, "visits_per_sqft": 0.3682}}, {"type": "Feature", "geometry": {"type": "Polygon", "coordinates": [[[-106.48270576599998, 31.76922544300004], [-106.48279791999994, 31.769170856000073], [-106.48292684299997, 31.76932693400005], [-106.48283468799997, 31.76938152100007], [-106.48270576599998, 31.76922544300004]]]}, "properties": {"PLACEKEY": "zzy-223@8tf-p3j-kzz", "name": "Deshea Exclusive", "category": "Personal Care Services", "address": "1116 Montana Ave Ste D", "sqft": 2421.9, "unique_visits": 118, "days_with_any_visit": 95, "visits_per_day": 1.24, "visits_per_sqft": 0.0487}}, {"type": "Feature", "geometry": {"type": "Polygon", "coordinates": [[[-106.48451378399994, 31.768709800000067], [-106.48462267999997, 31.76864229800003], [-106.48474556899998, 31.768784466000056], [-106.48463667299995, 31.768851969000025], [-106.48451378399994, 31.768709800000067]]]}, "properties": {"PLACEKEY": "22b-227@8tf-p3j-5vf", "name": "Spencer Joe A Atty", "category": "Legal Services", "address": "1009 Montana Ave", "sqft": 2691.0, "unique_visits": 452, "days_with_any_visit": 271, "visits_per_day": 1.67, "visits_per_sqft": 0.168}}, {"type": "Feature", "geometry": {"type": "Polygon", "coordinates": [[[-106.47678302799994, 31.773188924000067], [-106.47664743299998, 31.77303102500008], [-106.47672474999996, 31.772983417000034], [-106.47670821399998, 31.77296416100006], [-106.47673550199994, 31.772947358000067], [-106.47674872999994, 31.772962763000066], [-106.47709892799998, 31.77274712600007], [-106.47723121599995, 31.772901174000026], [-106.47709932399994, 31.77298238700007], [-106.47714893099999, 31.773040156000036], [-106.47696246299995, 31.773154975000068], [-106.47691946899994, 31.77310491000003], [-106.47678302799994, 31.773188924000067]]]}, "properties": {"PLACEKEY": "228-224@8tf-p3j-jn5", "name": "Gomecindo Lopez Lpc", "category": "Offices of Physicians", "address": "1601 Montana Ave", "sqft": 14176.1, "unique_visits": 676, "days_with_any_visit": 275, "visits_per_day": 2.46, "visits_per_sqft": 0.0477}}, {"type": "Feature", "geometry": {"type": "Polygon", "coordinates": [[[-106.48356563299996, 31.768740324000078], [-106.48367751999996, 31.768668253000044], [-106.48369794499996, 31.768690992000074], [-106.48373374999994, 31.76866793000005], [-106.48377119499997, 31.76870962000004], [-106.48373091599996, 31.768735565000043], [-106.48377176799994, 31.768781045000026], [-106.48366435599996, 31.768850233000023], [-106.48356563299996, 31.768740324000078]]]}, "properties": {"PLACEKEY": "22f-226@8tf-p3j-5zz", "name": "Dr. Jose Silva MD", "category": "Offices of Physicians", "address": "1020 Montana Ave", "sqft": 2421.9, "unique_visits": 70, "days_with_any_visit": 61, "visits_per_day": 1.15, "visits_per_sqft": 0.0289}}, {"type": "Feature", "geometry": {"type": "Polygon", "coordinates": [[[-106.47983069799994, 31.771844360000046], [-106.48000972899996, 31.77172905300006], [-106.48001994199996, 31.77174042300004], [-106.48010050599999, 31.771688535000067], [-106.48035241699995, 31.77196900100006], [-106.48009282099997, 31.772136196000076], [-106.47983069799994, 31.771844360000046]]]}, "properties": {"PLACEKEY": "23d-222@8tf-p3j-hkf", "name": "Julian V Horwitz At Law", "category": "Legal Services", "address": "1401 Montana Ave Ste M", "sqft": 13358.0, "unique_visits": 379, "days_with_any_visit": 204, "visits_per_day": 1.86, "visits_per_sqft": 0.0284}}, {"type": "Feature", "geometry": {"type": "Polygon", "coordinates": [[[-106.48221414499994, 31.772416064000026], [-106.48233247099995, 31.772549242000025], [-106.48225153399994, 31.77260071200004], [-106.48213334599996, 31.77246744400003], [-106.48221414499994, 31.772416064000026]]]}, "properties": {"PLACEKEY": "22n-223@8tf-p3j-hdv", "name": "Substance", "category": "Computer Systems Design and Related Services", "address": "1307 Arizona Ave", "sqft": 1905.2, "unique_visits": 751, "days_with_any_visit": 413, "visits_per_day": 1.82, "visits_per_sqft": 0.3942}}, {"type": "Feature", "geometry": {"type": "Polygon", "coordinates": [[[-106.480302941, 31.77075476300007], [-106.48038236399998, 31.77070162700005], [-106.48051831599997, 31.77084734600004], [-106.48043889499996, 31.77090048200006], [-106.480302941, 31.77075476300007]]]}, "properties": {"PLACEKEY": "22m-226@8tf-p3j-ht9", "name": "Juan A Gonzalez", "category": "Legal Services", "address": "1312 Montana Ave", "sqft": 2120.5, "unique_visits": 290, "days_with_any_visit": 177, "visits_per_day": 1.64, "visits_per_sqft": 0.1368}}, {"type": "Feature", "geometry": {"type": "Polygon", "coordinates": [[[-106.47863307299997, 31.771778685000072], [-106.47885289899995, 31.771638006000046], [-106.47905632299995, 31.77186594300008], [-106.47883649599999, 31.77200662100006], [-106.47863307299997, 31.771778685000072]]]}, "properties": {"PLACEKEY": "22q-224@8tf-p3j-hh5", "name": "Lipson & Dallas PC", "category": "Legal Services", "address": "1444 Montana Ave Ste 200", "sqft": 8901.7, "unique_visits": 751, "days_with_any_visit": 359, "visits_per_day": 2.09, "visits_per_sqft": 0.0844}}, {"type": "Feature", "geometry": {"type": "Polygon", "coordinates": [[[-106.47727548599994, 31.77222141200008], [-106.47734284299997, 31.772176067000032], [-106.47747932099998, 31.772321434000048], [-106.47740889199997, 31.772368847000052], [-106.47727241499996, 31.772223479000047], [-106.47727548599994, 31.77222141200008]]]}, "properties": {"PLACEKEY": "22d-222@8tf-p3j-jn5", "name": "Aim Construction Company", "category": "Residential Building Construction", "address": "1523 E Yandell Dr", "sqft": 1883.7, "unique_visits": 311, "days_with_any_visit": 190, "visits_per_day": 1.64, "visits_per_sqft": 0.1651}}, {"type": "Feature", "geometry": {"type": "Polygon", "coordinates": [[[-106.47678302799994, 31.773188924000067], [-106.47664743299998, 31.77303102500008], [-106.47672474999996, 31.772983417000034], [-106.47670821399998, 31.77296416100006], [-106.47673550199994, 31.772947358000067], [-106.47674872999994, 31.772962763000066], [-106.47709892799998, 31.77274712600007], [-106.47723121599995, 31.772901174000026], [-106.47709932399994, 31.77298238700007], [-106.47714893099999, 31.773040156000036], [-106.47696246299995, 31.773154975000068], [-106.47691946899994, 31.77310491000003], [-106.47678302799994, 31.773188924000067]]]}, "properties": {"PLACEKEY": "226-22w@8tf-p3j-jn5", "name": "Victoria Estrada Lpc, Lcdc", "category": "Offices of Physicians", "address": "1600 Montana Ave", "sqft": 14176.1, "unique_visits": 676, "days_with_any_visit": 275, "visits_per_day": 2.46, "visits_per_sqft": 0.0477}}, {"type": "Feature", "geometry": {"type": "Polygon", "coordinates": [[[-106.47531000943785, 31.77267011853849], [-106.47519065113669, 31.77274194681946], [-106.47498814435606, 31.77252190127452], [-106.47511554928427, 31.77244893268811], [-106.47531000943785, 31.77267011853849]]]}, "properties": {"PLACEKEY": "22f-222@8tf-p3j-jsq", "name": "Pimen Properties", "category": "Lessors of Real Estate", "address": "1701 Wyoming Ave", "sqft": 4703.8, "unique_visits": 385, "days_with_any_visit": 238, "visits_per_day": 1.62, "visits_per_sqft": 0.0818}}, {"type": "Feature", "geometry": {"type": "Polygon", "coordinates": [[[-106.48277851499995, 31.766417382000043], [-106.482923772, 31.766326760000027], [-106.48290042699995, 31.766299923000076], [-106.48295022499997, 31.766268856000067], [-106.48307911899997, 31.766417026000056], [-106.48289029999995, 31.766543200000058], [-106.48277851499995, 31.766417382000043]]]}, "properties": {"PLACEKEY": "22j-222@8tf-p3j-m8v", "name": "Maxim's Imports Inc Leather Goods", "category": "Jewelry, Luggage, and Leather Goods Stores", "address": "1001 E Missouri Ave", "sqft": 4434.7, "unique_visits": 1692, "days_with_any_visit": 456, "visits_per_day": 3.71, "visits_per_sqft": 0.3815}}, {"type": "Feature", "geometry": {"type": "Polygon", "coordinates": [[[-106.48432529154995, 31.7673559464552], [-106.48425174153654, 31.767241105206192], [-106.48435219399994, 31.76717639800006], [-106.48444209999997, 31.76728070000007], [-106.48432529154995, 31.7673559464552]]]}, "properties": {"PLACEKEY": "22g-222@8tf-p3j-8d9", "name": "Time For You Massage Therapy", "category": "Personal Care Services", "address": "916 E Yandell Dr", "sqft": 1991.3, "unique_visits": 446, "days_with_any_visit": 255, "visits_per_day": 1.75, "visits_per_sqft": 0.224}}, {"type": "Feature", "geometry": {"type": "Polygon", "coordinates": [[[-106.47983069799994, 31.771844360000046], [-106.48000972899996, 31.77172905300006], [-106.48001994199996, 31.77174042300004], [-106.48010050599999, 31.771688535000067], [-106.48035241699995, 31.77196900100006], [-106.48009282099997, 31.772136196000076], [-106.47983069799994, 31.771844360000046]]]}, "properties": {"PLACEKEY": "22x-222@8tf-p3j-hkf", "name": "El Paso County Democratic Party", "category": "Civic and Social Organizations", "address": "1401 Montana Ave Ste E", "sqft": 13358.0, "unique_visits": 379, "days_with_any_visit": 204, "visits_per_day": 1.86, "visits_per_sqft": 0.0284}}, {"type": "Feature", "geometry": {"type": "Polygon", "coordinates": [[[-106.47669783999999, 31.77030174300006], [-106.47677011599995, 31.770256371000073], [-106.47691746299995, 31.770424682000055], [-106.47684518799997, 31.770470055000033], [-106.47669783999999, 31.77030174300006]]]}, "properties": {"PLACEKEY": "222-222@8tf-p3j-gx5", "name": "The Law Offices of Rios Parada & Seanez", "category": "Legal Services", "address": "1505 E Missouri Ave", "sqft": 2131.3, "unique_visits": 353, "days_with_any_visit": 232, "visits_per_day": 1.52, "visits_per_sqft": 0.1656}}, {"type": "Feature", "geometry": {"type": "Polygon", "coordinates": [[[-106.47983162199995, 31.770809987000064], [-106.47983601899995, 31.770806422000078], [-106.47990602399994, 31.770868327000073], [-106.47979230699997, 31.77096054200007], [-106.47972230099998, 31.770898638000062], [-106.47983162199995, 31.770809987000064]]]}, "properties": {"PLACEKEY": "225-222@8tf-p3j-ht9", "name": "Apartments at 809 Newman St", "category": "Lessors of Real Estate", "address": "809 Newman St", "sqft": 1528.5, "unique_visits": 586, "days_with_any_visit": 398, "visits_per_day": 1.47, "visits_per_sqft": 0.3834}}, {"type": "Feature", "geometry": {"type": "Polygon", "coordinates": [[[-106.47742098199996, 31.772398673000055], [-106.47745719999995, 31.77244280000008], [-106.47736122999999, 31.772504628000036], [-106.477288795, 31.772423979000052], [-106.47738278999998, 31.772363445000053], [-106.47741682999998, 31.772401347000027], [-106.47742098199996, 31.772398673000055]]]}, "properties": {"PLACEKEY": "232-222@8tf-p3j-jn5", "name": "Provident Safety Consulting Services", "category": "Other Schools and Instruction", "address": "801 N Lee St", "sqft": 1377.8, "unique_visits": 216, "days_with_any_visit": 149, "visits_per_day": 1.45, "visits_per_sqft": 0.1568}}, {"type": "Feature", "geometry": {"type": "Polygon", "coordinates": [[[-106.47983069799994, 31.771844360000046], [-106.48000972899996, 31.77172905300006], [-106.48001994199996, 31.77174042300004], [-106.48010050599999, 31.771688535000067], [-106.48035241699995, 31.77196900100006], [-106.48009282099997, 31.772136196000076], [-106.47983069799994, 31.771844360000046]]]}, "properties": {"PLACEKEY": "22c-222@8tf-p3j-hkf", "name": "Apprvd", "category": "Other Financial Investment Activities", "address": "1401 Montana Ave", "sqft": 13358.0, "unique_visits": 379, "days_with_any_visit": 204, "visits_per_day": 1.86, "visits_per_sqft": 0.0284}}, {"type": "Feature", "geometry": {"type": "Polygon", "coordinates": [[[-106.481430935, 31.77143799600003], [-106.48130367099998, 31.77129264100006], [-106.48133980799997, 31.771269953000058], [-106.481323063, 31.771250828000063], [-106.481345649, 31.77123664800007], [-106.48132220499997, 31.771209871000053], [-106.48143965099996, 31.771136136000052], [-106.481419556, 31.771113185000047], [-106.48146924499997, 31.771081989000038], [-106.48153622599995, 31.77115849200004], [-106.48141426399997, 31.771235064000052], [-106.48143435699996, 31.771258014000068], [-106.48140273799999, 31.771277866000048], [-106.48146636999996, 31.77135054400003], [-106.48147540499997, 31.771344872000043], [-106.48151224399999, 31.771386949000032], [-106.481430935, 31.77143799600003]]]}, "properties": {"PLACEKEY": "222-227@8tf-p3j-hbk", "name": "Martinez Azalia", "category": "Offices of Physicians", "address": "1300 E Rio Grande Ave", "sqft": 3864.2, "unique_visits": 638, "days_with_any_visit": 326, "visits_per_day": 1.96, "visits_per_sqft": 0.1651}}, {"type": "Feature", "geometry": {"type": "Polygon", "coordinates": [[[-106.47678302799994, 31.773188924000067], [-106.47664743299998, 31.77303102500008], [-106.47672474999996, 31.772983417000034], [-106.47670821399998, 31.77296416100006], [-106.47673550199994, 31.772947358000067], [-106.47674872999994, 31.772962763000066], [-106.47709892799998, 31.77274712600007], [-106.47723121599995, 31.772901174000026], [-106.47709932399994, 31.77298238700007], [-106.47714893099999, 31.773040156000036], [-106.47696246299995, 31.773154975000068], [-106.47691946899994, 31.77310491000003], [-106.47678302799994, 31.773188924000067]]]}, "properties": {"PLACEKEY": "226-22z@8tf-p3j-jn5", "name": "MS. Erika Varela", "category": "Offices of Physicians", "address": "1600 Montana Ave", "sqft": 14176.1, "unique_visits": 676, "days_with_any_visit": 275, "visits_per_day": 2.46, "visits_per_sqft": 0.0477}}, {"type": "Feature", "geometry": {"type": "Polygon", "coordinates": [[[-106.48055761899997, 31.77084670200003], [-106.48045785, 31.77070859400004], [-106.480424272, 31.770725988000038], [-106.48037732199998, 31.77066099500007], [-106.48044447799998, 31.770626208000067], [-106.48049729699994, 31.770699324000077], [-106.48055934799999, 31.770667179000043], [-106.48063042899997, 31.77074674000005], [-106.48066314999994, 31.770792035000056], [-106.48055761899997, 31.77084670200003]]]}, "properties": {"PLACEKEY": "224-225@8tf-p3j-ht9", "name": "Sun City Psychological Services PLLC", "category": "Offices of Other Health Practitioners", "address": "1310 Montana Ave", "sqft": 2787.9, "unique_visits": 121, "days_with_any_visit": 85, "visits_per_day": 1.42, "visits_per_sqft": 0.0434}}, {"type": "Feature", "geometry": {"type": "Polygon", "coordinates": [[[-106.47678302799994, 31.773188924000067], [-106.47664743299998, 31.77303102500008], [-106.47672474999996, 31.772983417000034], [-106.47670821399998, 31.77296416100006], [-106.47673550199994, 31.772947358000067], [-106.47674872999994, 31.772962763000066], [-106.47709892799998, 31.77274712600007], [-106.47723121599995, 31.772901174000026], [-106.47709932399994, 31.77298238700007], [-106.47714893099999, 31.773040156000036], [-106.47696246299995, 31.773154975000068], [-106.47691946899994, 31.77310491000003], [-106.47678302799994, 31.773188924000067]]]}, "properties": {"PLACEKEY": "226-23b@8tf-p3j-jn5", "name": "Julio Enriquez Arnp", "category": "Offices of Other Health Practitioners", "address": "1600 Montana Ave", "sqft": 14176.1, "unique_visits": 676, "days_with_any_visit": 275, "visits_per_day": 2.46, "visits_per_sqft": 0.0477}}, {"type": "Feature", "geometry": {"type": "Polygon", "coordinates": [[[-106.47959850899997, 31.768442316000062], [-106.47960066999997, 31.76844098500004], [-106.47974618399996, 31.768610435000028], [-106.47970070699995, 31.768638442000054], [-106.47972054999997, 31.76866154800007], [-106.47967962099995, 31.768686753000054], [-106.47952749299998, 31.768509601000062], [-106.47955023099996, 31.768495598000072], [-106.47953700199997, 31.768480194000063], [-106.47959850899997, 31.768442316000062]]]}, "properties": {"PLACEKEY": "226-222@8tf-p3j-m49", "name": "Farah Law", "category": "Legal Services", "address": "1231 E Missouri Ave", "sqft": 2637.2, "unique_visits": 1734, "days_with_any_visit": 505, "visits_per_day": 3.43, "visits_per_sqft": 0.6575}}, {"type": "Feature", "geometry": {"type": "Polygon", "coordinates": [[[-106.47678302799994, 31.773188924000067], [-106.47664743299998, 31.77303102500008], [-106.47672474999996, 31.772983417000034], [-106.47670821399998, 31.77296416100006], [-106.47673550199994, 31.772947358000067], [-106.47674872999994, 31.772962763000066], [-106.47709892799998, 31.77274712600007], [-106.47723121599995, 31.772901174000026], [-106.47709932399994, 31.77298238700007], [-106.47714893099999, 31.773040156000036], [-106.47696246299995, 31.773154975000068], [-106.47691946899994, 31.77310491000003], [-106.47678302799994, 31.773188924000067]]]}, "properties": {"PLACEKEY": "226-23m@8tf-p3j-jn5", "name": "Mayra Valenzuela NP", "category": "Offices of Other Health Practitioners", "address": "1600 Montana Ave", "sqft": 14176.1, "unique_visits": 676, "days_with_any_visit": 275, "visits_per_day": 2.46, "visits_per_sqft": 0.0477}}, {"type": "Feature", "geometry": {"type": "Polygon", "coordinates": [[[-106.48361474499995, 31.772667824000052], [-106.48370488199998, 31.772610868000072], [-106.48381249999994, 31.772732990000065], [-106.48372236299997, 31.772789946000046], [-106.48361474499995, 31.772667824000052]]]}, "properties": {"PLACEKEY": "22b-222@8tf-p3h-gff", "name": "Top That Services", "category": "Foundation, Structure, and Building Exterior Contractors", "address": "1205 E Nevada Ave", "sqft": 1937.5, "unique_visits": 529, "days_with_any_visit": 314, "visits_per_day": 1.68, "visits_per_sqft": 0.273}}, {"type": "Feature", "geometry": {"type": "Polygon", "coordinates": [[[-106.47678302799994, 31.773188924000067], [-106.47664743299998, 31.77303102500008], [-106.47672474999996, 31.772983417000034], [-106.47670821399998, 31.77296416100006], [-106.47673550199994, 31.772947358000067], [-106.47674872999994, 31.772962763000066], [-106.47709892799998, 31.77274712600007], [-106.47723121599995, 31.772901174000026], [-106.47709932399994, 31.77298238700007], [-106.47714893099999, 31.773040156000036], [-106.47696246299995, 31.773154975000068], [-106.47691946899994, 31.77310491000003], [-106.47678302799994, 31.773188924000067]]]}, "properties": {"PLACEKEY": "226-22p@8tf-p3j-jn5", "name": "Monica Hernandez Lpc", "category": "Offices of Physicians", "address": "1600 Montana Ave", "sqft": 14176.1, "unique_visits": 676, "days_with_any_visit": 275, "visits_per_day": 2.46, "visits_per_sqft": 0.0477}}, {"type": "Feature", "geometry": {"type": "Polygon", "coordinates": [[[-106.47678302799994, 31.773188924000067], [-106.47664743299998, 31.77303102500008], [-106.47672474999996, 31.772983417000034], [-106.47670821399998, 31.77296416100006], [-106.47673550199994, 31.772947358000067], [-106.47674872999994, 31.772962763000066], [-106.47709892799998, 31.77274712600007], [-106.47723121599995, 31.772901174000026], [-106.47709932399994, 31.77298238700007], [-106.47714893099999, 31.773040156000036], [-106.47696246299995, 31.773154975000068], [-106.47691946899994, 31.77310491000003], [-106.47678302799994, 31.773188924000067]]]}, "properties": {"PLACEKEY": "226-23f@8tf-p3j-jn5", "name": "Isabel Morales Chavarria M.ed., Lpc", "category": "Offices of Physicians", "address": "1600 Montana Ave", "sqft": 14176.1, "unique_visits": 676, "days_with_any_visit": 275, "visits_per_day": 2.46, "visits_per_sqft": 0.0477}}, {"type": "Feature", "geometry": {"type": "Polygon", "coordinates": [[[-106.476195, 31.773743], [-106.4761951444582, 31.77374005948579], [-106.47619557644158, 31.77373714729034], [-106.47619629178993, 31.773734291459682], [-106.47619728361403, 31.77373151949703], [-106.47619854236207, 31.773728858097893], [-106.47620005591163, 31.77372633289301], [-106.4762018096864, 31.773723968201473], [-106.47620378679656, 31.773721786796564], [-106.47620596820147, 31.773719809686398], [-106.47620833289301, 31.77371805591163], [-106.4762108580979, 31.77371654236207], [-106.47621351949702, 31.773715283614024], [-106.47621629145968, 31.77371429178993], [-106.47621914729034, 31.773713576441587], [-106.47622205948579, 31.7737131444582], [-106.476225, 31.773713], [-106.4762279405142, 31.7737131444582], [-106.47623085270966, 31.773713576441587], [-106.47623370854032, 31.77371429178993], [-106.47623648050298, 31.773715283614024], [-106.4762391419021, 31.77371654236207], [-106.47624166710699, 31.77371805591163], [-106.47624403179853, 31.773719809686398], [-106.47624621320344, 31.773721786796564], [-106.4762481903136, 31.773723968201473], [-106.47624994408837, 31.77372633289301], [-106.47625145763793, 31.773728858097893], [-106.47625271638597, 31.77373151949703], [-106.47625370821007, 31.773734291459682], [-106.47625442355842, 31.77373714729034], [-106.4762548555418, 31.77374005948579], [-106.476255, 31.773743], [-106.4762548555418, 31.77374594051421], [-106.47625442355842, 31.77374885270966], [-106.47625370821007, 31.773751708540317], [-106.47625271638597, 31.77375448050297], [-106.47625145763793, 31.773757141902106], [-106.47624994408837, 31.77375966710699], [-106.4762481903136, 31.773762031798526], [-106.47624621320344, 31.773764213203435], [-106.47624403179853, 31.7737661903136], [-106.47624166710699, 31.77376794408837], [-106.4762391419021, 31.77376945763793], [-106.47623648050298, 31.773770716385975], [-106.47623370854032, 31.77377170821007], [-106.47623085270966, 31.773772423558412], [-106.4762279405142, 31.7737728555418], [-106.476225, 31.773773], [-106.47622205948579, 31.7737728555418], [-106.47621914729034, 31.773772423558412], [-106.47621629145968, 31.77377170821007], [-106.47621351949702, 31.773770716385975], [-106.4762108580979, 31.77376945763793], [-106.47620833289301, 31.77376794408837], [-106.47620596820147, 31.7737661903136], [-106.47620378679656, 31.773764213203435], [-106.4762018096864, 31.773762031798526], [-106.47620005591163, 31.77375966710699], [-106.47619854236207, 31.773757141902106], [-106.47619728361403, 31.77375448050297], [-106.47619629178993, 31.773751708540317], [-106.47619557644158, 31.77374885270966], [-106.4761951444582, 31.77374594051421], [-106.476195, 31.773743]]]}, "properties": {"PLACEKEY": "zzy-223@8tf-p3j-jvz", "name": "Sun Metro Montana Dallas", "category": "Urban Transit Systems", "address": "Sun Metro Montana Dallas", "sqft": null, "unique_visits": 311, "days_with_any_visit": 196, "visits_per_day": 1.59, "visits_per_sqft": 0.0}}, {"type": "Feature", "geometry": {"type": "Polygon", "coordinates": [[[-106.48198643899997, 31.76801784500003], [-106.48211713099994, 31.76793525900007], [-106.48227518199997, 31.76811463100006], [-106.48202731599997, 31.768271257000038], [-106.48194997299998, 31.76818348000006], [-106.48206714499997, 31.768109438000067], [-106.48198643899997, 31.76801784500003]]]}, "properties": {"PLACEKEY": "225-222@8tf-p3j-mc5", "name": "Spa Auto Collision", "category": "Automotive Repair and Maintenance", "address": "1109 Wyoming Ave", "sqft": 5941.7, "unique_visits": 690, "days_with_any_visit": 380, "visits_per_day": 1.82, "visits_per_sqft": 0.1161}}, {"type": "Feature", "geometry": {"type": "Polygon", "coordinates": [[[-106.47546695299997, 31.77142745900005], [-106.47539432199994, 31.771348613000043], [-106.47534111599998, 31.77138375800007], [-106.47525119199997, 31.77128613900004], [-106.47551278599997, 31.771113342000035], [-106.47567534199999, 31.771289805000038], [-106.47546695299997, 31.77142745900005]]]}, "properties": {"PLACEKEY": "228-222@8tf-p3j-jd9", "name": "Cuidado Casero", "category": "Home Health Care Services", "address": "1617 E Missouri Ave", "sqft": 7631.6, "unique_visits": 103, "days_with_any_visit": 68, "visits_per_day": 1.51, "visits_per_sqft": 0.0135}}, {"type": "Feature", "geometry": {"type": "Polygon", "coordinates": [[[-106.48353829919499, 31.773085246425275], [-106.48346587955159, 31.773003157261407], [-106.48357048570317, 31.772931329183283], [-106.48364894031685, 31.773016838793794], [-106.48353829919499, 31.773085246425275]]]}, "properties": {"PLACEKEY": "222-224@8tf-p3h-fxq", "name": "Brown Street Market", "category": "Grocery Stores", "address": "1207 Brown St", "sqft": 1614.6, "unique_visits": 1151, "days_with_any_visit": 381, "visits_per_day": 3.02, "visits_per_sqft": 0.7129}}, {"type": "Feature", "geometry": {"type": "Polygon", "coordinates": [[[-106.47893282999996, 31.771636388000047], [-106.47901595099995, 31.77158747800007], [-106.47914109499999, 31.77173998300003], [-106.47905797399994, 31.771788893000064], [-106.47893282999996, 31.771636388000047]]]}, "properties": {"PLACEKEY": "222-224@8tf-p3j-hh5", "name": "Tea & Social", "category": "Restaurants and Other Eating Places", "address": "1420 Montana Ave", "sqft": 2120.5, "unique_visits": 286, "days_with_any_visit": 209, "visits_per_day": 1.37, "visits_per_sqft": 0.1349}}, {"type": "Feature", "geometry": {"type": "Polygon", "coordinates": [[[-106.47780530499995, 31.77298538200006], [-106.47804643999996, 31.772829096000066], [-106.47819340799998, 31.772991691000072], [-106.47795227399996, 31.773147977000065], [-106.47780530499995, 31.77298538200006]]]}, "properties": {"PLACEKEY": "22b-22c@8tf-p3j-jn5", "name": "Michelle Cabral Lpc", "category": "Offices of Physicians", "address": "1551 Montana Ave", "sqft": 7028.8, "unique_visits": 271, "days_with_any_visit": 167, "visits_per_day": 1.62, "visits_per_sqft": 0.0386}}, {"type": "Feature", "geometry": {"type": "Polygon", "coordinates": [[[-106.47780530499995, 31.77298538200006], [-106.47804643999996, 31.772829096000066], [-106.47819340799998, 31.772991691000072], [-106.47795227399996, 31.773147977000065], [-106.47780530499995, 31.77298538200006]]]}, "properties": {"PLACEKEY": "22b-224@8tf-p3j-jn5", "name": "Alberto Rodriguez Lpc", "category": "Offices of Physicians", "address": "1551 Montana Ave", "sqft": 7028.8, "unique_visits": 271, "days_with_any_visit": 167, "visits_per_day": 1.62, "visits_per_sqft": 0.0386}}, {"type": "Feature", "geometry": {"type": "Polygon", "coordinates": [[[-106.47983069799994, 31.771844360000046], [-106.48000972899996, 31.77172905300006], [-106.48001994199996, 31.77174042300004], [-106.48010050599999, 31.771688535000067], [-106.48035241699995, 31.77196900100006], [-106.48009282099997, 31.772136196000076], [-106.47983069799994, 31.771844360000046]]]}, "properties": {"PLACEKEY": "zzy-223@8tf-p3j-hkf", "name": "Setra Law Firm", "category": "Legal Services", "address": "1401 Montana Ave Ste B-1", "sqft": 13358.0, "unique_visits": 379, "days_with_any_visit": 204, "visits_per_day": 1.86, "visits_per_sqft": 0.0284}}, {"type": "Feature", "geometry": {"type": "Polygon", "coordinates": [[[-106.47669783999999, 31.77030174300006], [-106.47677011599995, 31.770256371000073], [-106.47691746299995, 31.770424682000055], [-106.47684518799997, 31.770470055000033], [-106.47669783999999, 31.77030174300006]]]}, "properties": {"PLACEKEY": "222-223@8tf-p3j-gx5", "name": "The Law Offices of Rios Parada & Seanez PLLC", "category": "Legal Services", "address": "1505 E Missouri Ave", "sqft": 2131.3, "unique_visits": 353, "days_with_any_visit": 232, "visits_per_day": 1.52, "visits_per_sqft": 0.1656}}, {"type": "Feature", "geometry": {"type": "Polygon", "coordinates": [[[-106.47780530499995, 31.77298538200006], [-106.47804643999996, 31.772829096000066], [-106.47819340799998, 31.772991691000072], [-106.47795227399996, 31.773147977000065], [-106.47780530499995, 31.77298538200006]]]}, "properties": {"PLACEKEY": "22b-22f@8tf-p3j-jn5", "name": "Daniel Ortega Lpc", "category": "Offices of Physicians", "address": "1551 Montana Ave", "sqft": 7028.8, "unique_visits": 271, "days_with_any_visit": 167, "visits_per_day": 1.62, "visits_per_sqft": 0.0386}}, {"type": "Feature", "geometry": {"type": "Polygon", "coordinates": [[[-106.47764021399996, 31.772800278000034], [-106.47739636699998, 31.772537252000063], [-106.47756014199996, 31.772428381000054], [-106.47759197499994, 31.772408941000037], [-106.47767085099997, 31.772494023000036], [-106.47762661999997, 31.772523427000067], [-106.47764050899997, 31.77253840900005], [-106.47770685699999, 31.77249430300003], [-106.47769296699994, 31.77247932100005], [-106.47773719899999, 31.772449917000074], [-106.47776844999999, 31.772483626000053], [-106.47781268199998, 31.772454223000068], [-106.47791685299995, 31.772566588000075], [-106.47780185099998, 31.77264303700008], [-106.47773240399994, 31.772568127000056], [-106.47771913399998, 31.77257694900004], [-106.47781857099994, 31.772684206000065], [-106.47764021399996, 31.772800278000034]]]}, "properties": {"PLACEKEY": "225-222@8tf-p3j-jn5", "name": "Montana Spanish Seventh Day Adventists Church", "category": "Religious Organizations", "address": "1526 Montana Ave", "sqft": 11592.7, "unique_visits": 1437, "days_with_any_visit": 395, "visits_per_day": 3.64, "visits_per_sqft": 0.124}}, {"type": "Feature", "geometry": {"type": "Polygon", "coordinates": [[[-106.47741974599995, 31.770092317000035], [-106.47729720199999, 31.769955871000036], [-106.47727482299996, 31.769970284000067], [-106.47722716599998, 31.76991722200006], [-106.47737486699998, 31.76982209700003], [-106.47760633899998, 31.770079828000064], [-106.47741388099996, 31.770203779000042], [-106.47735260899998, 31.77013555600007], [-106.47741974599995, 31.770092317000035]]]}, "properties": {"PLACEKEY": "228-222@8tf-p3j-gx5", "name": "El Paso Bench Ads", "category": "Advertising, Public Relations, and Related Services", "address": "1423 E Missouri Ave Ste A", "sqft": 6792.0, "unique_visits": 1620, "days_with_any_visit": 513, "visits_per_day": 3.16, "visits_per_sqft": 0.2385}}, {"type": "Feature", "geometry": {"type": "Polygon", "coordinates": [[[-106.47863307299997, 31.771778685000072], [-106.47885289899995, 31.771638006000046], [-106.47905632299995, 31.77186594300008], [-106.47883649599999, 31.77200662100006], [-106.47863307299997, 31.771778685000072]]]}, "properties": {"PLACEKEY": "22q-222@8tf-p3j-hh5", "name": "Investors Real Estate Bryan Haddad", "category": "Offices of Real Estate Agents and Brokers", "address": "1444 Montana Ave Ste 200", "sqft": 8901.7, "unique_visits": 751, "days_with_any_visit": 359, "visits_per_day": 2.09, "visits_per_sqft": 0.0844}}, {"type": "Feature", "geometry": {"type": "Polygon", "coordinates": [[[-106.48312074799998, 31.76972188700006], [-106.48313086799999, 31.769717033000063], [-106.48308653299995, 31.769650737000063], [-106.48311099699998, 31.769639005000045], [-106.48308328799999, 31.76959756900004], [-106.48321050499999, 31.769536561000052], [-106.48332411499996, 31.769706443000075], [-106.48318711199994, 31.769772146000037], [-106.483209279, 31.769805294000037], [-106.48319731899994, 31.76981102900004], [-106.48312074799998, 31.76972188700006]]]}, "properties": {"PLACEKEY": "224-222@8tf-p3j-5pv", "name": "Abundant Living Home Health", "category": "Home Health Care Services", "address": "1115 Montana Ave", "sqft": 3821.2, "unique_visits": 31, "days_with_any_visit": 29, "visits_per_day": 1.07, "visits_per_sqft": 0.0081}}, {"type": "Feature", "geometry": {"type": "Polygon", "coordinates": [[[-106.47655243399998, 31.772128726000062], [-106.47659435799994, 31.772101727000063], [-106.476628399, 31.772139628000048], [-106.47671344099996, 31.772084861000053], [-106.47681139999997, 31.772196200000053], [-106.47667839999997, 31.772281200000066], [-106.47655243399998, 31.772128726000062]]]}, "properties": {"PLACEKEY": "22k-222@8tf-p3j-jsq", "name": "Hot Shot Kixxx", "category": "Performing Arts Companies", "address": "1602 E Yandell Dr", "sqft": 2863.2, "unique_visits": 1049, "days_with_any_visit": 413, "visits_per_day": 2.54, "visits_per_sqft": 0.3664}}, {"type": "Feature", "geometry": {"type": "Polygon", "coordinates": [[[-106.48245376099999, 31.770351988000073], [-106.48233683999996, 31.77042637900007], [-106.48227992499994, 31.770365379000054], [-106.48239464199997, 31.770288625000035], [-106.48245376099999, 31.770351988000073]]]}, "properties": {"PLACEKEY": "222-223@8tf-p3j-5pv", "name": "Sage Holistic Wellness", "category": "Personal Care Services", "address": "905 Noble St", "sqft": 1313.2, "unique_visits": 32, "days_with_any_visit": 29, "visits_per_day": 1.1, "visits_per_sqft": 0.0244}}, {"type": "Feature", "geometry": {"type": "Polygon", "coordinates": [[[-106.47678302799994, 31.773188924000067], [-106.47664743299998, 31.77303102500008], [-106.47672474999996, 31.772983417000034], [-106.47670821399998, 31.77296416100006], [-106.47673550199994, 31.772947358000067], [-106.47674872999994, 31.772962763000066], [-106.47709892799998, 31.77274712600007], [-106.47723121599995, 31.772901174000026], [-106.47709932399994, 31.77298238700007], [-106.47714893099999, 31.773040156000036], [-106.47696246299995, 31.773154975000068], [-106.47691946899994, 31.77310491000003], [-106.47678302799994, 31.773188924000067]]]}, "properties": {"PLACEKEY": "226-239@8tf-p3j-jn5", "name": "Veronica Johnson Lpc", "category": "Offices of Physicians", "address": "1600 Montana Ave", "sqft": 14176.1, "unique_visits": 676, "days_with_any_visit": 275, "visits_per_day": 2.46, "visits_per_sqft": 0.0477}}, {"type": "Feature", "geometry": {"type": "Polygon", "coordinates": [[[-106.48169915399995, 31.76939311500007], [-106.48181484299994, 31.769522019000078], [-106.48173522899998, 31.76957232600006], [-106.48162089199997, 31.769442568000045], [-106.48169915399995, 31.76939311500007]]]}, "properties": {"PLACEKEY": "zzy-225@8tf-p3j-hnq", "name": "Jaime Gandara Jr", "category": "Offices of Other Health Practitioners", "address": "1203 E Yandell Dr", "sqft": 1797.6, "unique_visits": 170, "days_with_any_visit": 127, "visits_per_day": 1.34, "visits_per_sqft": 0.0946}}, {"type": "Feature", "geometry": {"type": "Polygon", "coordinates": [[[-106.48477743799998, 31.768552525000075], [-106.48488358199995, 31.768481950000023], [-106.48497386799994, 31.768579327000054], [-106.48486772299998, 31.76864990300004], [-106.48477743799998, 31.768552525000075]]]}, "properties": {"PLACEKEY": "22p-222@8tf-p3j-5zz", "name": "Mrs. Brenda James Lmsw-acp", "category": "Offices of Physicians", "address": "1001 Montana Ave", "sqft": 1883.7, "unique_visits": 82, "days_with_any_visit": 62, "visits_per_day": 1.32, "visits_per_sqft": 0.0435}}, {"type": "Feature", "geometry": {"type": "Polygon", "coordinates": [[[-106.47994788499994, 31.77108207200007], [-106.48009502099995, 31.770994354000038], [-106.480163, 31.771076119000043], [-106.48008943199994, 31.771119979000048], [-106.48010885399998, 31.771143341000027], [-106.48003528599997, 31.771187200000043], [-106.47994788499994, 31.77108207200007]]]}, "properties": {"PLACEKEY": "22b-223@8tf-p3j-hh5", "name": "Achilles Photography", "category": "Other Professional, Scientific, and Technical Services", "address": "1330 Montana Ave", "sqft": 2325.0, "unique_visits": 546, "days_with_any_visit": 291, "visits_per_day": 1.88, "visits_per_sqft": 0.2348}}, {"type": "Feature", "geometry": {"type": "Polygon", "coordinates": [[[-106.47764021399996, 31.772800278000034], [-106.47739636699998, 31.772537252000063], [-106.47756014199996, 31.772428381000054], [-106.47759197499994, 31.772408941000037], [-106.47767085099997, 31.772494023000036], [-106.47762661999997, 31.772523427000067], [-106.47764050899997, 31.77253840900005], [-106.47770685699999, 31.77249430300003], [-106.47769296699994, 31.77247932100005], [-106.47773719899999, 31.772449917000074], [-106.47776844999999, 31.772483626000053], [-106.47781268199998, 31.772454223000068], [-106.47791685299995, 31.772566588000075], [-106.47780185099998, 31.77264303700008], [-106.47773240399994, 31.772568127000056], [-106.47771913399998, 31.77257694900004], [-106.47781857099994, 31.772684206000065], [-106.47764021399996, 31.772800278000034]]]}, "properties": {"PLACEKEY": "22c-224@8tf-p3j-jn5", "name": "IAM Real Estate", "category": "Offices of Real Estate Agents and Brokers", "address": "1522 Montana Ave", "sqft": 11592.7, "unique_visits": 1437, "days_with_any_visit": 395, "visits_per_day": 3.64, "visits_per_sqft": 0.124}}, {"type": "Feature", "geometry": {"type": "Polygon", "coordinates": [[[-106.48187386599994, 31.769789334000052], [-106.48198445399998, 31.76972383100008], [-106.48211015199996, 31.76987600700005], [-106.48199956499997, 31.76994151100007], [-106.48187386599994, 31.769789334000052]]]}, "properties": {"PLACEKEY": "22m-227@8tf-p3j-hnq", "name": "Blanc", "category": "Personal Care Services", "address": "1204 Montana Ave Ste E", "sqft": 2830.9, "unique_visits": 221, "days_with_any_visit": 147, "visits_per_day": 1.5, "visits_per_sqft": 0.0781}}, {"type": "Feature", "geometry": {"type": "Polygon", "coordinates": [[[-106.47687593099994, 31.773747857000046], [-106.47699139999997, 31.773875300000043], [-106.47680233999995, 31.773998928000026], [-106.47660133799997, 31.773775132000026], [-106.47664609799995, 31.773746308000057], [-106.47662907799997, 31.77372735700004], [-106.47668726699999, 31.773689884000078], [-106.47670088199999, 31.773705044000053], [-106.47678145099997, 31.773653159000048], [-106.47686995799995, 31.773751703000073], [-106.47687593099994, 31.773747857000046]]]}, "properties": {"PLACEKEY": "22p-222@8tf-p3j-jvz", "name": "Health Matters Acupuncture", "category": "Offices of Other Health Practitioners", "address": "1627 Montana Ave", "sqft": 7707.0, "unique_visits": 361, "days_with_any_visit": 248, "visits_per_day": 1.46, "visits_per_sqft": 0.0468}}, {"type": "Feature", "geometry": {"type": "Polygon", "coordinates": [[[-106.48174642599997, 31.76868782200006], [-106.48176229399996, 31.768677730000036], [-106.48173865699994, 31.768651077000072], [-106.48195448099995, 31.768513823000035], [-106.48193084499997, 31.76848717000007], [-106.48209311399995, 31.768383974000074], [-106.48232259999997, 31.768643500000053], [-106.48214, 31.76876180000005], [-106.48193509999999, 31.768892700000038], [-106.48174642599997, 31.76868782200006]]]}, "properties": {"PLACEKEY": "22j-223@8tf-p3j-kzz", "name": "Smith Johnston", "category": "Building Equipment Contractors", "address": "1120 E Yandell Dr", "sqft": 16877.8, "unique_visits": 1327, "days_with_any_visit": 382, "visits_per_day": 3.47, "visits_per_sqft": 0.0786}}, {"type": "Feature", "geometry": {"type": "Polygon", "coordinates": [[[-106.48451378399994, 31.768709800000067], [-106.48462267999997, 31.76864229800003], [-106.48474556899998, 31.768784466000056], [-106.48463667299995, 31.768851969000025], [-106.48451378399994, 31.768709800000067]]]}, "properties": {"PLACEKEY": "22b-224@8tf-p3j-5vf", "name": "LAW RHINOS Top Rated Lawyers Licensed in TX & NM", "category": "Legal Services", "address": "1009 Montana Ave", "sqft": 2691.0, "unique_visits": 452, "days_with_any_visit": 271, "visits_per_day": 1.67, "visits_per_sqft": 0.168}}, {"type": "Feature", "geometry": {"type": "Polygon", "coordinates": [[[-106.48164166799995, 31.77165891800007], [-106.48173118299997, 31.771601263000036], [-106.48185373699994, 31.771737705000078], [-106.48176422199998, 31.771795360000056], [-106.48164166799995, 31.77165891800007]]]}, "properties": {"PLACEKEY": "zzy-223@8tf-p3j-hdv", "name": "8 Signal Marketing Agency", "category": "Management, Scientific, and Technical Consulting Services", "address": "1305 E Rio Grande Ave Ste 1", "sqft": 2185.1, "unique_visits": 117, "days_with_any_visit": 90, "visits_per_day": 1.3, "visits_per_sqft": 0.0535}}, {"type": "Feature", "geometry": {"type": "Polygon", "coordinates": [[[-106.47678302799994, 31.773188924000067], [-106.47664743299998, 31.77303102500008], [-106.47672474999996, 31.772983417000034], [-106.47670821399998, 31.77296416100006], [-106.47673550199994, 31.772947358000067], [-106.47674872999994, 31.772962763000066], [-106.47709892799998, 31.77274712600007], [-106.47723121599995, 31.772901174000026], [-106.47709932399994, 31.77298238700007], [-106.47714893099999, 31.773040156000036], [-106.47696246299995, 31.773154975000068], [-106.47691946899994, 31.77310491000003], [-106.47678302799994, 31.773188924000067]]]}, "properties": {"PLACEKEY": "226-227@8tf-p3j-jn5", "name": "Terry Brabo Lpc", "category": "Offices of Physicians", "address": "1600 Montana Ave", "sqft": 14176.1, "unique_visits": 676, "days_with_any_visit": 275, "visits_per_day": 2.46, "visits_per_sqft": 0.0477}}, {"type": "Feature", "geometry": {"type": "Polygon", "coordinates": [[[-106.47979453399995, 31.770264049000048], [-106.47957309499998, 31.770039719000067], [-106.47975861199996, 31.76990839900003], [-106.47992811299997, 31.770080112000073], [-106.47998419899994, 31.770040410000036], [-106.480052721, 31.770109826000066], [-106.47981111699994, 31.770280848000027], [-106.47979453399995, 31.770264049000048]]]}, "properties": {"PLACEKEY": "223-222@8tf-p3j-ht9", "name": "Centro de Salud Familiar La Fe Inc", "category": "Nursing Care Facilities (Skilled Nursing Facilities)", "address": "1314 E Yandell Dr", "sqft": 9343.1, "unique_visits": 963, "days_with_any_visit": 376, "visits_per_day": 2.56, "visits_per_sqft": 0.1031}}, {"type": "Feature", "geometry": {"type": "Polygon", "coordinates": [[[-106.48356224399998, 31.76964207700007], [-106.483553568, 31.769631367000045], [-106.48351183299997, 31.76965560700006], [-106.48343868099994, 31.76956528900007], [-106.48334593699997, 31.76961915700008], [-106.48324415999997, 31.769493496000052], [-106.48337863699999, 31.769415388000027], [-106.48350267999996, 31.769568537000055], [-106.48354441299995, 31.76954429600005], [-106.48356985799995, 31.769575712000062], [-106.48362086699996, 31.76954608400007], [-106.48366221499998, 31.769597133000048], [-106.48356947099995, 31.769651001000057], [-106.48356224399998, 31.76964207700007]]]}, "properties": {"PLACEKEY": "226-223@8tf-p3j-5pv", "name": "Oscar Ornelas Pc", "category": "Accounting, Tax Preparation, Bookkeeping, and Payroll Services", "address": "1111 Montana Ave", "sqft": 4445.5, "unique_visits": 213, "days_with_any_visit": 160, "visits_per_day": 1.33, "visits_per_sqft": 0.0479}}, {"type": "Feature", "geometry": {"type": "Polygon", "coordinates": [[[-106.48096499199994, 31.769242124000073], [-106.48096870599994, 31.769239967000033], [-106.48108956199997, 31.769389192000062], [-106.48098754199998, 31.769448444000034], [-106.48086668599996, 31.76929921900006], [-106.48096499199994, 31.769242124000073]]]}, "properties": {"PLACEKEY": "zzy-225@8tf-p3f-k9f", "name": "Lara Creative", "category": "Management, Scientific, and Technical Consulting Services", "address": "1218 W Yandell Dr Ste 207", "sqft": 2529.5, "unique_visits": 238, "days_with_any_visit": 151, "visits_per_day": 1.58, "visits_per_sqft": 0.0941}}, {"type": "Feature", "geometry": {"type": "Polygon", "coordinates": [[[-106.48238543999997, 31.769447592000063], [-106.48251583399997, 31.769364668000037], [-106.48264414799996, 31.76950935800005], [-106.48248227899995, 31.769612299000073], [-106.48238773199995, 31.76950568500007], [-106.48241920699996, 31.769485668000073], [-106.48238543999997, 31.769447592000063]]]}, "properties": {"PLACEKEY": "22c-222@8tf-p3j-kzz", "name": "Frank X Spencer Associates", "category": "Activities Related to Real Estate", "address": "1130 Montana Ave", "sqft": 3928.8, "unique_visits": 407, "days_with_any_visit": 265, "visits_per_day": 1.54, "visits_per_sqft": 0.1036}}, {"type": "Feature", "geometry": {"type": "Polygon", "coordinates": [[[-106.48120372499994, 31.77194816900004], [-106.48121332899996, 31.771942178000074], [-106.48136341399999, 31.772114699000042], [-106.48126380999997, 31.77217683200007], [-106.48111372499994, 31.772004310000057], [-106.48120372499994, 31.77194816900004]]]}, "properties": {"PLACEKEY": "22y-222@8tf-p3j-hdv", "name": "Paso Del Norte Civil Rights Project", "category": "Legal Services", "address": "1317 E Rio Grande Ave", "sqft": 2992.4, "unique_visits": 207, "days_with_any_visit": 155, "visits_per_day": 1.34, "visits_per_sqft": 0.0692}}, {"type": "Feature", "geometry": {"type": "Polygon", "coordinates": [[[-106.485113, 31.773705], [-106.4851131444582, 31.77370205948579], [-106.48511357644158, 31.77369914729034], [-106.48511429178993, 31.773696291459682], [-106.48511528361402, 31.77369351949703], [-106.48511654236206, 31.773690858097893], [-106.48511805591163, 31.77368833289301], [-106.4851198096864, 31.773685968201473], [-106.48512178679655, 31.773683786796564], [-106.48512396820146, 31.773681809686398], [-106.485126332893, 31.77368005591163], [-106.4851288580979, 31.77367854236207], [-106.48513151949702, 31.773677283614024], [-106.48513429145967, 31.77367629178993], [-106.48513714729033, 31.773675576441587], [-106.48514005948579, 31.7736751444582], [-106.485143, 31.773675], [-106.4851459405142, 31.7736751444582], [-106.48514885270966, 31.773675576441587], [-106.48515170854031, 31.77367629178993], [-106.48515448050297, 31.773677283614024], [-106.48515714190209, 31.77367854236207], [-106.48515966710698, 31.77368005591163], [-106.48516203179852, 31.773681809686398], [-106.48516421320343, 31.773683786796564], [-106.48516619031359, 31.773685968201473], [-106.48516794408836, 31.77368833289301], [-106.48516945763792, 31.773690858097893], [-106.48517071638597, 31.77369351949703], [-106.48517170821006, 31.773696291459682], [-106.48517242355841, 31.77369914729034], [-106.48517285554179, 31.77370205948579], [-106.485173, 31.773705], [-106.48517285554179, 31.77370794051421], [-106.48517242355841, 31.77371085270966], [-106.48517170821006, 31.773713708540317], [-106.48517071638597, 31.77371648050297], [-106.48516945763792, 31.773719141902106], [-106.48516794408836, 31.77372166710699], [-106.48516619031359, 31.773724031798526], [-106.48516421320343, 31.773726213203435], [-106.48516203179852, 31.7737281903136], [-106.48515966710698, 31.77372994408837], [-106.48515714190209, 31.77373145763793], [-106.48515448050297, 31.773732716385975], [-106.48515170854031, 31.77373370821007], [-106.48514885270966, 31.773734423558412], [-106.4851459405142, 31.7737348555418], [-106.485143, 31.773735], [-106.48514005948579, 31.7737348555418], [-106.48513714729033, 31.773734423558412], [-106.48513429145967, 31.77373370821007], [-106.48513151949702, 31.773732716385975], [-106.4851288580979, 31.77373145763793], [-106.485126332893, 31.77372994408837], [-106.48512396820146, 31.7737281903136], [-106.48512178679655, 31.773726213203435], [-106.4851198096864, 31.773724031798526], [-106.48511805591163, 31.77372166710699], [-106.48511654236206, 31.773719141902106], [-106.48511528361402, 31.77371648050297], [-106.48511429178993, 31.773713708540317], [-106.48511357644158, 31.77371085270966], [-106.4851131444582, 31.77370794051421], [-106.485113, 31.773705]]]}, "properties": {"PLACEKEY": "zzy-222@8tf-p3h-fzz", "name": "Sun Metro 1140 River Noble", "category": "Urban Transit Systems", "address": "1140 E River Ave", "sqft": null, "unique_visits": 83, "days_with_any_visit": 79, "visits_per_day": 1.05, "visits_per_sqft": 0.0}}, {"type": "Feature", "geometry": {"type": "Polygon", "coordinates": [[[-106.48298190499997, 31.768995542000027], [-106.48323253399997, 31.768834106000043], [-106.48342657499995, 31.769050136000033], [-106.48317594699995, 31.769211573000064], [-106.48298190499997, 31.768995542000027]]]}, "properties": {"PLACEKEY": "224-223@8tf-p3j-5zz", "name": "Phillips & Baca PC", "category": "Accounting, Tax Preparation, Bookkeeping, and Payroll Services", "address": "1100 Montana Ave", "sqft": 9666.0, "unique_visits": 889, "days_with_any_visit": 394, "visits_per_day": 2.26, "visits_per_sqft": 0.092}}, {"type": "Feature", "geometry": {"type": "Polygon", "coordinates": [[[-106.47577167399999, 31.771245958000065], [-106.47564367599995, 31.771094959000038], [-106.47560712999996, 31.77111717300005], [-106.475623526, 31.771136515000023], [-106.475586981, 31.771158729000035], [-106.47549844599996, 31.77105428400006], [-106.47556239899995, 31.77101540900003], [-106.47553944599997, 31.77098833000008], [-106.47567649099994, 31.770905027000026], [-106.47589355099996, 31.771161094000036], [-106.47577167399999, 31.771245958000065]]]}, "properties": {"PLACEKEY": "226-222@8tf-p3j-jd9", "name": "Best Iron Works", "category": "Other Miscellaneous Manufacturing", "address": "1601 E Missouri Ave", "sqft": 6921.2, "unique_visits": 427, "days_with_any_visit": 271, "visits_per_day": 1.58, "visits_per_sqft": 0.0617}}, {"type": "Feature", "geometry": {"type": "Polygon", "coordinates": [[[-106.47575101799998, 31.771493692000035], [-106.47583570399996, 31.771446746000038], [-106.47593426199995, 31.77157423400007], [-106.47584957699996, 31.77162117900008], [-106.47575101799998, 31.771493692000035]]]}, "properties": {"PLACEKEY": "229-222@8tf-p3j-k4v", "name": "A6 Tech Nuvo Concepts", "category": "Restaurants and Other Eating Places", "address": "1608 Wyoming Ave", "sqft": 1743.8, "unique_visits": 95, "days_with_any_visit": 83, "visits_per_day": 1.14, "visits_per_sqft": 0.0545}}, {"type": "Feature", "geometry": {"type": "Polygon", "coordinates": [[[-106.48174642599997, 31.76868782200006], [-106.48176229399996, 31.768677730000036], [-106.48173865699994, 31.768651077000072], [-106.48195448099995, 31.768513823000035], [-106.48193084499997, 31.76848717000007], [-106.48209311399995, 31.768383974000074], [-106.48232259999997, 31.768643500000053], [-106.48214, 31.76876180000005], [-106.48193509999999, 31.768892700000038], [-106.48174642599997, 31.76868782200006]]]}, "properties": {"PLACEKEY": "223-222@8tf-p3j-87q", "name": "Proper Printshop", "category": "Specialized Design Services", "address": "1120 E Yandell Dr", "sqft": 16877.8, "unique_visits": 1327, "days_with_any_visit": 382, "visits_per_day": 3.47, "visits_per_sqft": 0.0786}}, {"type": "Feature", "geometry": {"type": "Polygon", "coordinates": [[[-106.478383, 31.77138], [-106.4783831444582, 31.77137705948579], [-106.47838357644159, 31.77137414729034], [-106.47838429178994, 31.771371291459683], [-106.47838528361403, 31.77136851949703], [-106.47838654236207, 31.771365858097894], [-106.47838805591164, 31.77136333289301], [-106.4783898096864, 31.771360968201474], [-106.47839178679656, 31.771358786796565], [-106.47839396820147, 31.7713568096864], [-106.47839633289301, 31.77135505591163], [-106.4783988580979, 31.77135354236207], [-106.47840151949703, 31.771352283614025], [-106.47840429145968, 31.77135129178993], [-106.47840714729034, 31.771350576441588], [-106.4784100594858, 31.7713501444582], [-106.478413, 31.77135], [-106.47841594051421, 31.7713501444582], [-106.47841885270967, 31.771350576441588], [-106.47842170854032, 31.77135129178993], [-106.47842448050298, 31.771352283614025], [-106.4784271419021, 31.77135354236207], [-106.478429667107, 31.77135505591163], [-106.47843203179853, 31.7713568096864], [-106.47843421320344, 31.771358786796565], [-106.4784361903136, 31.771360968201474], [-106.47843794408837, 31.77136333289301], [-106.47843945763793, 31.771365858097894], [-106.47844071638598, 31.77136851949703], [-106.47844170821007, 31.771371291459683], [-106.47844242355842, 31.77137414729034], [-106.4784428555418, 31.77137705948579], [-106.478443, 31.77138], [-106.4784428555418, 31.77138294051421], [-106.47844242355842, 31.77138585270966], [-106.47844170821007, 31.771388708540318], [-106.47844071638598, 31.77139148050297], [-106.47843945763793, 31.771394141902107], [-106.47843794408837, 31.77139666710699], [-106.4784361903136, 31.771399031798527], [-106.47843421320344, 31.771401213203436], [-106.47843203179853, 31.771403190313602], [-106.478429667107, 31.77140494408837], [-106.4784271419021, 31.77140645763793], [-106.47842448050298, 31.771407716385976], [-106.47842170854032, 31.77140870821007], [-106.47841885270967, 31.771409423558413], [-106.47841594051421, 31.7714098555418], [-106.478413, 31.77141], [-106.4784100594858, 31.7714098555418], [-106.47840714729034, 31.771409423558413], [-106.47840429145968, 31.77140870821007], [-106.47840151949703, 31.771407716385976], [-106.4783988580979, 31.77140645763793], [-106.47839633289301, 31.77140494408837], [-106.47839396820147, 31.771403190313602], [-106.47839178679656, 31.771401213203436], [-106.4783898096864, 31.771399031798527], [-106.47838805591164, 31.77139666710699], [-106.47838654236207, 31.771394141902107], [-106.47838528361403, 31.77139148050297], [-106.47838429178994, 31.771388708540318], [-106.47838357644159, 31.77138585270966], [-106.4783831444582, 31.77138294051421], [-106.478383, 31.77138]]]}, "properties": {"PLACEKEY": "zzy-223@8tf-p3j-jy9", "name": "Sun Metro Yandell Langtry", "category": "Urban Transit Systems", "address": "Sun Metro Yandell Langtry", "sqft": null, "unique_visits": 70, "days_with_any_visit": 61, "visits_per_day": 1.15, "visits_per_sqft": 0.0}}, {"type": "Feature", "geometry": {"type": "Polygon", "coordinates": [[[-106.48289748499997, 31.76913443600006], [-106.48300014299997, 31.769075979000036], [-106.48310996199996, 31.769214283000053], [-106.483007306, 31.76927273900003], [-106.48289748499997, 31.76913443600006]]]}, "properties": {"PLACEKEY": "227-223@8tf-p3j-kzz", "name": "Salas Gonzalo Cpa", "category": "Accounting, Tax Preparation, Bookkeeping, and Payroll Services", "address": "1112 Montana Ave", "sqft": 2335.8, "unique_visits": 278, "days_with_any_visit": 166, "visits_per_day": 1.67, "visits_per_sqft": 0.119}}, {"type": "Feature", "geometry": {"type": "Polygon", "coordinates": [[[-106.48118987199996, 31.771590488000072], [-106.48108307699994, 31.77150593400006], [-106.48106771599998, 31.771519846000047], [-106.48096913399996, 31.771441796000033], [-106.48106898699996, 31.77135136100003], [-106.48127436299995, 31.771513967000033], [-106.48118987199996, 31.771590488000072]]]}, "properties": {"PLACEKEY": "22g-224@8tf-p3j-hbk", "name": "Lovebabies Peacebabies Birth Services", "category": "Individual and Family Services", "address": "1312 E Rio Grande Ave", "sqft": 3616.7, "unique_visits": 919, "days_with_any_visit": 415, "visits_per_day": 2.21, "visits_per_sqft": 0.2541}}, {"type": "Feature", "geometry": {"type": "Polygon", "coordinates": [[[-106.47815794999997, 31.77119982100004], [-106.47837328799994, 31.77106201500004], [-106.47842075299997, 31.771115200000054], [-106.47838486399996, 31.77113816800005], [-106.47836791199995, 31.771119173000045], [-106.47834548099996, 31.771133528000064], [-106.47836921299995, 31.771160121000037], [-106.47821219499997, 31.771260604000076], [-106.47815794999997, 31.77119982100004]]]}, "properties": {"PLACEKEY": "228-222@8tf-p3j-jy9", "name": "The Law Offices of Carlos Spector", "category": "Legal Services", "address": "1430 E Yandell Dr", "sqft": 2174.3, "unique_visits": 307, "days_with_any_visit": 188, "visits_per_day": 1.63, "visits_per_sqft": 0.1412}}, {"type": "Feature", "geometry": {"type": "Polygon", "coordinates": [[[-106.47907460899995, 31.77157475300004], [-106.47917727299995, 31.771516301000077], [-106.47928708899997, 31.771654606000027], [-106.47918442499997, 31.771713059000035], [-106.47907460899995, 31.77157475300004]]]}, "properties": {"PLACEKEY": "228-22b@8tf-p3j-hh5", "name": "Vanessa Gonzalez Lpc", "category": "Offices of Physicians", "address": "1418 Montana Ave", "sqft": 2335.8, "unique_visits": 225, "days_with_any_visit": 129, "visits_per_day": 1.74, "visits_per_sqft": 0.0963}}, {"type": "Feature", "geometry": {"type": "Polygon", "coordinates": [[[-106.47687593099994, 31.773747857000046], [-106.47757268699996, 31.773299144000077], [-106.47745013799994, 31.773162699000068], [-106.477464694, 31.773153324000077], [-106.47769759999994, 31.77341880000006], [-106.47753589999996, 31.773522400000047], [-106.47737619999998, 31.773628200000076], [-106.477185, 31.77375310000008], [-106.47699139999997, 31.773875300000043], [-106.47687593099994, 31.773747857000046]]]}, "properties": {"PLACEKEY": "222-222@8tf-p3j-jvz", "name": "ZOE Nutricion Saludable", "category": "Drugs and Druggists' Sundries Merchant Wholesalers", "address": "1603 Montana Ave", "sqft": 16501.1, "unique_visits": 1948, "days_with_any_visit": 518, "visits_per_day": 3.76, "visits_per_sqft": 0.1181}}, {"type": "Feature", "geometry": {"type": "Polygon", "coordinates": [[[-106.48237938899996, 31.766592290000062], [-106.48260669999996, 31.766846], [-106.48251409999995, 31.766908100000023], [-106.48225842799997, 31.76707358500005], [-106.48203896099994, 31.766842750000023], [-106.48210903599994, 31.766794969000046], [-106.48221130099995, 31.766902531000028], [-106.48231203499995, 31.766833845000065], [-106.48222387599998, 31.766741120000063], [-106.48232460899999, 31.766672435000032], [-106.48229992599994, 31.76664647100006], [-106.48237938899996, 31.766592290000062]]]}, "properties": {"PLACEKEY": "22k-223@8tf-p3j-89z", "name": "Glamour Cult Salon", "category": "Personal Care Services", "address": "1021 E Missouri Ave", "sqft": 13002.8, "unique_visits": 5855, "days_with_any_visit": 594, "visits_per_day": 9.86, "visits_per_sqft": 0.4503}}, {"type": "Feature", "geometry": {"type": "Polygon", "coordinates": [[[-106.48063042899997, 31.77074674000005], [-106.48055934799999, 31.770667179000043], [-106.48056787899998, 31.77066276000005], [-106.48049464299999, 31.770579111000075], [-106.48053239999996, 31.770618400000046], [-106.48063259999998, 31.77055390000004], [-106.48078637999998, 31.77072790400007], [-106.48070477099998, 31.77077914000006], [-106.48062439499995, 31.770687336000037], [-106.48060180999994, 31.77070151600003], [-106.48057864199995, 31.770675053000048], [-106.48063042899997, 31.77074674000005]]]}, "properties": {"PLACEKEY": "225-222@8tf-p3j-hbk", "name": "Omar Mena Photography", "category": "Other Professional, Scientific, and Technical Services", "address": "1308 Montana Ave", "sqft": 2874.0, "unique_visits": 512, "days_with_any_visit": 261, "visits_per_day": 1.96, "visits_per_sqft": 0.1782}}, {"type": "Feature", "geometry": {"type": "Polygon", "coordinates": [[[-106.47655243399998, 31.772128726000062], [-106.47659435799994, 31.772101727000063], [-106.476628399, 31.772139628000048], [-106.47671344099996, 31.772084861000053], [-106.47681139999997, 31.772196200000053], [-106.47667839999997, 31.772281200000066], [-106.47655243399998, 31.772128726000062]]]}, "properties": {"PLACEKEY": "22k-223@8tf-p3j-jsq", "name": "Barnhart Taylor Inc", "category": "Other Specialty Trade Contractors", "address": "1602 E Yandell Dr", "sqft": 2863.2, "unique_visits": 1049, "days_with_any_visit": 413, "visits_per_day": 2.54, "visits_per_sqft": 0.3664}}, {"type": "Feature", "geometry": {"type": "Polygon", "coordinates": [[[-106.48139104899997, 31.769845875000044], [-106.48138096099996, 31.769834426000045], [-106.48133138599997, 31.769865751000054], [-106.48114643099996, 31.76965584800007], [-106.48125909999999, 31.769584654000028], [-106.48144405499994, 31.769794558000058], [-106.48140349399995, 31.76982018700005], [-106.48141021999999, 31.769827820000046], [-106.48145979499998, 31.769796495000037], [-106.48149530799998, 31.769836799000075], [-106.48137477799997, 31.76991499500008], [-106.48134147499997, 31.769877200000053], [-106.48139104899997, 31.769845875000044]]]}, "properties": {"PLACEKEY": "22b-222@8tf-p3j-hnq", "name": "Apartments at 1217 E Yandell Dr", "category": "Lessors of Real Estate", "address": "1217 E Yandell Dr", "sqft": 5037.5, "unique_visits": 527, "days_with_any_visit": 297, "visits_per_day": 1.77, "visits_per_sqft": 0.1046}}, {"type": "Feature", "geometry": {"type": "Polygon", "coordinates": [[[-106.47678302799994, 31.773188924000067], [-106.47664743299998, 31.77303102500008], [-106.47672474999996, 31.772983417000034], [-106.47670821399998, 31.77296416100006], [-106.47673550199994, 31.772947358000067], [-106.47674872999994, 31.772962763000066], [-106.47709892799998, 31.77274712600007], [-106.47723121599995, 31.772901174000026], [-106.47709932399994, 31.77298238700007], [-106.47714893099999, 31.773040156000036], [-106.47696246299995, 31.773154975000068], [-106.47691946899994, 31.77310491000003], [-106.47678302799994, 31.773188924000067]]]}, "properties": {"PLACEKEY": "226-22t@8tf-p3j-jn5", "name": "Chrystal Davis Lpc", "category": "Offices of Physicians", "address": "1600 Montana Ave", "sqft": 14176.1, "unique_visits": 676, "days_with_any_visit": 275, "visits_per_day": 2.46, "visits_per_sqft": 0.0477}}, {"type": "Feature", "geometry": {"type": "Polygon", "coordinates": [[[-106.47678302799994, 31.773188924000067], [-106.47664743299998, 31.77303102500008], [-106.47672474999996, 31.772983417000034], [-106.47670821399998, 31.77296416100006], [-106.47673550199994, 31.772947358000067], [-106.47674872999994, 31.772962763000066], [-106.47709892799998, 31.77274712600007], [-106.47723121599995, 31.772901174000026], [-106.47709932399994, 31.77298238700007], [-106.47714893099999, 31.773040156000036], [-106.47696246299995, 31.773154975000068], [-106.47691946899994, 31.77310491000003], [-106.47678302799994, 31.773188924000067]]]}, "properties": {"PLACEKEY": "238-226@8tf-p3j-jy9", "name": "Manuela Palacio Lpc", "category": "Offices of Physicians", "address": "1601 E Yandell Dr", "sqft": 14176.1, "unique_visits": 676, "days_with_any_visit": 275, "visits_per_day": 2.46, "visits_per_sqft": 0.0477}}, {"type": "Feature", "geometry": {"type": "Polygon", "coordinates": [[[-106.47678302799994, 31.773188924000067], [-106.47664743299998, 31.77303102500008], [-106.47672474999996, 31.772983417000034], [-106.47670821399998, 31.77296416100006], [-106.47673550199994, 31.772947358000067], [-106.47674872999994, 31.772962763000066], [-106.47709892799998, 31.77274712600007], [-106.47723121599995, 31.772901174000026], [-106.47709932399994, 31.77298238700007], [-106.47714893099999, 31.773040156000036], [-106.47696246299995, 31.773154975000068], [-106.47691946899994, 31.77310491000003], [-106.47678302799994, 31.773188924000067]]]}, "properties": {"PLACEKEY": "226-22k@8tf-p3j-jn5", "name": "Yomaira Rodriguez", "category": "Offices of Physicians", "address": "1600 Montana Ave", "sqft": 14176.1, "unique_visits": 676, "days_with_any_visit": 275, "visits_per_day": 2.46, "visits_per_sqft": 0.0477}}, {"type": "Feature", "geometry": {"type": "Polygon", "coordinates": [[[-106.480818, 31.769817], [-106.4808181444582, 31.76981405948579], [-106.48081857644158, 31.76981114729034], [-106.48081929178993, 31.769808291459682], [-106.48082028361402, 31.76980551949703], [-106.48082154236207, 31.769802858097894], [-106.48082305591163, 31.76980033289301], [-106.4808248096864, 31.769797968201473], [-106.48082678679656, 31.769795786796564], [-106.48082896820146, 31.769793809686398], [-106.480831332893, 31.76979205591163], [-106.4808338580979, 31.76979054236207], [-106.48083651949702, 31.769789283614024], [-106.48083929145967, 31.76978829178993], [-106.48084214729033, 31.769787576441587], [-106.48084505948579, 31.7697871444582], [-106.480848, 31.769787], [-106.4808509405142, 31.7697871444582], [-106.48085385270966, 31.769787576441587], [-106.48085670854032, 31.76978829178993], [-106.48085948050297, 31.769789283614024], [-106.4808621419021, 31.76979054236207], [-106.48086466710699, 31.76979205591163], [-106.48086703179852, 31.769793809686398], [-106.48086921320343, 31.769795786796564], [-106.4808711903136, 31.769797968201473], [-106.48087294408836, 31.76980033289301], [-106.48087445763792, 31.769802858097894], [-106.48087571638597, 31.76980551949703], [-106.48087670821006, 31.769808291459682], [-106.48087742355841, 31.76981114729034], [-106.48087785554179, 31.76981405948579], [-106.480878, 31.769817], [-106.48087785554179, 31.76981994051421], [-106.48087742355841, 31.76982285270966], [-106.48087670821006, 31.769825708540317], [-106.48087571638597, 31.76982848050297], [-106.48087445763792, 31.769831141902106], [-106.48087294408836, 31.76983366710699], [-106.4808711903136, 31.769836031798526], [-106.48086921320343, 31.769838213203435], [-106.48086703179852, 31.7698401903136], [-106.48086466710699, 31.76984194408837], [-106.4808621419021, 31.76984345763793], [-106.48085948050297, 31.769844716385975], [-106.48085670854032, 31.76984570821007], [-106.48085385270966, 31.769846423558413], [-106.4808509405142, 31.7698468555418], [-106.480848, 31.769847], [-106.48084505948579, 31.7698468555418], [-106.48084214729033, 31.769846423558413], [-106.48083929145967, 31.76984570821007], [-106.48083651949702, 31.769844716385975], [-106.4808338580979, 31.76984345763793], [-106.480831332893, 31.76984194408837], [-106.48082896820146, 31.7698401903136], [-106.48082678679656, 31.769838213203435], [-106.4808248096864, 31.769836031798526], [-106.48082305591163, 31.76983366710699], [-106.48082154236207, 31.769831141902106], [-106.48082028361402, 31.76982848050297], [-106.48081929178993, 31.769825708540317], [-106.48081857644158, 31.76982285270966], [-106.4808181444582, 31.76981994051421], [-106.480818, 31.769817]]]}, "properties": {"PLACEKEY": "zzy-223@8tf-p3j-hnq", "name": "Sun Metro Yandell Brown", "category": "Urban Transit Systems", "address": "Sun Metro Yandell Brown", "sqft": null, "unique_visits": 43, "days_with_any_visit": 39, "visits_per_day": 1.1, "visits_per_sqft": 0.0}}, {"type": "Feature", "geometry": {"type": "Polygon", "coordinates": [[[-106.48253420899994, 31.766484043000048], [-106.48267154099995, 31.766401089000055], [-106.48288377999995, 31.766653072000054], [-106.48274644799994, 31.766736028000025], [-106.48253420899994, 31.766484043000048]]]}, "properties": {"PLACEKEY": "227-224@8tf-p3j-89z", "name": "Spm Brakes Suspension", "category": "Automotive Repair and Maintenance", "address": "1009 E Missouri Ave", "sqft": 5898.6, "unique_visits": 2395, "days_with_any_visit": 490, "visits_per_day": 4.89, "visits_per_sqft": 0.406}}, {"type": "Feature", "geometry": {"type": "Polygon", "coordinates": [[[-106.47678302799994, 31.773188924000067], [-106.47664743299998, 31.77303102500008], [-106.47672474999996, 31.772983417000034], [-106.47670821399998, 31.77296416100006], [-106.47673550199994, 31.772947358000067], [-106.47674872999994, 31.772962763000066], [-106.47709892799998, 31.77274712600007], [-106.47723121599995, 31.772901174000026], [-106.47709932399994, 31.77298238700007], [-106.47714893099999, 31.773040156000036], [-106.47696246299995, 31.773154975000068], [-106.47691946899994, 31.77310491000003], [-106.47678302799994, 31.773188924000067]]]}, "properties": {"PLACEKEY": "226-22y@8tf-p3j-jn5", "name": "Aurora Garza Lpc", "category": "Offices of Physicians", "address": "1600 Montana Ave", "sqft": 14176.1, "unique_visits": 676, "days_with_any_visit": 275, "visits_per_day": 2.46, "visits_per_sqft": 0.0477}}, {"type": "Feature", "geometry": {"type": "Polygon", "coordinates": [[[-106.47678302799994, 31.773188924000067], [-106.47664743299998, 31.77303102500008], [-106.47672474999996, 31.772983417000034], [-106.47670821399998, 31.77296416100006], [-106.47673550199994, 31.772947358000067], [-106.47674872999994, 31.772962763000066], [-106.47709892799998, 31.77274712600007], [-106.47723121599995, 31.772901174000026], [-106.47709932399994, 31.77298238700007], [-106.47714893099999, 31.773040156000036], [-106.47696246299995, 31.773154975000068], [-106.47691946899994, 31.77310491000003], [-106.47678302799994, 31.773188924000067]]]}, "properties": {"PLACEKEY": "238-229@8tf-p3j-jy9", "name": "Guadalupe Pena Lpc", "category": "Offices of Physicians", "address": "1601 E Yandell Dr", "sqft": 14176.1, "unique_visits": 676, "days_with_any_visit": 275, "visits_per_day": 2.46, "visits_per_sqft": 0.0477}}, {"type": "Feature", "geometry": {"type": "Polygon", "coordinates": [[[-106.47678302799994, 31.773188924000067], [-106.47664743299998, 31.77303102500008], [-106.47672474999996, 31.772983417000034], [-106.47670821399998, 31.77296416100006], [-106.47673550199994, 31.772947358000067], [-106.47674872999994, 31.772962763000066], [-106.47709892799998, 31.77274712600007], [-106.47723121599995, 31.772901174000026], [-106.47709932399994, 31.77298238700007], [-106.47714893099999, 31.773040156000036], [-106.47696246299995, 31.773154975000068], [-106.47691946899994, 31.77310491000003], [-106.47678302799994, 31.773188924000067]]]}, "properties": {"PLACEKEY": "226-22j@8tf-p3j-jn5", "name": "Dr. Oscar Villalobos NP", "category": "Offices of Other Health Practitioners", "address": "1600 Montana Ave", "sqft": 14176.1, "unique_visits": 676, "days_with_any_visit": 275, "visits_per_day": 2.46, "visits_per_sqft": 0.0477}}, {"type": "Feature", "geometry": {"type": "Polygon", "coordinates": [[[-106.48088668899999, 31.771034663000023], [-106.48097682599996, 31.77097770900008], [-106.48107434899998, 31.77108838600003], [-106.48098421099996, 31.771145340000032], [-106.48088668899999, 31.771034663000023]]]}, "properties": {"PLACEKEY": "22j-222@8tf-p3j-hbk", "name": "Mormac Brokerage Agency Inc", "category": "Agencies, Brokerages, and Other Insurance Related Activities", "address": "1309 Montana Ave", "sqft": 1754.5, "unique_visits": 646, "days_with_any_visit": 367, "visits_per_day": 1.76, "visits_per_sqft": 0.3682}}, {"type": "Feature", "geometry": {"type": "Polygon", "coordinates": [[[-106.47678302799994, 31.773188924000067], [-106.47664743299998, 31.77303102500008], [-106.47672474999996, 31.772983417000034], [-106.47670821399998, 31.77296416100006], [-106.47673550199994, 31.772947358000067], [-106.47674872999994, 31.772962763000066], [-106.47709892799998, 31.77274712600007], [-106.47723121599995, 31.772901174000026], [-106.47709932399994, 31.77298238700007], [-106.47714893099999, 31.773040156000036], [-106.47696246299995, 31.773154975000068], [-106.47691946899994, 31.77310491000003], [-106.47678302799994, 31.773188924000067]]]}, "properties": {"PLACEKEY": "226-236@8tf-p3j-jn5", "name": "Dr. Hazel Mahatha Dnp", "category": "Offices of Other Health Practitioners", "address": "1600 Montana Ave", "sqft": 14176.1, "unique_visits": 676, "days_with_any_visit": 275, "visits_per_day": 2.46, "visits_per_sqft": 0.0477}}, {"type": "Feature", "geometry": {"type": "Polygon", "coordinates": [[[-106.48159254799998, 31.76944449900003], [-106.48159992599994, 31.769440100000054], [-106.48171646299994, 31.769580270000063], [-106.48163370099996, 31.769629613000063], [-106.48151716399997, 31.769489443000055], [-106.48159254799998, 31.76944449900003]]]}, "properties": {"PLACEKEY": "227-222@8tf-p3j-hnq", "name": "Law Office of Ruben Hernandez", "category": "Legal Services", "address": "1205 E Yandell Dr", "sqft": 1959.0, "unique_visits": 269, "days_with_any_visit": 212, "visits_per_day": 1.27, "visits_per_sqft": 0.1373}}, {"type": "Feature", "geometry": {"type": "Polygon", "coordinates": [[[-106.47907460899995, 31.77157475300004], [-106.47917727299995, 31.771516301000077], [-106.47928708899997, 31.771654606000027], [-106.47918442499997, 31.771713059000035], [-106.47907460899995, 31.77157475300004]]]}, "properties": {"PLACEKEY": "228-228@8tf-p3j-hh5", "name": "Mrs. Lucia Gadney Lpc", "category": "Offices of Physicians", "address": "1418 Montana Ave", "sqft": 2335.8, "unique_visits": 225, "days_with_any_visit": 129, "visits_per_day": 1.74, "visits_per_sqft": 0.0963}}, {"type": "Feature", "geometry": {"type": "Polygon", "coordinates": [[[-106.48449668899997, 31.76982859900005], [-106.48460607299995, 31.769761663000054], [-106.48474769199998, 31.769927624000047], [-106.48463830699995, 31.769994560000043], [-106.48449668899997, 31.76982859900005]]]}, "properties": {"PLACEKEY": "224-222@8tf-p3j-5j9", "name": "Nuevo Hogar Home Care Provides", "category": "Home Health Care Services", "address": "1031 E Rio Grande Ave", "sqft": 3121.5, "unique_visits": 354, "days_with_any_visit": 238, "visits_per_day": 1.49, "visits_per_sqft": 0.1134}}, {"type": "Feature", "geometry": {"type": "Polygon", "coordinates": [[[-106.480302941, 31.77075476300007], [-106.48038236399998, 31.77070162700005], [-106.48051831599997, 31.77084734600004], [-106.48043889499996, 31.77090048200006], [-106.480302941, 31.77075476300007]]]}, "properties": {"PLACEKEY": "22m-227@8tf-p3j-ht9", "name": "Perry Pinon Law", "category": "Legal Services", "address": "1312 Montana Ave", "sqft": 2120.5, "unique_visits": 290, "days_with_any_visit": 177, "visits_per_day": 1.64, "visits_per_sqft": 0.1368}}, {"type": "Feature", "geometry": {"type": "Polygon", "coordinates": [[[-106.48037945799996, 31.768124688000057], [-106.48029712099998, 31.768027406000044], [-106.48030597299999, 31.768028402000027], [-106.48025470699997, 31.76797168400003], [-106.48051368199998, 31.767803814000047], [-106.480612797, 31.767913470000053], [-106.48034935699997, 31.76808423400007], [-106.48038353399994, 31.76812204600003], [-106.48037945799996, 31.768124688000057]]]}, "properties": {"PLACEKEY": "229-222@8tf-p3j-m49", "name": "Tomasso Arditti", "category": "Shoe Stores", "address": "1201C E Missouri Ave", "sqft": 5177.4, "unique_visits": 2147, "days_with_any_visit": 543, "visits_per_day": 3.95, "visits_per_sqft": 0.4147}}, {"type": "Feature", "geometry": {"type": "Polygon", "coordinates": [[[-106.47678302799994, 31.773188924000067], [-106.47664743299998, 31.77303102500008], [-106.47672474999996, 31.772983417000034], [-106.47670821399998, 31.77296416100006], [-106.47673550199994, 31.772947358000067], [-106.47674872999994, 31.772962763000066], [-106.47709892799998, 31.77274712600007], [-106.47723121599995, 31.772901174000026], [-106.47709932399994, 31.77298238700007], [-106.47714893099999, 31.773040156000036], [-106.47696246299995, 31.773154975000068], [-106.47691946899994, 31.77310491000003], [-106.47678302799994, 31.773188924000067]]]}, "properties": {"PLACEKEY": "226-225@8tf-p3j-jn5", "name": "Astrid Elizondo Lpc", "category": "Offices of Physicians", "address": "1600 Montana Ave", "sqft": 14176.1, "unique_visits": 676, "days_with_any_visit": 275, "visits_per_day": 2.46, "visits_per_sqft": 0.0477}}, {"type": "Feature", "geometry": {"type": "Polygon", "coordinates": [[[-106.47678302799994, 31.773188924000067], [-106.47664743299998, 31.77303102500008], [-106.47672474999996, 31.772983417000034], [-106.47670821399998, 31.77296416100006], [-106.47673550199994, 31.772947358000067], [-106.47674872999994, 31.772962763000066], [-106.47709892799998, 31.77274712600007], [-106.47723121599995, 31.772901174000026], [-106.47709932399994, 31.77298238700007], [-106.47714893099999, 31.773040156000036], [-106.47696246299995, 31.773154975000068], [-106.47691946899994, 31.77310491000003], [-106.47678302799994, 31.773188924000067]]]}, "properties": {"PLACEKEY": "226-222@8tf-p3j-jn5", "name": "Emergence Health Network", "category": "Offices of Other Health Practitioners", "address": "1600 Montana Ave", "sqft": 14176.1, "unique_visits": 676, "days_with_any_visit": 275, "visits_per_day": 2.46, "visits_per_sqft": 0.0477}}, {"type": "Feature", "geometry": {"type": "Polygon", "coordinates": [[[-106.48245376099999, 31.770351988000073], [-106.48233683999996, 31.77042637900007], [-106.48227992499994, 31.770365379000054], [-106.48239464199997, 31.770288625000035], [-106.48245376099999, 31.770351988000073]]]}, "properties": {"PLACEKEY": "222-224@8tf-p3j-5pv", "name": "El Paso Adoption Services", "category": "Individual and Family Services", "address": "905 Noble St", "sqft": 1313.2, "unique_visits": 32, "days_with_any_visit": 29, "visits_per_day": 1.1, "visits_per_sqft": 0.0244}}, {"type": "Feature", "geometry": {"type": "Polygon", "coordinates": [[[-106.48314706254706, 31.7703940792702], [-106.48259452749, 31.770786293457224], [-106.48233703542456, 31.77051721646147], [-106.48292443919883, 31.77014780439597], [-106.48314706254706, 31.7703940792702]]]}, "properties": {"PLACEKEY": "229-222@8tf-p3j-5pv", "name": "Apartments at 1140 Rio Grande Ave", "category": "Lessors of Real Estate", "address": "1140 E Rio Grande Ave", "sqft": 26942.0, "unique_visits": 3070, "days_with_any_visit": 585, "visits_per_day": 5.25, "visits_per_sqft": 0.1139}}, {"type": "Feature", "geometry": {"type": "Polygon", "coordinates": [[[-106.48302989999996, 31.768850800000052], [-106.48279765199999, 31.768591513000047], [-106.48299238599998, 31.76846447500003], [-106.48311592399995, 31.76860027500004], [-106.48302683299994, 31.768658395000045], [-106.48313779999995, 31.76878350000004], [-106.48302989999996, 31.768850800000052]]]}, "properties": {"PLACEKEY": "22k-222@8tf-p3j-kzz", "name": "Mission Valley Awnings", "category": "Continuing Care Retirement Communities and Assisted Living Facilities for the Elderly", "address": "1105 E Yandell Dr", "sqft": 7136.5, "unique_visits": 587, "days_with_any_visit": 298, "visits_per_day": 1.97, "visits_per_sqft": 0.0823}}, {"type": "Feature", "geometry": {"type": "Polygon", "coordinates": [[[-106.47780205134208, 31.771399130896675], [-106.47789477451592, 31.771313030806613], [-106.47799809299994, 31.771431806000066], [-106.47788943299997, 31.771499585000072], [-106.47780205134208, 31.771399130896675]]]}, "properties": {"PLACEKEY": "223-222@8tf-p3j-jy9", "name": "Las Americas Immigrant Advocacy Center", "category": "Legal Services", "address": "1500 E Yandell Dr", "sqft": 2077.4, "unique_visits": 76, "days_with_any_visit": 65, "visits_per_day": 1.17, "visits_per_sqft": 0.0366}}, {"type": "Feature", "geometry": {"type": "Polygon", "coordinates": [[[-106.47678302799994, 31.773188924000067], [-106.47664743299998, 31.77303102500008], [-106.47672474999996, 31.772983417000034], [-106.47670821399998, 31.77296416100006], [-106.47673550199994, 31.772947358000067], [-106.47674872999994, 31.772962763000066], [-106.47709892799998, 31.77274712600007], [-106.47723121599995, 31.772901174000026], [-106.47709932399994, 31.77298238700007], [-106.47714893099999, 31.773040156000036], [-106.47696246299995, 31.773154975000068], [-106.47691946899994, 31.77310491000003], [-106.47678302799994, 31.773188924000067]]]}, "properties": {"PLACEKEY": "226-229@8tf-p3j-jn5", "name": "Richard Spencer Lpc", "category": "Offices of Physicians", "address": "1600 Montana Ave", "sqft": 14176.1, "unique_visits": 676, "days_with_any_visit": 275, "visits_per_day": 2.46, "visits_per_sqft": 0.0477}}, {"type": "Feature", "geometry": {"type": "Polygon", "coordinates": [[[-106.47678302799994, 31.773188924000067], [-106.47664743299998, 31.77303102500008], [-106.47672474999996, 31.772983417000034], [-106.47670821399998, 31.77296416100006], [-106.47673550199994, 31.772947358000067], [-106.47674872999994, 31.772962763000066], [-106.47709892799998, 31.77274712600007], [-106.47723121599995, 31.772901174000026], [-106.47709932399994, 31.77298238700007], [-106.47714893099999, 31.773040156000036], [-106.47696246299995, 31.773154975000068], [-106.47691946899994, 31.77310491000003], [-106.47678302799994, 31.773188924000067]]]}, "properties": {"PLACEKEY": "226-22f@8tf-p3j-jn5", "name": "Nicole Maynez Lpc", "category": "Offices of Physicians", "address": "1600 Montana Ave", "sqft": 14176.1, "unique_visits": 676, "days_with_any_visit": 275, "visits_per_day": 2.46, "visits_per_sqft": 0.0477}}, {"type": "Feature", "geometry": {"type": "Polygon", "coordinates": [[[-106.47814129099999, 31.772211157000072], [-106.47824134599995, 31.772149545000048], [-106.47836702099994, 31.772295889000077], [-106.47826696499999, 31.772357501000045], [-106.47814129099999, 31.772211157000072]]]}, "properties": {"PLACEKEY": "22c-22r@8tf-p3j-hkf", "name": "The Church In El Paso Central District", "category": "Religious Organizations", "address": "1401 Montana Ave", "sqft": 2529.5, "unique_visits": 78, "days_with_any_visit": 63, "visits_per_day": 1.24, "visits_per_sqft": 0.0308}}, {"type": "Feature", "geometry": {"type": "Polygon", "coordinates": [[[-106.48165334299995, 31.77085775100005], [-106.48154009899997, 31.770733265000047], [-106.48164255699999, 31.770666429000073], [-106.48173177999996, 31.77076450900006], [-106.48195896899995, 31.77061630600008], [-106.48187317699995, 31.77052199900004], [-106.48197563499997, 31.770455162000076], [-106.48216094299994, 31.77065886400004], [-106.48205403099996, 31.770728607000024], [-106.48201285099998, 31.770683339000072], [-106.48197275899997, 31.770709493000027], [-106.48210316099994, 31.770852839000042], [-106.48200515899998, 31.770916770000042], [-106.48196741099997, 31.770875275000037], [-106.48191840899995, 31.77090724100003], [-106.48182918599997, 31.770809162000035], [-106.48179354899997, 31.770832410000025], [-106.48182786499996, 31.770870132000027], [-106.48179222699997, 31.770893380000075], [-106.48187115499996, 31.77098014200004], [-106.48177760699997, 31.771041167000078], [-106.48162661499998, 31.77087518600007], [-106.48165334299995, 31.77085775100005]]]}, "properties": {"PLACEKEY": "227-222@8tf-p3j-hqz", "name": "International Museum of Art", "category": "Museums, Historical Sites, and Similar Institutions", "address": "1211 Montana Ave # Not", "sqft": 15478.5, "unique_visits": 1490, "days_with_any_visit": 377, "visits_per_day": 3.95, "visits_per_sqft": 0.0963}}, {"type": "Feature", "geometry": {"type": "Polygon", "coordinates": [[[-106.47917132899994, 31.77008621400006], [-106.47914071699995, 31.770058299000027], [-106.47911187399995, 31.770080981000035], [-106.47902386799996, 31.770000727000024], [-106.47912687999997, 31.769919720000075], [-106.47924549699997, 31.770027888000072], [-106.47917132899994, 31.77008621400006]]]}, "properties": {"PLACEKEY": "22k-222@8tf-p3j-grk", "name": "JAYVA Print House", "category": "Printing and Related Support Activities", "address": "1331 Wyoming Ave", "sqft": 2174.3, "unique_visits": 344, "days_with_any_visit": 210, "visits_per_day": 1.64, "visits_per_sqft": 0.1582}}, {"type": "Feature", "geometry": {"type": "Polygon", "coordinates": [[[-106.47581238299995, 31.773390653000035], [-106.47565441899997, 31.773204563000036], [-106.475735553, 31.77314714000005], [-106.47585456299998, 31.77326770800005], [-106.47580278699996, 31.77330435400006], [-106.47585327699994, 31.77335550400005], [-106.47589210899997, 31.773328019000076], [-106.47594620399997, 31.773382823000077], [-106.47587285399999, 31.77343473800005], [-106.47582236499994, 31.77338358800006], [-106.47581238299995, 31.773390653000035]]]}, "properties": {"PLACEKEY": "22h-222@8tf-p3j-jsq", "name": "Francis Properties", "category": "Activities Related to Real Estate", "address": "1701 E Yandell Dr", "sqft": 3186.1, "unique_visits": 307, "days_with_any_visit": 179, "visits_per_day": 1.72, "visits_per_sqft": 0.0964}}, {"type": "Feature", "geometry": {"type": "Polygon", "coordinates": [[[-106.48116495897202, 31.76877408275979], [-106.48111210699994, 31.76871416000005], [-106.48122413566048, 31.76864203454437], [-106.48127698763255, 31.76870195730411], [-106.48116495897202, 31.76877408275979]]]}, "properties": {"PLACEKEY": "22t-222@8tf-p3j-m6k", "name": "Predator Pest Control", "category": "Services to Buildings and Dwellings", "address": "706 Noble St", "sqft": 1194.8, "unique_visits": 98, "days_with_any_visit": 90, "visits_per_day": 1.09, "visits_per_sqft": 0.082}}, {"type": "Feature", "geometry": {"type": "Polygon", "coordinates": [[[-106.47687593099994, 31.773747857000046], [-106.47757268699996, 31.773299144000077], [-106.47745013799994, 31.773162699000068], [-106.477464694, 31.773153324000077], [-106.47769759999994, 31.77341880000006], [-106.47753589999996, 31.773522400000047], [-106.47737619999998, 31.773628200000076], [-106.477185, 31.77375310000008], [-106.47699139999997, 31.773875300000043], [-106.47687593099994, 31.773747857000046]]]}, "properties": {"PLACEKEY": "23g-222@8tf-p3j-jvz", "name": "Gold & Silver Exchange", "category": "Nondepository Credit Intermediation", "address": "1609 Montana Ave", "sqft": 16501.1, "unique_visits": 1948, "days_with_any_visit": 518, "visits_per_day": 3.76, "visits_per_sqft": 0.1181}}, {"type": "Feature", "geometry": {"type": "Polygon", "coordinates": [[[-106.48365709299998, 31.767302659000052], [-106.48363345599995, 31.76727600600003], [-106.48362677699998, 31.76728025400007], [-106.48347587399996, 31.767108247000067], [-106.483611898, 31.76702173700005], [-106.48378748399995, 31.767219733000047], [-106.48365709299998, 31.767302659000052]], [[-106.48367722699999, 31.76715884200007], [-106.48366709699997, 31.767147419000025], [-106.48361314299996, 31.76718173300003], [-106.48362327299998, 31.767193156000076], [-106.48367722699999, 31.76715884200007]]]}, "properties": {"PLACEKEY": "228-222@8tf-p3j-89z", "name": "Carlos & Sons Body Shop", "category": "Automotive Repair and Maintenance", "address": "1001 Wyoming Ave", "sqft": 4639.2, "unique_visits": 843, "days_with_any_visit": 352, "visits_per_day": 2.39, "visits_per_sqft": 0.1817}}, {"type": "Feature", "geometry": {"type": "Polygon", "coordinates": [[[-106.47895800030835, 31.768989937230195], [-106.478870801607, 31.76906623609386], [-106.478748554, 31.768926598000064], [-106.47884792999997, 31.76886420900007], [-106.47895800030835, 31.768989937230195]]]}, "properties": {"PLACEKEY": "22c-222@8tf-p3j-h3q", "name": "Called out Christian Ministries", "category": "Religious Organizations", "address": "1317 E Missouri Ave", "sqft": 2314.2, "unique_visits": 172, "days_with_any_visit": 107, "visits_per_day": 1.61, "visits_per_sqft": 0.0743}}, {"type": "Feature", "geometry": {"type": "Polygon", "coordinates": [[[-106.48118987199996, 31.771590488000072], [-106.48108307699994, 31.77150593400006], [-106.48106771599998, 31.771519846000047], [-106.48096913399996, 31.771441796000033], [-106.48106898699996, 31.77135136100003], [-106.48127436299995, 31.771513967000033], [-106.48118987199996, 31.771590488000072]]]}, "properties": {"PLACEKEY": "22g-222@8tf-p3j-hbk", "name": "Love Women Health", "category": "Offices of Other Health Practitioners", "address": "1312 E Rio Grande Ave", "sqft": 3616.7, "unique_visits": 919, "days_with_any_visit": 415, "visits_per_day": 2.21, "visits_per_sqft": 0.2541}}, {"type": "Feature", "geometry": {"type": "Polygon", "coordinates": [[[-106.47983069799994, 31.771844360000046], [-106.48000972899996, 31.77172905300006], [-106.48001994199996, 31.77174042300004], [-106.48010050599999, 31.771688535000067], [-106.48035241699995, 31.77196900100006], [-106.48009282099997, 31.772136196000076], [-106.47983069799994, 31.771844360000046]]]}, "properties": {"PLACEKEY": "236-222@8tf-p3j-hh5", "name": "Pearl Properties", "category": "Activities Related to Real Estate", "address": "900 Newman St", "sqft": 13358.0, "unique_visits": 379, "days_with_any_visit": 204, "visits_per_day": 1.86, "visits_per_sqft": 0.0284}}, {"type": "Feature", "geometry": {"type": "Polygon", "coordinates": [[[-106.47906489899998, 31.772520588000077], [-106.47901697999998, 31.77246180800006], [-106.47898458599997, 31.772480744000063], [-106.47890471799997, 31.772382777000075], [-106.47905280499998, 31.772296211000025], [-106.47918059199998, 31.77245295800003], [-106.47906489899998, 31.772520588000077]]]}, "properties": {"PLACEKEY": "228-223@8tf-p3j-k2k", "name": "Lerma Eduardo N Sr Attorney At Law", "category": "Legal Services", "address": "1417 Montana Ave", "sqft": 3552.1, "unique_visits": 159, "days_with_any_visit": 130, "visits_per_day": 1.22, "visits_per_sqft": 0.0448}}, {"type": "Feature", "geometry": {"type": "Polygon", "coordinates": [[[-106.48244265910311, 31.77119075166261], [-106.4825747578971, 31.77133523859559], [-106.4824486940734, 31.771419609534142], [-106.4823152541749, 31.771277973105587], [-106.48244265910311, 31.77119075166261]]]}, "properties": {"PLACEKEY": "22d-222@8tf-p3j-hqz", "name": "Apartments at 1207 Rio Grande Ave", "category": "Lessors of Real Estate", "address": "1207 E Rio Grande Ave", "sqft": 3336.8, "unique_visits": 1467, "days_with_any_visit": 425, "visits_per_day": 3.45, "visits_per_sqft": 0.4396}}, {"type": "Feature", "geometry": {"type": "Polygon", "coordinates": [[[-106.48477743799998, 31.768552525000075], [-106.48488358199995, 31.768481950000023], [-106.48497386799994, 31.768579327000054], [-106.48486772299998, 31.76864990300004], [-106.48477743799998, 31.768552525000075]]]}, "properties": {"PLACEKEY": "22p-227@8tf-p3j-5zz", "name": "Julian Valdespino Lcdc", "category": "Offices of Physicians", "address": "1001 Montana Ave", "sqft": 1883.7, "unique_visits": 82, "days_with_any_visit": 62, "visits_per_day": 1.32, "visits_per_sqft": 0.0435}}, {"type": "Feature", "geometry": {"type": "Polygon", "coordinates": [[[-106.48255347699995, 31.769347663000076], [-106.48265754699997, 31.76927490500003], [-106.48277926599997, 31.76939975500005], [-106.48267519599995, 31.76947251300004], [-106.48255347699995, 31.769347663000076]]]}, "properties": {"PLACEKEY": "224-222@8tf-p3j-kzz", "name": "Diamond Bar Shaving & Beard", "category": "Personal Care Services", "address": "1122 Montana Ave", "sqft": 2464.9, "unique_visits": 267, "days_with_any_visit": 179, "visits_per_day": 1.49, "visits_per_sqft": 0.1083}}, {"type": "Feature", "geometry": {"type": "Polygon", "coordinates": [[[-106.48255347699995, 31.769347663000076], [-106.48265754699997, 31.76927490500003], [-106.48277926599997, 31.76939975500005], [-106.48267519599995, 31.76947251300004], [-106.48255347699995, 31.769347663000076]]]}, "properties": {"PLACEKEY": "224-227@8tf-p3j-kzz", "name": "Del Puerto Construction Co", "category": "Residential Building Construction", "address": "1122 Montana Ave", "sqft": 2464.9, "unique_visits": 267, "days_with_any_visit": 179, "visits_per_day": 1.49, "visits_per_sqft": 0.1083}}, {"type": "Feature", "geometry": {"type": "Polygon", "coordinates": [[[-106.48059469299994, 31.773105006000037], [-106.48051861599998, 31.773017554000035], [-106.48048262299994, 31.772980864000033], [-106.48057581399996, 31.77292273300003], [-106.48069254599994, 31.77305691600003], [-106.48060199599996, 31.773113400000057], [-106.48059469299994, 31.773105006000037]]]}, "properties": {"PLACEKEY": "22g-222@8tf-p3j-hkf", "name": "Joe Lopez Law", "category": "Legal Services", "address": "1408 Arizona Ave", "sqft": 2131.3, "unique_visits": 129, "days_with_any_visit": 116, "visits_per_day": 1.11, "visits_per_sqft": 0.0605}}, {"type": "Feature", "geometry": {"type": "Polygon", "coordinates": [[[-106.47983865099997, 31.768250575000025], [-106.47992069099996, 31.76820037600004], [-106.48005900599998, 31.76836248400008], [-106.479976965, 31.768412683000065], [-106.47983865099997, 31.768250575000025]]]}, "properties": {"PLACEKEY": "22b-223@8tf-p3j-m49", "name": "TaxSmart Business Services", "category": "Accounting, Tax Preparation, Bookkeeping, and Payroll Services", "address": "1219 E Missouri Ave", "sqft": 2292.7, "unique_visits": 1499, "days_with_any_visit": 464, "visits_per_day": 3.23, "visits_per_sqft": 0.6538}}, {"type": "Feature", "geometry": {"type": "Polygon", "coordinates": [[[-106.47678302799994, 31.773188924000067], [-106.47664743299998, 31.77303102500008], [-106.47672474999996, 31.772983417000034], [-106.47670821399998, 31.77296416100006], [-106.47673550199994, 31.772947358000067], [-106.47674872999994, 31.772962763000066], [-106.47709892799998, 31.77274712600007], [-106.47723121599995, 31.772901174000026], [-106.47709932399994, 31.77298238700007], [-106.47714893099999, 31.773040156000036], [-106.47696246299995, 31.773154975000068], [-106.47691946899994, 31.77310491000003], [-106.47678302799994, 31.773188924000067]]]}, "properties": {"PLACEKEY": "226-226@8tf-p3j-jn5", "name": "Danelle Carlos Lcdc, Lpc", "category": "Offices of Physicians", "address": "1600 Montana Ave", "sqft": 14176.1, "unique_visits": 676, "days_with_any_visit": 275, "visits_per_day": 2.46, "visits_per_sqft": 0.0477}}, {"type": "Feature", "geometry": {"type": "Polygon", "coordinates": [[[-106.47635434499995, 31.772242017000053], [-106.47634906599995, 31.772229784000046], [-106.47642515599995, 31.77218078100003], [-106.47655791499994, 31.77232859800006], [-106.47656686599998, 31.772322833000032], [-106.47648516999999, 31.772231869000052], [-106.47658363999994, 31.772168454000052], [-106.47655243399998, 31.772128726000062], [-106.47667839999997, 31.772281200000066], [-106.47650261699994, 31.77240010500003], [-106.47635434499995, 31.772242017000053]]]}, "properties": {"PLACEKEY": "22w-222@8tf-p3j-k4v", "name": "Dr. Alejandro Huerta DC", "category": "Offices of Other Health Practitioners", "address": "1604 E Yandell Dr", "sqft": 4316.3, "unique_visits": 1318, "days_with_any_visit": 426, "visits_per_day": 3.09, "visits_per_sqft": 0.3054}}, {"type": "Feature", "geometry": {"type": "Polygon", "coordinates": [[[-106.48265298299998, 31.774393417000056], [-106.48272607299998, 31.774348985000074], [-106.48279166499998, 31.774426348000077], [-106.48271857399999, 31.77447078000006], [-106.48265298299998, 31.774393417000056]]]}, "properties": {"PLACEKEY": "22h-222@8tf-p3h-hnq", "name": "El Paso High Feeder Community Schools", "category": "Elementary and Secondary Schools", "address": "1300 Circle Dr", "sqft": 968.8, "unique_visits": 1, "days_with_any_visit": 1, "visits_per_day": 1.0, "visits_per_sqft": 0.001}}, {"type": "Feature", "geometry": {"type": "Polygon", "coordinates": [[[-106.47678302799994, 31.773188924000067], [-106.47664743299998, 31.77303102500008], [-106.47672474999996, 31.772983417000034], [-106.47670821399998, 31.77296416100006], [-106.47673550199994, 31.772947358000067], [-106.47674872999994, 31.772962763000066], [-106.47709892799998, 31.77274712600007], [-106.47723121599995, 31.772901174000026], [-106.47709932399994, 31.77298238700007], [-106.47714893099999, 31.773040156000036], [-106.47696246299995, 31.773154975000068], [-106.47691946899994, 31.77310491000003], [-106.47678302799994, 31.773188924000067]]]}, "properties": {"PLACEKEY": "226-22n@8tf-p3j-jn5", "name": "Mr. Manuel Hernandez Lpc", "category": "Offices of Physicians", "address": "1600 Montana Ave", "sqft": 14176.1, "unique_visits": 676, "days_with_any_visit": 275, "visits_per_day": 2.46, "visits_per_sqft": 0.0477}}, {"type": "Feature", "geometry": {"type": "Polygon", "coordinates": [[[-106.47717234299995, 31.771108922000053], [-106.47729764699994, 31.77102924600007], [-106.477494359, 31.771255495000048], [-106.477365637, 31.771337345000063], [-106.47717234299995, 31.771108922000053]]]}, "properties": {"PLACEKEY": "222-223@8tf-p3j-jy9", "name": "Rigos Body & Paint", "category": "Automotive Repair and Maintenance", "address": "1505 Wyoming El Paso", "sqft": 5048.3, "unique_visits": 240, "days_with_any_visit": 178, "visits_per_day": 1.35, "visits_per_sqft": 0.0475}}, {"type": "Feature", "geometry": {"type": "Polygon", "coordinates": [[[-106.48245376099999, 31.770351988000073], [-106.48233683999996, 31.77042637900007], [-106.48227992499994, 31.770365379000054], [-106.48239464199997, 31.770288625000035], [-106.48245376099999, 31.770351988000073]]]}, "properties": {"PLACEKEY": "222-225@8tf-p3j-5pv", "name": "Manos De Luz", "category": "Offices of Other Health Practitioners", "address": "905 Noble St", "sqft": 1313.2, "unique_visits": 32, "days_with_any_visit": 29, "visits_per_day": 1.1, "visits_per_sqft": 0.0244}}, {"type": "Feature", "geometry": {"type": "Polygon", "coordinates": [[[-106.47687593099994, 31.773747857000046], [-106.47699139999997, 31.773875300000043], [-106.47680233999995, 31.773998928000026], [-106.47660133799997, 31.773775132000026], [-106.47664609799995, 31.773746308000057], [-106.47662907799997, 31.77372735700004], [-106.47668726699999, 31.773689884000078], [-106.47670088199999, 31.773705044000053], [-106.47678145099997, 31.773653159000048], [-106.47686995799995, 31.773751703000073], [-106.47687593099994, 31.773747857000046]]]}, "properties": {"PLACEKEY": "23h-223@8tf-p3j-jvz", "name": "United Transportation Union", "category": "Civic and Social Organizations", "address": "905 Dallas St", "sqft": 7707.0, "unique_visits": 361, "days_with_any_visit": 248, "visits_per_day": 1.46, "visits_per_sqft": 0.0468}}, {"type": "Feature", "geometry": {"type": "Polygon", "coordinates": [[[-106.47983069799994, 31.771844360000046], [-106.48000972899996, 31.77172905300006], [-106.48001994199996, 31.77174042300004], [-106.48010050599999, 31.771688535000067], [-106.48035241699995, 31.77196900100006], [-106.48009282099997, 31.772136196000076], [-106.47983069799994, 31.771844360000046]]]}, "properties": {"PLACEKEY": "22c-22j@8tf-p3j-hkf", "name": "AhOK", "category": "Other Miscellaneous Manufacturing", "address": "1401 Montana Ave", "sqft": 13358.0, "unique_visits": 379, "days_with_any_visit": 204, "visits_per_day": 1.86, "visits_per_sqft": 0.0284}}, {"type": "Feature", "geometry": {"type": "Polygon", "coordinates": [[[-106.47840914199998, 31.772072726000033], [-106.47850502799997, 31.772006532000034], [-106.47861517799998, 31.77212094400005], [-106.47851929199999, 31.77218713900004], [-106.47840914199998, 31.772072726000033]]]}, "properties": {"PLACEKEY": "22f-222@8tf-p3j-jy9", "name": "Salas & Salas Llp", "category": "Legal Services", "address": "1500 Montana Ave", "sqft": 2066.7, "unique_visits": 201, "days_with_any_visit": 127, "visits_per_day": 1.58, "visits_per_sqft": 0.0973}}, {"type": "Feature", "geometry": {"type": "Polygon", "coordinates": [[[-106.48088653099995, 31.77262782100007], [-106.48093211099996, 31.772599933000038], [-106.48108031399994, 31.77277361700004], [-106.48099371199999, 31.772826605000034], [-106.48086526999998, 31.772676078000075], [-106.48090629099994, 31.772650979000048], [-106.48088653099995, 31.77262782100007]]]}, "properties": {"PLACEKEY": "227-222@8tf-p3j-hkf", "name": "Apartments at 1400 Arizona Ave", "category": "Lessors of Real Estate", "address": "1400 Arizona Ave", "sqft": 2421.9, "unique_visits": 303, "days_with_any_visit": 211, "visits_per_day": 1.44, "visits_per_sqft": 0.1251}}, {"type": "Feature", "geometry": {"type": "Polygon", "coordinates": [[[-106.48362052299996, 31.76750339000006], [-106.48373307299994, 31.76763203300004], [-106.483479521, 31.767792259000032], [-106.48335509599997, 31.767651053000066], [-106.48348127899999, 31.767571314000065], [-106.48346446599999, 31.76755223300006], [-106.48349150499996, 31.767535145000068], [-106.48350159299997, 31.767546595000056], [-106.48349479899997, 31.76756277100003], [-106.48359394299996, 31.767500119000033], [-106.48362052299996, 31.76750339000006]]]}, "properties": {"PLACEKEY": "229-222@8tf-p3j-8d9", "name": "Iglesia Luterana Cristo Rey", "category": "Religious Organizations", "address": "1010 E Yandell Dr", "sqft": 6372.2, "unique_visits": 5, "days_with_any_visit": 5, "visits_per_day": 1.0, "visits_per_sqft": 0.0008}}, {"type": "Feature", "geometry": {"type": "Polygon", "coordinates": [[[-106.47926254599997, 31.77249408700004], [-106.47933348499998, 31.77245369800005], [-106.47931779599998, 31.772433939000052], [-106.47924313199997, 31.772476450000056], [-106.47909879999997, 31.772294677000048], [-106.479341461, 31.77215651700004], [-106.47935401099994, 31.772172323000063], [-106.47942867599994, 31.77212981200006], [-106.47940985099996, 31.772106102000066], [-106.47947984799998, 31.772066248000044], [-106.479652419, 31.77228358600007], [-106.47956375399997, 31.772334068000077], [-106.47954806599995, 31.77231431000007], [-106.47953406599999, 31.772322281000072], [-106.47955916799998, 31.77235389300006], [-106.47946583699996, 31.772407032000046], [-106.47938425799998, 31.77230429100007], [-106.47930492599994, 31.772349459000054], [-106.47938650499998, 31.772452200000032], [-106.47946116999998, 31.77240968900003], [-106.47954588799996, 31.77251638300004], [-106.47937065199994, 31.772616153000058], [-106.47926254599997, 31.77249408700004]]]}, "properties": {"PLACEKEY": "226-223@8tf-p3j-k2k", "name": "Guiding Star El Paso", "category": "Other Ambulatory Health Care Services", "address": "1411 Montana Ave", "sqft": 15252.4, "unique_visits": 479, "days_with_any_visit": 266, "visits_per_day": 1.8, "visits_per_sqft": 0.0314}}, {"type": "Feature", "geometry": {"type": "Polygon", "coordinates": [[[-106.47907460899995, 31.77157475300004], [-106.47917727299995, 31.771516301000077], [-106.47928708899997, 31.771654606000027], [-106.47918442499997, 31.771713059000035], [-106.47907460899995, 31.77157475300004]]]}, "properties": {"PLACEKEY": "228-225@8tf-p3j-hh5", "name": "Mr. Joe Collins", "category": "Offices of Physicians", "address": "1418 Montana Ave", "sqft": 2335.8, "unique_visits": 225, "days_with_any_visit": 129, "visits_per_day": 1.74, "visits_per_sqft": 0.0963}}, {"type": "Feature", "geometry": {"type": "Polygon", "coordinates": [[[-106.48298190499997, 31.768995542000027], [-106.48323253399997, 31.768834106000043], [-106.48342657499995, 31.769050136000033], [-106.48317594699995, 31.769211573000064], [-106.48298190499997, 31.768995542000027]]]}, "properties": {"PLACEKEY": "24h-222@8tf-p3j-5zz", "name": "Erxleben Harvey Atty", "category": "Legal Services", "address": "1100 Montana Ave Ste 208", "sqft": 9666.0, "unique_visits": 889, "days_with_any_visit": 394, "visits_per_day": 2.26, "visits_per_sqft": 0.092}}, {"type": "Feature", "geometry": {"type": "Polygon", "coordinates": [[[-106.48060192699995, 31.768942381000045], [-106.48072723399997, 31.768867185000033], [-106.48088476499998, 31.769046952000053], [-106.48075409799998, 31.769125364000047], [-106.48060192699995, 31.768942381000045]]]}, "properties": {"PLACEKEY": "22h-222@8tf-p3j-m6k", "name": "Migza Collision Center", "category": "Automotive Repair and Maintenance", "address": "1217 Wyoming Ave", "sqft": 3971.9, "unique_visits": 266, "days_with_any_visit": 188, "visits_per_day": 1.41, "visits_per_sqft": 0.067}}, {"type": "Feature", "geometry": {"type": "Polygon", "coordinates": [[[-106.47581238299995, 31.773390653000035], [-106.47565441899997, 31.773204563000036], [-106.475735553, 31.77314714000005], [-106.47585456299998, 31.77326770800005], [-106.47580278699996, 31.77330435400006], [-106.47585327699994, 31.77335550400005], [-106.47589210899997, 31.773328019000076], [-106.47594620399997, 31.773382823000077], [-106.47587285399999, 31.77343473800005], [-106.47582236499994, 31.77338358800006], [-106.47581238299995, 31.773390653000035]]]}, "properties": {"PLACEKEY": "22h-225@8tf-p3j-jsq", "name": "REsource Transactions LLC", "category": "Offices of Real Estate Agents and Brokers", "address": "1701 E Yandell Dr", "sqft": 3186.1, "unique_visits": 307, "days_with_any_visit": 179, "visits_per_day": 1.72, "visits_per_sqft": 0.0964}}, {"type": "Feature", "geometry": {"type": "Polygon", "coordinates": [[[-106.47792559499999, 31.773611456000026], [-106.47796699899999, 31.77358709600003], [-106.4780386, 31.773674351000068], [-106.47795627, 31.773726772000032], [-106.47787917199997, 31.77377213500006], [-106.47782462099997, 31.77370565900003], [-106.477926218, 31.77364588100005], [-106.47790696399994, 31.77362241900005], [-106.47792559499999, 31.773611456000026]]]}, "properties": {"PLACEKEY": "224-222@8tf-p3j-jqf", "name": "Cap Rate Real Estate Group", "category": "Offices of Real Estate Agents and Brokers", "address": "914 N Lee St", "sqft": 2023.6, "unique_visits": 130, "days_with_any_visit": 106, "visits_per_day": 1.23, "visits_per_sqft": 0.0642}}, {"type": "Feature", "geometry": {"type": "Polygon", "coordinates": [[[-106.48017033177861, 31.771077364231925], [-106.4801140053893, 31.771113278997703], [-106.48011936980733, 31.771121830130383], [-106.48009053606042, 31.771138932393324], [-106.48009724158295, 31.771147483523613], [-106.4800429268504, 31.771178837661218], [-106.47995106119164, 31.771077934307673], [-106.48009522992619, 31.770986152065642], [-106.48017033177861, 31.771077364231925]]]}, "properties": {"PLACEKEY": "22b-222@8tf-p3j-hh5", "name": "Building B", "category": "Lessors of Real Estate", "address": "1330 Montana Ave", "sqft": 2400.3, "unique_visits": 538, "days_with_any_visit": 286, "visits_per_day": 1.88, "visits_per_sqft": 0.2241}}, {"type": "Feature", "geometry": {"type": "Polygon", "coordinates": [[[-106.47678302799994, 31.773188924000067], [-106.47664743299998, 31.77303102500008], [-106.47672474999996, 31.772983417000034], [-106.47670821399998, 31.77296416100006], [-106.47673550199994, 31.772947358000067], [-106.47674872999994, 31.772962763000066], [-106.47709892799998, 31.77274712600007], [-106.47723121599995, 31.772901174000026], [-106.47709932399994, 31.77298238700007], [-106.47714893099999, 31.773040156000036], [-106.47696246299995, 31.773154975000068], [-106.47691946899994, 31.77310491000003], [-106.47678302799994, 31.773188924000067]]]}, "properties": {"PLACEKEY": "226-233@8tf-p3j-jn5", "name": "Vianney Lopez Lcdc", "category": "Offices of Physicians", "address": "1600 Montana Ave", "sqft": 14176.1, "unique_visits": 676, "days_with_any_visit": 275, "visits_per_day": 2.46, "visits_per_sqft": 0.0477}}, {"type": "Feature", "geometry": {"type": "Polygon", "coordinates": [[[-106.47687593099994, 31.773747857000046], [-106.47757268699996, 31.773299144000077], [-106.47745013799994, 31.773162699000068], [-106.477464694, 31.773153324000077], [-106.47769759999994, 31.77341880000006], [-106.47753589999996, 31.773522400000047], [-106.47737619999998, 31.773628200000076], [-106.477185, 31.77375310000008], [-106.47699139999997, 31.773875300000043], [-106.47687593099994, 31.773747857000046]]]}, "properties": {"PLACEKEY": "22s-223@8tf-p3j-jvz", "name": "Jeans Night Club & Bar", "category": "Drinking Places (Alcoholic Beverages)", "address": "1615 Montana Ave # Not", "sqft": 16501.1, "unique_visits": 1948, "days_with_any_visit": 518, "visits_per_day": 3.76, "visits_per_sqft": 0.1181}}, {"type": "Feature", "geometry": {"type": "Polygon", "coordinates": [[[-106.47718993199999, 31.771365702000026], [-106.47704316499994, 31.771191061000025], [-106.47717234299995, 31.771108922000053], [-106.477365637, 31.771337345000063], [-106.47734995499997, 31.77134731600006], [-106.47736683799997, 31.771366356000044], [-106.47732187099996, 31.77139494800008], [-106.47725771699999, 31.771322600000076], [-106.47718993199999, 31.771365702000026]]]}, "properties": {"PLACEKEY": "22j-222@8tf-p3j-jy9", "name": "Legacy Appliance Sales & Repair", "category": "Electronics and Appliance Stores", "address": "1507 Wyoming Ave", "sqft": 4650.0, "unique_visits": 214, "days_with_any_visit": 154, "visits_per_day": 1.39, "visits_per_sqft": 0.046}}, {"type": "Feature", "geometry": {"type": "Polygon", "coordinates": [[[-106.47690743299995, 31.77127736700004], [-106.47704316499994, 31.771191061000025], [-106.47718993199999, 31.771365702000026], [-106.47717228099998, 31.771376926000073], [-106.47714526899995, 31.771346464000032], [-106.47708231599995, 31.77138649300008], [-106.47712958699998, 31.77143980200003], [-106.47707909999997, 31.771471904000066], [-106.47690743299995, 31.77127736700004]]]}, "properties": {"PLACEKEY": "22k-222@8tf-p3j-8jv", "name": "El Paso Veterinary Supply", "category": "Other Professional, Scientific, and Technical Services", "address": "1517 Wyoming Ave", "sqft": 3907.3, "unique_visits": 251, "days_with_any_visit": 175, "visits_per_day": 1.43, "visits_per_sqft": 0.0642}}, {"type": "Feature", "geometry": {"type": "Polygon", "coordinates": [[[-106.47792559499999, 31.773611456000026], [-106.47796699899999, 31.77358709600003], [-106.4780386, 31.773674351000068], [-106.47795627, 31.773726772000032], [-106.47787917199997, 31.77377213500006], [-106.47782462099997, 31.77370565900003], [-106.477926218, 31.77364588100005], [-106.47790696399994, 31.77362241900005], [-106.47792559499999, 31.773611456000026]]]}, "properties": {"PLACEKEY": "224-223@8tf-p3j-jqf", "name": "Zima Properties", "category": "Other Specialty Trade Contractors", "address": "914 N Lee St", "sqft": 2023.6, "unique_visits": 130, "days_with_any_visit": 106, "visits_per_day": 1.23, "visits_per_sqft": 0.0642}}, {"type": "Feature", "geometry": {"type": "Polygon", "coordinates": [[[-106.48151751488267, 31.770103485117335], [-106.48144378901425, 31.77017721098575], [-106.48136944299995, 31.77010236500007], [-106.48145550699996, 31.77004106000004], [-106.48151751488267, 31.770103485117335]]]}, "properties": {"PLACEKEY": "229-22b@8tf-p3j-hnq", "name": "Jose Troche Law Office", "category": "Legal Services", "address": "1216 Montana Ave", "sqft": 1141.0, "unique_visits": 209, "days_with_any_visit": 155, "visits_per_day": 1.35, "visits_per_sqft": 0.1832}}, {"type": "Feature", "geometry": {"type": "Polygon", "coordinates": [[[-106.48101, 31.770631], [-106.4810101444582, 31.77062805948579], [-106.48101057644158, 31.770625147290342], [-106.48101129178993, 31.770622291459684], [-106.48101228361402, 31.770619519497032], [-106.48101354236206, 31.770616858097895], [-106.48101505591163, 31.77061433289301], [-106.4810168096864, 31.770611968201475], [-106.48101878679655, 31.770609786796566], [-106.48102096820146, 31.7706078096864], [-106.481023332893, 31.77060605591163], [-106.4810258580979, 31.770604542362072], [-106.48102851949702, 31.770603283614026], [-106.48103129145967, 31.77060229178993], [-106.48103414729033, 31.77060157644159], [-106.48103705948579, 31.7706011444582], [-106.48104, 31.770601], [-106.4810429405142, 31.7706011444582], [-106.48104585270966, 31.77060157644159], [-106.48104870854031, 31.77060229178993], [-106.48105148050297, 31.770603283614026], [-106.48105414190209, 31.770604542362072], [-106.48105666710698, 31.77060605591163], [-106.48105903179852, 31.7706078096864], [-106.48106121320343, 31.770609786796566], [-106.48106319031359, 31.770611968201475], [-106.48106494408836, 31.77061433289301], [-106.48106645763792, 31.770616858097895], [-106.48106771638597, 31.770619519497032], [-106.48106870821006, 31.770622291459684], [-106.48106942355841, 31.770625147290342], [-106.48106985554179, 31.77062805948579], [-106.48107, 31.770631], [-106.48106985554179, 31.770633940514212], [-106.48106942355841, 31.77063685270966], [-106.48106870821006, 31.77063970854032], [-106.48106771638597, 31.77064248050297], [-106.48106645763792, 31.770645141902108], [-106.48106494408836, 31.770647667106992], [-106.48106319031359, 31.770650031798528], [-106.48106121320343, 31.770652213203437], [-106.48105903179852, 31.770654190313603], [-106.48105666710698, 31.77065594408837], [-106.48105414190209, 31.77065745763793], [-106.48105148050297, 31.770658716385977], [-106.48104870854031, 31.770659708210072], [-106.48104585270966, 31.770660423558414], [-106.4810429405142, 31.770660855541802], [-106.48104, 31.770661], [-106.48103705948579, 31.770660855541802], [-106.48103414729033, 31.770660423558414], [-106.48103129145967, 31.770659708210072], [-106.48102851949702, 31.770658716385977], [-106.4810258580979, 31.77065745763793], [-106.481023332893, 31.77065594408837], [-106.48102096820146, 31.770654190313603], [-106.48101878679655, 31.770652213203437], [-106.4810168096864, 31.770650031798528], [-106.48101505591163, 31.770647667106992], [-106.48101354236206, 31.770645141902108], [-106.48101228361402, 31.77064248050297], [-106.48101129178993, 31.77063970854032], [-106.48101057644158, 31.77063685270966], [-106.4810101444582, 31.770633940514212], [-106.48101, 31.770631]]]}, "properties": {"PLACEKEY": "zzy-223@8tf-p3j-hbk", "name": "Sun Metro Montana Brown", "category": "Urban Transit Systems", "address": "Sun Metro Montana Brown", "sqft": null, "unique_visits": 176, "days_with_any_visit": 116, "visits_per_day": 1.52, "visits_per_sqft": 0.0}}, {"type": "Feature", "geometry": {"type": "Polygon", "coordinates": [[[-106.48055761899997, 31.77084670200003], [-106.48045785, 31.77070859400004], [-106.480424272, 31.770725988000038], [-106.48037732199998, 31.77066099500007], [-106.48044447799998, 31.770626208000067], [-106.48049729699994, 31.770699324000077], [-106.48055934799999, 31.770667179000043], [-106.48063042899997, 31.77074674000005], [-106.48066314999994, 31.770792035000056], [-106.48055761899997, 31.77084670200003]]]}, "properties": {"PLACEKEY": "224-224@8tf-p3j-ht9", "name": "Reed & Associates", "category": "Offices of Other Health Practitioners", "address": "1310 Montana Ave", "sqft": 2787.9, "unique_visits": 121, "days_with_any_visit": 85, "visits_per_day": 1.42, "visits_per_sqft": 0.0434}}, {"type": "Feature", "geometry": {"type": "Polygon", "coordinates": [[[-106.48263030799995, 31.76729171900007], [-106.48261878799997, 31.767281138000044], [-106.48241485899996, 31.76704754600007], [-106.48243226399995, 31.767066274000058], [-106.48256929499996, 31.766982962000043], [-106.48276277099995, 31.767211185000065], [-106.48263030799995, 31.76729171900007]]]}, "properties": {"PLACEKEY": "22p-222@8tf-p3j-mc5", "name": "E & J Kustomotive", "category": "Automotive Repair and Maintenance", "address": "1022 Wyoming Ave", "sqft": 5306.6, "unique_visits": 2174, "days_with_any_visit": 513, "visits_per_day": 4.24, "visits_per_sqft": 0.4097}}, {"type": "Feature", "geometry": {"type": "Polygon", "coordinates": [[[-106.48187386599994, 31.769789334000052], [-106.48198445399998, 31.76972383100008], [-106.48211015199996, 31.76987600700005], [-106.48199956499997, 31.76994151100007], [-106.48187386599994, 31.769789334000052]]]}, "properties": {"PLACEKEY": "22m-22c@8tf-p3j-hnq", "name": "Beckster's Boutique", "category": "Clothing Stores", "address": "1204 Montana Ave", "sqft": 2830.9, "unique_visits": 221, "days_with_any_visit": 147, "visits_per_day": 1.5, "visits_per_sqft": 0.0781}}, {"type": "Feature", "geometry": {"type": "Polygon", "coordinates": [[[-106.47678302799994, 31.773188924000067], [-106.47664743299998, 31.77303102500008], [-106.47672474999996, 31.772983417000034], [-106.47670821399998, 31.77296416100006], [-106.47673550199994, 31.772947358000067], [-106.47674872999994, 31.772962763000066], [-106.47709892799998, 31.77274712600007], [-106.47723121599995, 31.772901174000026], [-106.47709932399994, 31.77298238700007], [-106.47714893099999, 31.773040156000036], [-106.47696246299995, 31.773154975000068], [-106.47691946899994, 31.77310491000003], [-106.47678302799994, 31.773188924000067]]]}, "properties": {"PLACEKEY": "226-22x@8tf-p3j-jn5", "name": "Rene Lujan Lpc", "category": "Offices of Physicians", "address": "1600 Montana Ave", "sqft": 14176.1, "unique_visits": 676, "days_with_any_visit": 275, "visits_per_day": 2.46, "visits_per_sqft": 0.0477}}, {"type": "Feature", "geometry": {"type": "Polygon", "coordinates": [[[-106.478870801607, 31.76906623609386], [-106.47895800030835, 31.768989937230195], [-106.47908234899995, 31.76913197500005], [-106.47898297299997, 31.769194364000043], [-106.478870801607, 31.76906623609386]]]}, "properties": {"PLACEKEY": "22c-223@8tf-p3j-h3q", "name": "Gods Remnant Assembly El Paso", "category": "Religious Organizations", "address": "1317 E Missouri Ave", "sqft": 2346.5, "unique_visits": 47, "days_with_any_visit": 45, "visits_per_day": 1.04, "visits_per_sqft": 0.02}}, {"type": "Feature", "geometry": {"type": "Polygon", "coordinates": [[[-106.485093, 31.770477], [-106.4850931444582, 31.77047405948579], [-106.48509357644159, 31.77047114729034], [-106.48509429178993, 31.770468291459682], [-106.48509528361403, 31.77046551949703], [-106.48509654236207, 31.770462858097893], [-106.48509805591164, 31.77046033289301], [-106.4850998096864, 31.770457968201473], [-106.48510178679656, 31.770455786796564], [-106.48510396820147, 31.770453809686398], [-106.48510633289301, 31.77045205591163], [-106.4851088580979, 31.77045054236207], [-106.48511151949702, 31.770449283614024], [-106.48511429145968, 31.77044829178993], [-106.48511714729034, 31.770447576441587], [-106.4851200594858, 31.7704471444582], [-106.485123, 31.770447], [-106.48512594051421, 31.7704471444582], [-106.48512885270966, 31.770447576441587], [-106.48513170854032, 31.77044829178993], [-106.48513448050298, 31.770449283614024], [-106.4851371419021, 31.77045054236207], [-106.48513966710699, 31.77045205591163], [-106.48514203179853, 31.770453809686398], [-106.48514421320344, 31.770455786796564], [-106.4851461903136, 31.770457968201473], [-106.48514794408837, 31.77046033289301], [-106.48514945763793, 31.770462858097893], [-106.48515071638597, 31.77046551949703], [-106.48515170821007, 31.770468291459682], [-106.48515242355842, 31.77047114729034], [-106.4851528555418, 31.77047405948579], [-106.485153, 31.770477], [-106.4851528555418, 31.77047994051421], [-106.48515242355842, 31.77048285270966], [-106.48515170821007, 31.770485708540317], [-106.48515071638597, 31.77048848050297], [-106.48514945763793, 31.770491141902106], [-106.48514794408837, 31.77049366710699], [-106.4851461903136, 31.770496031798526], [-106.48514421320344, 31.770498213203435], [-106.48514203179853, 31.7705001903136], [-106.48513966710699, 31.77050194408837], [-106.4851371419021, 31.77050345763793], [-106.48513448050298, 31.770504716385975], [-106.48513170854032, 31.77050570821007], [-106.48512885270966, 31.770506423558412], [-106.48512594051421, 31.7705068555418], [-106.485123, 31.770507], [-106.4851200594858, 31.7705068555418], [-106.48511714729034, 31.770506423558412], [-106.48511429145968, 31.77050570821007], [-106.48511151949702, 31.770504716385975], [-106.4851088580979, 31.77050345763793], [-106.48510633289301, 31.77050194408837], [-106.48510396820147, 31.7705001903136], [-106.48510178679656, 31.770498213203435], [-106.4850998096864, 31.770496031798526], [-106.48509805591164, 31.77049366710699], [-106.48509654236207, 31.770491141902106], [-106.48509528361403, 31.77048848050297], [-106.48509429178993, 31.770485708540317], [-106.48509357644159, 31.77048285270966], [-106.4850931444582, 31.77047994051421], [-106.485093, 31.770477]]]}, "properties": {"PLACEKEY": "zzy-223@8tf-p3j-5mk", "name": "Sun Metro Arizona Octavia", "category": "Urban Transit Systems", "address": "Sun Metro Arizona Octavia", "sqft": null, "unique_visits": 154, "days_with_any_visit": 111, "visits_per_day": 1.39, "visits_per_sqft": 0.0}}, {"type": "Feature", "geometry": {"type": "Polygon", "coordinates": [[[-106.47907460899995, 31.77157475300004], [-106.47917727299995, 31.771516301000077], [-106.47928708899997, 31.771654606000027], [-106.47918442499997, 31.771713059000035], [-106.47907460899995, 31.77157475300004]]]}, "properties": {"PLACEKEY": "228-222@8tf-p3j-hh5", "name": "Pinnacle Social Services", "category": "Offices of Other Health Practitioners", "address": "1418 Montana Ave", "sqft": 2335.8, "unique_visits": 225, "days_with_any_visit": 129, "visits_per_day": 1.74, "visits_per_sqft": 0.0963}}, {"type": "Feature", "geometry": {"type": "Polygon", "coordinates": [[[-106.48187386599994, 31.769789334000052], [-106.48198445399998, 31.76972383100008], [-106.48211015199996, 31.76987600700005], [-106.48199956499997, 31.76994151100007], [-106.48187386599994, 31.769789334000052]]]}, "properties": {"PLACEKEY": "22m-225@8tf-p3j-hnq", "name": "Wendy Robin Weir MA", "category": "Offices of Other Health Practitioners", "address": "1204 Montana Ave", "sqft": 2830.9, "unique_visits": 221, "days_with_any_visit": 147, "visits_per_day": 1.5, "visits_per_sqft": 0.0781}}, {"type": "Feature", "geometry": {"type": "Polygon", "coordinates": [[[-106.47678302799994, 31.773188924000067], [-106.47664743299998, 31.77303102500008], [-106.47672474999996, 31.772983417000034], [-106.47670821399998, 31.77296416100006], [-106.47673550199994, 31.772947358000067], [-106.47674872999994, 31.772962763000066], [-106.47709892799998, 31.77274712600007], [-106.47723121599995, 31.772901174000026], [-106.47709932399994, 31.77298238700007], [-106.47714893099999, 31.773040156000036], [-106.47696246299995, 31.773154975000068], [-106.47691946899994, 31.77310491000003], [-106.47678302799994, 31.773188924000067]]]}, "properties": {"PLACEKEY": "226-23h@8tf-p3j-jn5", "name": "Rocio Fernandez Lcdc", "category": "Offices of Physicians", "address": "1600 Montana Ave", "sqft": 14176.1, "unique_visits": 676, "days_with_any_visit": 275, "visits_per_day": 2.46, "visits_per_sqft": 0.0477}}, {"type": "Feature", "geometry": {"type": "Polygon", "coordinates": [[[-106.47764021399996, 31.772800278000034], [-106.47739636699998, 31.772537252000063], [-106.47756014199996, 31.772428381000054], [-106.47759197499994, 31.772408941000037], [-106.47767085099997, 31.772494023000036], [-106.47762661999997, 31.772523427000067], [-106.47764050899997, 31.77253840900005], [-106.47770685699999, 31.77249430300003], [-106.47769296699994, 31.77247932100005], [-106.47773719899999, 31.772449917000074], [-106.47776844999999, 31.772483626000053], [-106.47781268199998, 31.772454223000068], [-106.47791685299995, 31.772566588000075], [-106.47780185099998, 31.77264303700008], [-106.47773240399994, 31.772568127000056], [-106.47771913399998, 31.77257694900004], [-106.47781857099994, 31.772684206000065], [-106.47764021399996, 31.772800278000034]]]}, "properties": {"PLACEKEY": "22c-222@8tf-p3j-jn5", "name": "Law Office of David Wilton", "category": "Legal Services", "address": "1522 Montana Ave Ste 200", "sqft": 11592.7, "unique_visits": 1437, "days_with_any_visit": 395, "visits_per_day": 3.64, "visits_per_sqft": 0.124}}, {"type": "Feature", "geometry": {"type": "Polygon", "coordinates": [[[-106.47844341899997, 31.76914241000003], [-106.47865619999999, 31.769380900000044], [-106.47849101699995, 31.769485931000077], [-106.47827764399995, 31.76924986100005], [-106.47844341899997, 31.76914241000003]]]}, "properties": {"PLACEKEY": "227-222@8tf-qxh-hnq", "name": "Santa Fe Home Care", "category": "Home Health Care Services", "address": "611 Newman St", "sqft": 6996.5, "unique_visits": 320, "days_with_any_visit": 182, "visits_per_day": 1.76, "visits_per_sqft": 0.0457}}, {"type": "Feature", "geometry": {"type": "Polygon", "coordinates": [[[-106.48036403999998, 31.769421683000076], [-106.48034736399995, 31.769402513000045], [-106.48032020099998, 31.769419459000062], [-106.48027017399994, 31.769361951000064], [-106.48038788599996, 31.769288521000078], [-106.48045458599995, 31.76936519900005], [-106.48036403999998, 31.769421683000076]]]}, "properties": {"PLACEKEY": "222-222@8tf-p3j-m6k", "name": "Apartments at 709 Brown St", "category": "Lessors of Real Estate", "address": "709 Brown St", "sqft": 1485.4, "unique_visits": 340, "days_with_any_visit": 225, "visits_per_day": 1.51, "visits_per_sqft": 0.2289}}, {"type": "Feature", "geometry": {"type": "Polygon", "coordinates": [[[-106.48238543999997, 31.769447592000063], [-106.48251583399997, 31.769364668000037], [-106.48264414799996, 31.76950935800005], [-106.48248227899995, 31.769612299000073], [-106.48238773199995, 31.76950568500007], [-106.48241920699996, 31.769485668000073], [-106.48238543999997, 31.769447592000063]]]}, "properties": {"PLACEKEY": "22c-223@8tf-p3j-kzz", "name": "FXSA Inc", "category": "Architectural, Engineering, and Related Services", "address": "1130 Montana Ave", "sqft": 3928.8, "unique_visits": 407, "days_with_any_visit": 265, "visits_per_day": 1.54, "visits_per_sqft": 0.1036}}, {"type": "Feature", "geometry": {"type": "Polygon", "coordinates": [[[-106.47678302799994, 31.773188924000067], [-106.47664743299998, 31.77303102500008], [-106.47672474999996, 31.772983417000034], [-106.47670821399998, 31.77296416100006], [-106.47673550199994, 31.772947358000067], [-106.47674872999994, 31.772962763000066], [-106.47709892799998, 31.77274712600007], [-106.47723121599995, 31.772901174000026], [-106.47709932399994, 31.77298238700007], [-106.47714893099999, 31.773040156000036], [-106.47696246299995, 31.773154975000068], [-106.47691946899994, 31.77310491000003], [-106.47678302799994, 31.773188924000067]]]}, "properties": {"PLACEKEY": "226-22v@8tf-p3j-jn5", "name": "Jeanette Espinoza Lpc", "category": "Offices of Physicians", "address": "1600 Montana Ave", "sqft": 14176.1, "unique_visits": 676, "days_with_any_visit": 275, "visits_per_day": 2.46, "visits_per_sqft": 0.0477}}, {"type": "Feature", "geometry": {"type": "Polygon", "coordinates": [[[-106.47863307299997, 31.771778685000072], [-106.47885289899995, 31.771638006000046], [-106.47905632299995, 31.77186594300008], [-106.47883649599999, 31.77200662100006], [-106.47863307299997, 31.771778685000072]]]}, "properties": {"PLACEKEY": "22k-223@8tf-p3j-hh5", "name": "Progressive", "category": "Agencies, Brokerages, and Other Insurance Related Activities", "address": "1444 Montana Ave Ste 201", "sqft": 8901.7, "unique_visits": 751, "days_with_any_visit": 359, "visits_per_day": 2.09, "visits_per_sqft": 0.0844}}, {"type": "Feature", "geometry": {"type": "Polygon", "coordinates": [[[-106.481917464, 31.771923403000073], [-106.48209368499994, 31.771821058000057], [-106.48214775399998, 31.77188781500007], [-106.48197153399997, 31.771990161000076], [-106.481917464, 31.771923403000073]]]}, "properties": {"PLACEKEY": "22q-222@8tf-p3j-hdv", "name": "Brown 1014", "category": "Lessors of Real Estate", "address": "1014 Brown St", "sqft": 1959.0, "unique_visits": 566, "days_with_any_visit": 258, "visits_per_day": 2.19, "visits_per_sqft": 0.2889}}, {"type": "Feature", "geometry": {"type": "Polygon", "coordinates": [[[-106.47863307299997, 31.771778685000072], [-106.47885289899995, 31.771638006000046], [-106.47905632299995, 31.77186594300008], [-106.47883649599999, 31.77200662100006], [-106.47863307299997, 31.771778685000072]]]}, "properties": {"PLACEKEY": "22k-222@8tf-p3j-hh5", "name": "Mt Franklin Insurance", "category": "Agencies, Brokerages, and Other Insurance Related Activities", "address": "1444 Montana Ave Ste 201", "sqft": 8901.7, "unique_visits": 751, "days_with_any_visit": 359, "visits_per_day": 2.09, "visits_per_sqft": 0.0844}}, {"type": "Feature", "geometry": {"type": "Polygon", "coordinates": [[[-106.48288129870181, 31.76927179672458], [-106.48279972022105, 31.76933918764347], [-106.48270576599998, 31.76922544300004], [-106.48279791999994, 31.769170856000073], [-106.48288129870181, 31.76927179672458]]]}, "properties": {"PLACEKEY": "225-223@8tf-p3j-kzz", "name": "Hawk & Hero Productions", "category": "Other Professional, Scientific, and Technical Services", "address": "1116 Montana Ave", "sqft": 1668.4, "unique_visits": 69, "days_with_any_visit": 60, "visits_per_day": 1.15, "visits_per_sqft": 0.0414}}, {"type": "Feature", "geometry": {"type": "Polygon", "coordinates": [[[-106.48451378399994, 31.768709800000067], [-106.48462267999997, 31.76864229800003], [-106.48474556899998, 31.768784466000056], [-106.48463667299995, 31.768851969000025], [-106.48451378399994, 31.768709800000067]]]}, "properties": {"PLACEKEY": "22b-222@8tf-p3j-5vf", "name": "Celia A Villasenor", "category": "Legal Services", "address": "1009 Montana Ave", "sqft": 2691.0, "unique_visits": 452, "days_with_any_visit": 271, "visits_per_day": 1.67, "visits_per_sqft": 0.168}}, {"type": "Feature", "geometry": {"type": "Polygon", "coordinates": [[[-106.47687593099994, 31.773747857000046], [-106.47757268699996, 31.773299144000077], [-106.47745013799994, 31.773162699000068], [-106.477464694, 31.773153324000077], [-106.47769759999994, 31.77341880000006], [-106.47753589999996, 31.773522400000047], [-106.47737619999998, 31.773628200000076], [-106.477185, 31.77375310000008], [-106.47699139999997, 31.773875300000043], [-106.47687593099994, 31.773747857000046]]]}, "properties": {"PLACEKEY": "22s-227@8tf-p3j-jvz", "name": "Whatever Lounge", "category": "Drinking Places (Alcoholic Beverages)", "address": "1615 Montana Ave # Not", "sqft": 16501.1, "unique_visits": 1948, "days_with_any_visit": 518, "visits_per_day": 3.76, "visits_per_sqft": 0.1181}}, {"type": "Feature", "geometry": {"type": "Polygon", "coordinates": [[[-106.4796392727683, 31.77204938178533], [-106.4795530480121, 31.77211836159037], [-106.479494016, 31.772054285000024], [-106.47952061799998, 31.772036710000066], [-106.47950678299998, 31.772021693000056], [-106.47957328899997, 31.771977759000038], [-106.4796392727683, 31.77204938178533]]]}, "properties": {"PLACEKEY": "zzw-222@8tf-p3j-hh5", "name": "Risen Wellness", "category": "Drugs and Druggists' Sundries Merchant Wholesalers", "address": "1409 Montana Ave", "sqft": 1205.6, "unique_visits": 158, "days_with_any_visit": 129, "visits_per_day": 1.22, "visits_per_sqft": 0.1311}}, {"type": "Feature", "geometry": {"type": "Polygon", "coordinates": [[[-106.48451378399994, 31.768709800000067], [-106.48462267999997, 31.76864229800003], [-106.48474556899998, 31.768784466000056], [-106.48463667299995, 31.768851969000025], [-106.48451378399994, 31.768709800000067]]]}, "properties": {"PLACEKEY": "22b-226@8tf-p3j-5vf", "name": "Spencer Trial Attorneys", "category": "Legal Services", "address": "1009 Montana Ave", "sqft": 2691.0, "unique_visits": 452, "days_with_any_visit": 271, "visits_per_day": 1.67, "visits_per_sqft": 0.168}}, {"type": "Feature", "geometry": {"type": "Polygon", "coordinates": [[[-106.47983069799994, 31.771844360000046], [-106.48000972899996, 31.77172905300006], [-106.48001994199996, 31.77174042300004], [-106.48010050599999, 31.771688535000067], [-106.48035241699995, 31.77196900100006], [-106.48009282099997, 31.772136196000076], [-106.47983069799994, 31.771844360000046]]]}, "properties": {"PLACEKEY": "22c-22c@8tf-p3j-hkf", "name": "Meiidz", "category": "Services to Buildings and Dwellings", "address": "1401 Montana Ave", "sqft": 13358.0, "unique_visits": 379, "days_with_any_visit": 204, "visits_per_day": 1.86, "visits_per_sqft": 0.0284}}, {"type": "Feature", "geometry": {"type": "Polygon", "coordinates": [[[-106.48336472499994, 31.770599994000065], [-106.48347238899999, 31.77053108700005], [-106.48359444899995, 31.77066784400006], [-106.48348678499997, 31.77073675200006], [-106.48336472499994, 31.770599994000065]]]}, "properties": {"PLACEKEY": "229-222@8tf-p3j-5s5", "name": "Leo Marketing", "category": "Advertising, Public Relations, and Related Services", "address": "1127 E Rio Grande Ave", "sqft": 2615.6, "unique_visits": 966, "days_with_any_visit": 373, "visits_per_day": 2.59, "visits_per_sqft": 0.3693}}, {"type": "Feature", "geometry": {"type": "Polygon", "coordinates": [[[-106.47678302799994, 31.773188924000067], [-106.47664743299998, 31.77303102500008], [-106.47672474999996, 31.772983417000034], [-106.47670821399998, 31.77296416100006], [-106.47673550199994, 31.772947358000067], [-106.47674872999994, 31.772962763000066], [-106.47709892799998, 31.77274712600007], [-106.47723121599995, 31.772901174000026], [-106.47709932399994, 31.77298238700007], [-106.47714893099999, 31.773040156000036], [-106.47696246299995, 31.773154975000068], [-106.47691946899994, 31.77310491000003], [-106.47678302799994, 31.773188924000067]]]}, "properties": {"PLACEKEY": "226-237@8tf-p3j-jn5", "name": "Sergio Rodarte MD", "category": "Offices of Physicians", "address": "1600 Montana Ave", "sqft": 14176.1, "unique_visits": 676, "days_with_any_visit": 275, "visits_per_day": 2.46, "visits_per_sqft": 0.0477}}, {"type": "Feature", "geometry": {"type": "Polygon", "coordinates": [[[-106.47926254599997, 31.77249408700004], [-106.47933348499998, 31.77245369800005], [-106.47931779599998, 31.772433939000052], [-106.47924313199997, 31.772476450000056], [-106.47909879999997, 31.772294677000048], [-106.479341461, 31.77215651700004], [-106.47935401099994, 31.772172323000063], [-106.47942867599994, 31.77212981200006], [-106.47940985099996, 31.772106102000066], [-106.47947984799998, 31.772066248000044], [-106.479652419, 31.77228358600007], [-106.47956375399997, 31.772334068000077], [-106.47954806599995, 31.77231431000007], [-106.47953406599999, 31.772322281000072], [-106.47955916799998, 31.77235389300006], [-106.47946583699996, 31.772407032000046], [-106.47938425799998, 31.77230429100007], [-106.47930492599994, 31.772349459000054], [-106.47938650499998, 31.772452200000032], [-106.47946116999998, 31.77240968900003], [-106.47954588799996, 31.77251638300004], [-106.47937065199994, 31.772616153000058], [-106.47926254599997, 31.77249408700004]]]}, "properties": {"PLACEKEY": "zzy-224@8tf-p3j-k2k", "name": "Ramos Health Plans", "category": "Health Care and Social Assistance", "address": "1413 Montana Ave Ste 200", "sqft": 15252.4, "unique_visits": 479, "days_with_any_visit": 266, "visits_per_day": 1.8, "visits_per_sqft": 0.0314}}, {"type": "Feature", "geometry": {"type": "Polygon", "coordinates": [[[-106.482383, 31.772239], [-106.4823831444582, 31.772236059485788], [-106.48238357644158, 31.77223314729034], [-106.48238429178993, 31.77223029145968], [-106.48238528361402, 31.77222751949703], [-106.48238654236206, 31.772224858097893], [-106.48238805591163, 31.77222233289301], [-106.4823898096864, 31.772219968201473], [-106.48239178679655, 31.772217786796563], [-106.48239396820146, 31.772215809686397], [-106.482396332893, 31.77221405591163], [-106.4823988580979, 31.77221254236207], [-106.48240151949702, 31.772211283614023], [-106.48240429145967, 31.77221029178993], [-106.48240714729033, 31.772209576441586], [-106.48241005948579, 31.7722091444582], [-106.482413, 31.772209], [-106.4824159405142, 31.7722091444582], [-106.48241885270966, 31.772209576441586], [-106.48242170854031, 31.77221029178993], [-106.48242448050297, 31.772211283614023], [-106.4824271419021, 31.77221254236207], [-106.48242966710698, 31.77221405591163], [-106.48243203179852, 31.772215809686397], [-106.48243421320343, 31.772217786796563], [-106.48243619031359, 31.772219968201473], [-106.48243794408836, 31.77222233289301], [-106.48243945763792, 31.772224858097893], [-106.48244071638597, 31.77222751949703], [-106.48244170821006, 31.77223029145968], [-106.48244242355841, 31.77223314729034], [-106.48244285554179, 31.772236059485788], [-106.482443, 31.772239], [-106.48244285554179, 31.77224194051421], [-106.48244242355841, 31.772244852709658], [-106.48244170821006, 31.772247708540316], [-106.48244071638597, 31.77225048050297], [-106.48243945763792, 31.772253141902105], [-106.48243794408836, 31.77225566710699], [-106.48243619031359, 31.772258031798525], [-106.48243421320343, 31.772260213203435], [-106.48243203179852, 31.7722621903136], [-106.48242966710698, 31.77226394408837], [-106.4824271419021, 31.77226545763793], [-106.48242448050297, 31.772266716385975], [-106.48242170854031, 31.77226770821007], [-106.48241885270966, 31.772268423558412], [-106.4824159405142, 31.7722688555418], [-106.482413, 31.772269], [-106.48241005948579, 31.7722688555418], [-106.48240714729033, 31.772268423558412], [-106.48240429145967, 31.77226770821007], [-106.48240151949702, 31.772266716385975], [-106.4823988580979, 31.77226545763793], [-106.482396332893, 31.77226394408837], [-106.48239396820146, 31.7722621903136], [-106.48239178679655, 31.772260213203435], [-106.4823898096864, 31.772258031798525], [-106.48238805591163, 31.77225566710699], [-106.48238654236206, 31.772253141902105], [-106.48238528361402, 31.77225048050297], [-106.48238429178993, 31.772247708540316], [-106.48238357644158, 31.772244852709658], [-106.4823831444582, 31.77224194051421], [-106.482383, 31.772239]]]}, "properties": {"PLACEKEY": "zzy-222@8tf-p3j-hdv", "name": "Sun Metro 1301 Arizona Brown", "category": "Urban Transit Systems", "address": "1301 Arizona Brown", "sqft": null, "unique_visits": 201, "days_with_any_visit": 130, "visits_per_day": 1.55, "visits_per_sqft": 0.0}}, {"type": "Feature", "geometry": {"type": "Polygon", "coordinates": [[[-106.48136944299995, 31.77010236500007], [-106.48145550699996, 31.77004106000004], [-106.48159305599995, 31.770179533000032], [-106.48150699099995, 31.770240838000063], [-106.48136944299995, 31.77010236500007]]]}, "properties": {"PLACEKEY": "22m-22b@8tf-p3j-hnq", "name": "Nurture Development and Lactation", "category": "Offices of Other Health Practitioners", "address": "1204 Montana Ave", "sqft": 2303.5, "unique_visits": 437, "days_with_any_visit": 265, "visits_per_day": 1.65, "visits_per_sqft": 0.1897}}, {"type": "Feature", "geometry": {"type": "Polygon", "coordinates": [[[-106.48174623299997, 31.769875290000073], [-106.48185314499995, 31.769805547000033], [-106.48197668199998, 31.769941349000078], [-106.48186976999995, 31.77001109300005], [-106.48174623299997, 31.769875290000073]]]}, "properties": {"PLACEKEY": "23q-222@8tf-p3j-hnq", "name": "Derek Quinata", "category": "Legal Services", "address": "1210 Montana Ave Ste 203", "sqft": 2615.6, "unique_visits": 312, "days_with_any_visit": 192, "visits_per_day": 1.62, "visits_per_sqft": 0.1193}}, {"type": "Feature", "geometry": {"type": "Polygon", "coordinates": [[[-106.47506331599999, 31.771877094000047], [-106.47506464499997, 31.771876297000063], [-106.47523694899996, 31.772082219000026], [-106.47514518399998, 31.77213727800006], [-106.47497287999994, 31.77193135500005], [-106.47506331599999, 31.771877094000047]]]}, "properties": {"PLACEKEY": "zzy-222@8tf-p3j-j35", "name": "Eleganzza Granite", "category": "Building Finishing Contractors", "address": "1628 Wyoming Ave", "sqft": 3207.6, "unique_visits": 1482, "days_with_any_visit": 457, "visits_per_day": 3.24, "visits_per_sqft": 0.462}}, {"type": "Feature", "geometry": {"type": "Polygon", "coordinates": [[[-106.47858270055696, 31.774394868442624], [-106.47847138888284, 31.774454154176304], [-106.47839628703042, 31.774350974172993], [-106.47850826925679, 31.77429054826127], [-106.47858270055696, 31.774394868442624]]]}, "properties": {"PLACEKEY": "225-222@8tf-p3j-jqf", "name": "Tres Vistas", "category": "Lessors of Real Estate", "address": "1600 Arizona Ave", "sqft": 1819.1, "unique_visits": 1717, "days_with_any_visit": 463, "visits_per_day": 3.71, "visits_per_sqft": 0.9439}}, {"type": "Feature", "geometry": {"type": "Polygon", "coordinates": [[[-106.48513656199998, 31.77450807200006], [-106.48546105799994, 31.77430302700003], [-106.48557540799999, 31.77443278000004], [-106.48525091199997, 31.77463782600006], [-106.48513656199998, 31.77450807200006]]]}, "properties": {"PLACEKEY": "226-222@8tf-p3h-fzz", "name": "Apartments at 1415 Brown St", "category": "Lessors of Real Estate", "address": "1415 Brown St", "sqft": 7405.6, "unique_visits": 491, "days_with_any_visit": 288, "visits_per_day": 1.7, "visits_per_sqft": 0.0663}}, {"type": "Feature", "geometry": {"type": "Polygon", "coordinates": [[[-106.47795989399998, 31.772555570000065], [-106.47783263399998, 31.772410212000068], [-106.47781004799998, 31.772424391000072], [-106.47775646499997, 31.772363187000053], [-106.47782874199999, 31.772317814000075], [-106.47786892999994, 31.772363717000076], [-106.47783730799995, 31.772383568000066], [-106.477850704, 31.77239886800004], [-106.47793201499996, 31.772347823000075], [-106.47805927499996, 31.772493181000073], [-106.47795989399998, 31.772555570000065]]]}, "properties": {"PLACEKEY": "222-222@8tf-p3j-jn5", "name": "Snoddy Sam Atty", "category": "Legal Services", "address": "1518 Montana Ave", "sqft": 3218.4, "unique_visits": 367, "days_with_any_visit": 241, "visits_per_day": 1.52, "visits_per_sqft": 0.114}}, {"type": "Feature", "geometry": {"type": "Polygon", "coordinates": [[[-106.47780530499995, 31.77298538200006], [-106.47804643999996, 31.772829096000066], [-106.47819340799998, 31.772991691000072], [-106.47795227399996, 31.773147977000065], [-106.47780530499995, 31.77298538200006]]]}, "properties": {"PLACEKEY": "22b-22d@8tf-p3j-jn5", "name": "Celeste Nevarez Lpc", "category": "Offices of Physicians", "address": "1551 Montana Ave", "sqft": 7028.8, "unique_visits": 271, "days_with_any_visit": 167, "visits_per_day": 1.62, "visits_per_sqft": 0.0386}}, {"type": "Feature", "geometry": {"type": "Polygon", "coordinates": [[[-106.47780530499995, 31.77298538200006], [-106.47804643999996, 31.772829096000066], [-106.47819340799998, 31.772991691000072], [-106.47795227399996, 31.773147977000065], [-106.47780530499995, 31.77298538200006]]]}, "properties": {"PLACEKEY": "22b-227@8tf-p3j-jn5", "name": "Mariaitzel Favela Lpc", "category": "Offices of Physicians", "address": "1551 Montana Ave", "sqft": 7028.8, "unique_visits": 271, "days_with_any_visit": 167, "visits_per_day": 1.62, "visits_per_sqft": 0.0386}}, {"type": "Feature", "geometry": {"type": "Polygon", "coordinates": [[[-106.48090021599995, 31.768403396000053], [-106.48080185499998, 31.768299287000048], [-106.48077111999999, 31.768320111000037], [-106.48072896499997, 31.768275493000033], [-106.48076408999998, 31.76825169400007], [-106.48077462899994, 31.768262848000063], [-106.48085805199997, 31.76820632600004], [-106.48098802899995, 31.768343899000058], [-106.48090021599995, 31.768403396000053]]]}, "properties": {"PLACEKEY": "22m-222@8tf-p3j-kxq", "name": "PCS Home Realty and Property Management", "category": "Offices of Real Estate Agents and Brokers", "address": "1200 Wyoming Ave", "sqft": 2508.0, "unique_visits": 363, "days_with_any_visit": 225, "visits_per_day": 1.61, "visits_per_sqft": 0.1447}}, {"type": "Feature", "geometry": {"type": "Polygon", "coordinates": [[[-106.47944359099995, 31.771346401000073], [-106.47953283799995, 31.771278769000048], [-106.47952158799995, 31.771268123000027], [-106.47960539399998, 31.771204614000055], [-106.47970289299997, 31.77129687100006], [-106.479757367, 31.771255589000077], [-106.47982111599998, 31.771315911000045], [-106.47959064999998, 31.771490563000043], [-106.47944065099995, 31.771348629000045], [-106.47944359099995, 31.771346401000073]], [[-106.47960055099998, 31.771278575000053], [-106.47957804999999, 31.771257286000036], [-106.47953614699998, 31.771289040000056], [-106.47955864799997, 31.771310331000052], [-106.47960055099998, 31.771278575000053]]]}, "properties": {"PLACEKEY": "226-224@8tf-p3j-hh5", "name": "Rosales Joe Atty", "category": "Legal Services", "address": "1400 Montana Ave", "sqft": 5758.7, "unique_visits": 988, "days_with_any_visit": 371, "visits_per_day": 2.66, "visits_per_sqft": 0.1716}}, {"type": "Feature", "geometry": {"type": "Polygon", "coordinates": [[[-106.47556478899998, 31.77249237500007], [-106.47538115699996, 31.772275747000037], [-106.47556388699996, 31.772164677000035], [-106.47553109499995, 31.772125994000078], [-106.47566357399995, 31.772045468000044], [-106.47568324899999, 31.77206867800004], [-106.47569506899998, 31.772061493000024], [-106.47579386099994, 31.772183152000025], [-106.47578947099998, 31.77218582000006], [-106.47589768299997, 31.77231347600008], [-106.47571038499996, 31.772427322000055], [-106.47569726799998, 31.772411849000036], [-106.47556478899998, 31.77249237500007]]]}, "properties": {"PLACEKEY": "225-222@8tf-p3j-jsq", "name": "All Temp Insulation", "category": "Other Specialty Trade Contractors", "address": "1629 Wyoming Ave", "sqft": 13368.8, "unique_visits": 2117, "days_with_any_visit": 583, "visits_per_day": 3.63, "visits_per_sqft": 0.1584}}, {"type": "Feature", "geometry": {"type": "Polygon", "coordinates": [[[-106.48425365799994, 31.774563820000026], [-106.484379043, 31.77448254500007], [-106.48450209999999, 31.77461866300007], [-106.48436813999996, 31.77470549700007], [-106.48424508399995, 31.774569378000024], [-106.48425365799994, 31.774563820000026]]]}, "properties": {"PLACEKEY": "228-222@8tf-p3h-g6k", "name": "Pathology Professional Services", "category": "Offices of Physicians", "address": "1301 E River Ave", "sqft": 3272.2, "unique_visits": 20, "days_with_any_visit": 18, "visits_per_day": 1.11, "visits_per_sqft": 0.0061}}, {"type": "Feature", "geometry": {"type": "Polygon", "coordinates": [[[-106.48298190499997, 31.768995542000027], [-106.48323253399997, 31.768834106000043], [-106.48342657499995, 31.769050136000033], [-106.48317594699995, 31.769211573000064], [-106.48298190499997, 31.768995542000027]]]}, "properties": {"PLACEKEY": "22s-222@8tf-p3j-5zz", "name": "Bock Rutherford & Co Cpas", "category": "Accounting, Tax Preparation, Bookkeeping, and Payroll Services", "address": "1100 Montana Ave Ste 202", "sqft": 9666.0, "unique_visits": 889, "days_with_any_visit": 394, "visits_per_day": 2.26, "visits_per_sqft": 0.092}}, {"type": "Feature", "geometry": {"type": "Polygon", "coordinates": [[[-106.48169915399995, 31.76939311500007], [-106.48181484299994, 31.769522019000078], [-106.48173522899998, 31.76957232600006], [-106.48162089199997, 31.769442568000045], [-106.48169915399995, 31.76939311500007]]]}, "properties": {"PLACEKEY": "22f-223@8tf-p3j-hnq", "name": "JEG Advisors", "category": "Accounting, Tax Preparation, Bookkeeping, and Payroll Services", "address": "1203 E Yandell Dr", "sqft": 1797.6, "unique_visits": 170, "days_with_any_visit": 127, "visits_per_day": 1.34, "visits_per_sqft": 0.0946}}, {"type": "Feature", "geometry": {"type": "Polygon", "coordinates": [[[-106.47815794999997, 31.77119982100004], [-106.47837328799994, 31.77106201500004], [-106.47842075299997, 31.771115200000054], [-106.47838486399996, 31.77113816800005], [-106.47836791199995, 31.771119173000045], [-106.47834548099996, 31.771133528000064], [-106.47836921299995, 31.771160121000037], [-106.47821219499997, 31.771260604000076], [-106.47815794999997, 31.77119982100004]]]}, "properties": {"PLACEKEY": "228-223@8tf-p3j-jy9", "name": "Spector Irwin M", "category": "Legal Services", "address": "1430 E Yandell Dr", "sqft": 2174.3, "unique_visits": 307, "days_with_any_visit": 188, "visits_per_day": 1.63, "visits_per_sqft": 0.1412}}, {"type": "Feature", "geometry": {"type": "Polygon", "coordinates": [[[-106.47938727299999, 31.77048828200003], [-106.47919379899997, 31.77026005400006], [-106.479321702, 31.770182301000034], [-106.47939384499995, 31.77026740200006], [-106.47952631799996, 31.770186872000068], [-106.47964764899996, 31.770329997000033], [-106.47938727299999, 31.77048828200003]]]}, "properties": {"PLACEKEY": "22n-224@8tf-p3j-ht9", "name": "Jerry Winkler Miller", "category": "Offices of Physicians", "address": "1330 E Yandell Dr", "sqft": 8245.1, "unique_visits": 83, "days_with_any_visit": 63, "visits_per_day": 1.32, "visits_per_sqft": 0.0101}}, {"type": "Feature", "geometry": {"type": "Polygon", "coordinates": [[[-106.48116495897202, 31.76877408275979], [-106.48111210699994, 31.76871416000005], [-106.48122413566048, 31.76864203454437], [-106.48127698763255, 31.76870195730411], [-106.48116495897202, 31.76877408275979]]]}, "properties": {"PLACEKEY": "22q-222@8tf-p3j-m6k", "name": "Apartments at 710 Noble St", "category": "Lessors of Real Estate", "address": "710 Noble St", "sqft": 1194.8, "unique_visits": 98, "days_with_any_visit": 90, "visits_per_day": 1.09, "visits_per_sqft": 0.082}}, {"type": "Feature", "geometry": {"type": "Polygon", "coordinates": [[[-106.47635434499995, 31.772242017000053], [-106.47634906599995, 31.772229784000046], [-106.47642515599995, 31.77218078100003], [-106.47655791499994, 31.77232859800006], [-106.47656686599998, 31.772322833000032], [-106.47648516999999, 31.772231869000052], [-106.47658363999994, 31.772168454000052], [-106.47655243399998, 31.772128726000062], [-106.47667839999997, 31.772281200000066], [-106.47650261699994, 31.77240010500003], [-106.47635434499995, 31.772242017000053]]]}, "properties": {"PLACEKEY": "23d-222@8tf-p3j-k4v", "name": "EPT Fence", "category": "Other Specialty Trade Contractors", "address": "1606 E Yandell Dr", "sqft": 4316.3, "unique_visits": 1318, "days_with_any_visit": 426, "visits_per_day": 3.09, "visits_per_sqft": 0.3054}}, {"type": "Feature", "geometry": {"type": "Polygon", "coordinates": [[[-106.48574745499997, 31.769828821000033], [-106.485621187, 31.769683685000075], [-106.485698975, 31.76963515400007], [-106.4858243, 31.769777900000065], [-106.48584275999997, 31.76979386100004], [-106.48576126999995, 31.769844701000068], [-106.48574745499997, 31.769828821000033]]]}, "properties": {"PLACEKEY": "22n-222@8tf-p3j-5xq", "name": "Christ Chavez Photographer", "category": "Other Professional, Scientific, and Technical Services", "address": "1002 Arizona Ave Ste 1", "sqft": 2195.8, "unique_visits": 312, "days_with_any_visit": 203, "visits_per_day": 1.54, "visits_per_sqft": 0.1421}}, {"type": "Feature", "geometry": {"type": "Polygon", "coordinates": [[[-106.47678302799994, 31.773188924000067], [-106.47664743299998, 31.77303102500008], [-106.47672474999996, 31.772983417000034], [-106.47670821399998, 31.77296416100006], [-106.47673550199994, 31.772947358000067], [-106.47674872999994, 31.772962763000066], [-106.47709892799998, 31.77274712600007], [-106.47723121599995, 31.772901174000026], [-106.47709932399994, 31.77298238700007], [-106.47714893099999, 31.773040156000036], [-106.47696246299995, 31.773154975000068], [-106.47691946899994, 31.77310491000003], [-106.47678302799994, 31.773188924000067]]]}, "properties": {"PLACEKEY": "226-22h@8tf-p3j-jn5", "name": "Anais Hernandez Lpc", "category": "Offices of Physicians", "address": "1600 Montana Ave", "sqft": 14176.1, "unique_visits": 676, "days_with_any_visit": 275, "visits_per_day": 2.46, "visits_per_sqft": 0.0477}}, {"type": "Feature", "geometry": {"type": "Polygon", "coordinates": [[[-106.48419076999994, 31.769449400000042], [-106.48426980099998, 31.769395850000024], [-106.48437168099997, 31.769503675000067], [-106.48429264999999, 31.76955722400004], [-106.48419076999994, 31.769449400000042]]]}, "properties": {"PLACEKEY": "22f-222@8tf-p3j-5j9", "name": "Law Office Of Orlando Mondragon", "category": "Legal Services", "address": "1028 E Rio Grande Ave", "sqft": 1582.3, "unique_visits": 337, "days_with_any_visit": 188, "visits_per_day": 1.79, "visits_per_sqft": 0.213}}, {"type": "Feature", "geometry": {"type": "Polygon", "coordinates": [[[-106.48396556699998, 31.76789597100003], [-106.48416742999996, 31.76776676700007], [-106.48421150599995, 31.767816152000023], [-106.48408141699997, 31.767899416000034], [-106.48413905499996, 31.76796399600005], [-106.48406728099997, 31.768009935000066], [-106.48396556699998, 31.76789597100003]]]}, "properties": {"PLACEKEY": "22k-222@8tf-p3j-5zz", "name": "Robert G Torres & Company", "category": "Accounting, Tax Preparation, Bookkeeping, and Payroll Services", "address": "1005 E Yandell Dr", "sqft": 2594.1, "unique_visits": 170, "days_with_any_visit": 126, "visits_per_day": 1.35, "visits_per_sqft": 0.0655}}, {"type": "Feature", "geometry": {"type": "Polygon", "coordinates": [[[-106.47817831299994, 31.772882025000058], [-106.47828994799994, 31.772809670000072], [-106.47840957399995, 31.77294201500007], [-106.47829793799997, 31.773014369000066], [-106.47817831299994, 31.772882025000058]]]}, "properties": {"PLACEKEY": "222-224@8tf-p3j-k2k", "name": "The Rodrigo V Ramos Law Firm", "category": "Legal Services", "address": "1519 Montana Ave", "sqft": 2647.9, "unique_visits": 95, "days_with_any_visit": 84, "visits_per_day": 1.13, "visits_per_sqft": 0.0359}}, {"type": "Feature", "geometry": {"type": "Polygon", "coordinates": [[[-106.47483398845598, 31.771613399150247], [-106.47474728872442, 31.77169046557829], [-106.47464243299999, 31.771569139000064], [-106.47476041799996, 31.771496021000075], [-106.47479694799995, 31.771538290000024], [-106.47477879799999, 31.771549539000034], [-106.47483398845598, 31.771613399150247]]]}, "properties": {"PLACEKEY": "22p-222@8tf-p3j-j35", "name": "Apartments at 603 N Dallas St", "category": "Lessors of Real Estate", "address": "603 Dallas St", "sqft": 2109.7, "unique_visits": 1165, "days_with_any_visit": 432, "visits_per_day": 2.7, "visits_per_sqft": 0.5522}}, {"type": "Feature", "geometry": {"type": "Polygon", "coordinates": [[[-106.481590956, 31.769761779000078], [-106.48141864199994, 31.769555866000076], [-106.48150581099998, 31.76950355400004], [-106.48162285599994, 31.76964342000008], [-106.48168249799994, 31.769607629000063], [-106.48170200599998, 31.769630939000024], [-106.48174329699998, 31.769606160000023], [-106.48172704099994, 31.76958673400003], [-106.48176374399998, 31.769564709000065], [-106.48181251199998, 31.76962298600006], [-106.48168405099995, 31.76970007600005], [-106.48169055399995, 31.769707847000063], [-106.48164926299995, 31.769732626000064], [-106.48158423799998, 31.769654923000076], [-106.48156129899996, 31.76966868900007], [-106.481623072, 31.769742506000057], [-106.481590956, 31.769761779000078]]]}, "properties": {"PLACEKEY": "22k-223@8tf-p3j-hnq", "name": "Legendary Boot Company", "category": "Shoe Stores", "address": "1207 E Yandell Dr", "sqft": 4058.0, "unique_visits": 608, "days_with_any_visit": 347, "visits_per_day": 1.75, "visits_per_sqft": 0.1498}}, {"type": "Feature", "geometry": {"type": "Polygon", "coordinates": [[[-106.48093571811668, 31.767534459936634], [-106.48115252032268, 31.767783117403354], [-106.48104858472335, 31.767847253187515], [-106.48083524157526, 31.767595160021738], [-106.48093571811668, 31.767534459936634]]]}, "properties": {"PLACEKEY": "22h-222@8tf-p3j-kxq", "name": "Apartments at 1127 E Missouri Ave", "category": "Lessors of Real Estate", "address": "1127 E Missouri Ave", "sqft": 4413.2, "unique_visits": 2196, "days_with_any_visit": 554, "visits_per_day": 3.96, "visits_per_sqft": 0.4976}}, {"type": "Feature", "geometry": {"type": "Polygon", "coordinates": [[[-106.48538548040867, 31.76896923107127], [-106.48518163252353, 31.769093510334944], [-106.48508104968548, 31.768970371248752], [-106.48528087425709, 31.768856353430223], [-106.48538548040867, 31.76896923107127]]]}, "properties": {"PLACEKEY": "226-222@8tf-p3j-5vf", "name": "Apartments at 1000 E Rio Grande Ave", "category": "Lessors of Real Estate", "address": "1000 E Rio Grande Ave", "sqft": 4079.5, "unique_visits": 478, "days_with_any_visit": 291, "visits_per_day": 1.64, "visits_per_sqft": 0.1172}}, {"type": "Feature", "geometry": {"type": "Polygon", "coordinates": [[[-106.47944359099995, 31.771346401000073], [-106.47953283799995, 31.771278769000048], [-106.47952158799995, 31.771268123000027], [-106.47960539399998, 31.771204614000055], [-106.47970289299997, 31.77129687100006], [-106.479757367, 31.771255589000077], [-106.47982111599998, 31.771315911000045], [-106.47959064999998, 31.771490563000043], [-106.47944065099995, 31.771348629000045], [-106.47944359099995, 31.771346401000073]], [[-106.47960055099998, 31.771278575000053], [-106.47957804999999, 31.771257286000036], [-106.47953614699998, 31.771289040000056], [-106.47955864799997, 31.771310331000052], [-106.47960055099998, 31.771278575000053]]]}, "properties": {"PLACEKEY": "226-225@8tf-p3j-hh5", "name": "Rosales Marc Atty", "category": "Legal Services", "address": "1400 Montana Ave", "sqft": 5758.7, "unique_visits": 988, "days_with_any_visit": 371, "visits_per_day": 2.66, "visits_per_sqft": 0.1716}}, {"type": "Feature", "geometry": {"type": "Polygon", "coordinates": [[[-106.48361605999997, 31.77044619800006], [-106.48361830199997, 31.770444808000036], [-106.48372790699995, 31.770571606000033], [-106.48369160599998, 31.77059410700008], [-106.48370821299994, 31.770613319000063], [-106.48364922599995, 31.770649883000033], [-106.48352301399996, 31.770503871000074], [-106.48361605999997, 31.77044619800006]]]}, "properties": {"PLACEKEY": "22r-225@8tf-p3j-5s5", "name": "Griffin Law Firm", "category": "Legal Services", "address": "1123 E Rio Grande Ave", "sqft": 2292.7, "unique_visits": 891, "days_with_any_visit": 358, "visits_per_day": 2.49, "visits_per_sqft": 0.3886}}, {"type": "Feature", "geometry": {"type": "Polygon", "coordinates": [[[-106.48298190499997, 31.768995542000027], [-106.48323253399997, 31.768834106000043], [-106.48342657499995, 31.769050136000033], [-106.48317594699995, 31.769211573000064], [-106.48298190499997, 31.768995542000027]]]}, "properties": {"PLACEKEY": "243-222@8tf-p3j-5zz", "name": "Gorman Keith C Atty", "category": "Legal Services", "address": "1100 Montana Ave Ste 101", "sqft": 9666.0, "unique_visits": 889, "days_with_any_visit": 394, "visits_per_day": 2.26, "visits_per_sqft": 0.092}}, {"type": "Feature", "geometry": {"type": "Polygon", "coordinates": [[[-106.48298190499997, 31.768995542000027], [-106.48323253399997, 31.768834106000043], [-106.48342657499995, 31.769050136000033], [-106.48317594699995, 31.769211573000064], [-106.48298190499997, 31.768995542000027]]]}, "properties": {"PLACEKEY": "246-222@8tf-p3j-5zz", "name": "Big A Construction Co", "category": "Residential Building Construction", "address": "1100 Montana Ave Ste 201", "sqft": 9666.0, "unique_visits": 889, "days_with_any_visit": 394, "visits_per_day": 2.26, "visits_per_sqft": 0.092}}, {"type": "Feature", "geometry": {"type": "Polygon", "coordinates": [[[-106.48259602499996, 31.769909404000032], [-106.48268656999994, 31.769852918000026], [-106.48281330799995, 31.769998601000054], [-106.48272276199998, 31.77005508800005], [-106.48259602499996, 31.769909404000032]]]}, "properties": {"PLACEKEY": "22f-222@8tf-p3j-5pv", "name": "Bernstein Michael CPA", "category": "Accounting, Tax Preparation, Bookkeeping, and Payroll Services", "address": "1131 Montana Ave", "sqft": 2303.5, "unique_visits": 171, "days_with_any_visit": 131, "visits_per_day": 1.31, "visits_per_sqft": 0.0742}}, {"type": "Feature", "geometry": {"type": "Polygon", "coordinates": [[[-106.47906489899998, 31.772520588000077], [-106.47901697999998, 31.77246180800006], [-106.47898458599997, 31.772480744000063], [-106.47890471799997, 31.772382777000075], [-106.47905280499998, 31.772296211000025], [-106.47918059199998, 31.77245295800003], [-106.47906489899998, 31.772520588000077]]]}, "properties": {"PLACEKEY": "228-222@8tf-p3j-k2k", "name": "Law Offices of Jose Salayandia", "category": "Legal Services", "address": "1417 Montana Ave", "sqft": 3552.1, "unique_visits": 159, "days_with_any_visit": 130, "visits_per_day": 1.22, "visits_per_sqft": 0.0448}}, {"type": "Feature", "geometry": {"type": "Polygon", "coordinates": [[[-106.48289748499997, 31.76913443600006], [-106.48300014299997, 31.769075979000036], [-106.48310996199996, 31.769214283000053], [-106.483007306, 31.76927273900003], [-106.48289748499997, 31.76913443600006]]]}, "properties": {"PLACEKEY": "227-222@8tf-p3j-kzz", "name": "Novatech Systems", "category": "Computer Systems Design and Related Services", "address": "1112 Montana Ave", "sqft": 2335.8, "unique_visits": 278, "days_with_any_visit": 166, "visits_per_day": 1.67, "visits_per_sqft": 0.119}}, {"type": "Feature", "geometry": {"type": "Polygon", "coordinates": [[[-106.483431, 31.771556], [-106.48343114445821, 31.77155305948579], [-106.48343157644159, 31.77155014729034], [-106.48343229178994, 31.771547291459683], [-106.48343328361403, 31.77154451949703], [-106.48343454236208, 31.771541858097894], [-106.48343605591164, 31.77153933289301], [-106.48343780968641, 31.771536968201474], [-106.48343978679657, 31.771534786796565], [-106.48344196820148, 31.7715328096864], [-106.48344433289301, 31.77153105591163], [-106.4834468580979, 31.77152954236207], [-106.48344951949703, 31.771528283614025], [-106.48345229145968, 31.77152729178993], [-106.48345514729034, 31.771526576441588], [-106.4834580594858, 31.7715261444582], [-106.483461, 31.771526], [-106.48346394051421, 31.7715261444582], [-106.48346685270967, 31.771526576441588], [-106.48346970854033, 31.77152729178993], [-106.48347248050298, 31.771528283614025], [-106.4834751419021, 31.77152954236207], [-106.483477667107, 31.77153105591163], [-106.48348003179854, 31.7715328096864], [-106.48348221320344, 31.771534786796565], [-106.4834841903136, 31.771536968201474], [-106.48348594408837, 31.77153933289301], [-106.48348745763793, 31.771541858097894], [-106.48348871638598, 31.77154451949703], [-106.48348970821007, 31.771547291459683], [-106.48349042355842, 31.77155014729034], [-106.4834908555418, 31.77155305948579], [-106.483491, 31.771556], [-106.4834908555418, 31.77155894051421], [-106.48349042355842, 31.77156185270966], [-106.48348970821007, 31.771564708540318], [-106.48348871638598, 31.77156748050297], [-106.48348745763793, 31.771570141902107], [-106.48348594408837, 31.77157266710699], [-106.4834841903136, 31.771575031798527], [-106.48348221320344, 31.771577213203436], [-106.48348003179854, 31.771579190313602], [-106.483477667107, 31.77158094408837], [-106.4834751419021, 31.77158245763793], [-106.48347248050298, 31.771583716385976], [-106.48346970854033, 31.77158470821007], [-106.48346685270967, 31.771585423558413], [-106.48346394051421, 31.7715858555418], [-106.483461, 31.771586], [-106.4834580594858, 31.7715858555418], [-106.48345514729034, 31.771585423558413], [-106.48345229145968, 31.77158470821007], [-106.48344951949703, 31.771583716385976], [-106.4834468580979, 31.77158245763793], [-106.48344433289301, 31.77158094408837], [-106.48344196820148, 31.771579190313602], [-106.48343978679657, 31.771577213203436], [-106.48343780968641, 31.771575031798527], [-106.48343605591164, 31.77157266710699], [-106.48343454236208, 31.771570141902107], [-106.48343328361403, 31.77156748050297], [-106.48343229178994, 31.771564708540318], [-106.48343157644159, 31.77156185270966], [-106.48343114445821, 31.77155894051421], [-106.483431, 31.771556]]]}, "properties": {"PLACEKEY": "zzy-223@8tf-p3h-gff", "name": "Sun Metro Arizona Noble", "category": "Urban Transit Systems", "address": "Sun Metro Arizona Noble", "sqft": null, "unique_visits": 58, "days_with_any_visit": 57, "visits_per_day": 1.02, "visits_per_sqft": 0.0}}, {"type": "Feature", "geometry": {"type": "Polygon", "coordinates": [[[-106.47606037299994, 31.770918417000075], [-106.47604103699996, 31.770895004000067], [-106.47600417299998, 31.770916837000073], [-106.47592038, 31.770815381000034], [-106.47600793199996, 31.770763529000078], [-106.47611106199997, 31.77088839700008], [-106.47606037299994, 31.770918417000075]]]}, "properties": {"PLACEKEY": "224-222@8tf-p3j-jd9", "name": "Karen Colon Law PLLC", "category": "Legal Services", "address": "1531 E Missouri Ave", "sqft": 1689.9, "unique_visits": 215, "days_with_any_visit": 160, "visits_per_day": 1.34, "visits_per_sqft": 0.1272}}, {"type": "Feature", "geometry": {"type": "Polygon", "coordinates": [[[-106.48298190499997, 31.768995542000027], [-106.48323253399997, 31.768834106000043], [-106.48342657499995, 31.769050136000033], [-106.48317594699995, 31.769211573000064], [-106.48298190499997, 31.768995542000027]]]}, "properties": {"PLACEKEY": "24j-222@8tf-p3j-5zz", "name": "RGZ Taxes & Financial Consultant", "category": "Accounting, Tax Preparation, Bookkeeping, and Payroll Services", "address": "1100 Montana Ave Ste 203", "sqft": 9666.0, "unique_visits": 889, "days_with_any_visit": 394, "visits_per_day": 2.26, "visits_per_sqft": 0.092}}, {"type": "Feature", "geometry": {"type": "Polygon", "coordinates": [[[-106.47702610999994, 31.771875958000066], [-106.47709957099994, 31.77183159300006], [-106.47718446499994, 31.771932390000075], [-106.47711465999998, 31.77197454700007], [-106.47702610999994, 31.771875958000066]]]}, "properties": {"PLACEKEY": "223-222@8tf-p3j-k4v", "name": "Condos at 1526 Yandell Dr", "category": "Lessors of Real Estate", "address": "1526 E Yandell Dr", "sqft": 1227.1, "unique_visits": 1643, "days_with_any_visit": 542, "visits_per_day": 3.03, "visits_per_sqft": 1.3389}}, {"type": "Feature", "geometry": {"type": "Polygon", "coordinates": [[[-106.47983069799994, 31.771844360000046], [-106.48000972899996, 31.77172905300006], [-106.48001994199996, 31.77174042300004], [-106.48010050599999, 31.771688535000067], [-106.48035241699995, 31.77196900100006], [-106.48009282099997, 31.772136196000076], [-106.47983069799994, 31.771844360000046]]]}, "properties": {"PLACEKEY": "22c-22q@8tf-p3j-hkf", "name": "Discount Solar", "category": "Building Equipment Contractors", "address": "1401 Montana Ave", "sqft": 13358.0, "unique_visits": 379, "days_with_any_visit": 204, "visits_per_day": 1.86, "visits_per_sqft": 0.0284}}, {"type": "Feature", "geometry": {"type": "Polygon", "coordinates": [[[-106.48270787699994, 31.772104709000075], [-106.48280471099997, 31.77203951300004], [-106.48290970099998, 31.772151329000053], [-106.48281286599996, 31.77221652600008], [-106.48270787699994, 31.772104709000075]]]}, "properties": {"PLACEKEY": "22c-222@8tf-p3h-gff", "name": "Law Offices Of Wolff & Associates", "category": "Legal Services", "address": "1207 Arizona Ave", "sqft": 2002.1, "unique_visits": 958, "days_with_any_visit": 327, "visits_per_day": 2.93, "visits_per_sqft": 0.4785}}, {"type": "Feature", "geometry": {"type": "Polygon", "coordinates": [[[-106.47641323379702, 31.77058235792769], [-106.47650886811093, 31.770498677902864], [-106.47660731499997, 31.770611331000055], [-106.47659743999998, 31.770617490000063], [-106.47665676299994, 31.77068568900006], [-106.47661155999998, 31.77071401300003], [-106.47656883999997, 31.770664901000032], [-106.47651450899997, 31.77069878900005], [-106.47641323379702, 31.77058235792769]], [[-106.47657862399996, 31.770587828000032], [-106.47654860999995, 31.77055332300006], [-106.47654408199998, 31.770556147000036], [-106.47657409599998, 31.770590653000056], [-106.47657862399996, 31.770587828000032]]]}, "properties": {"PLACEKEY": "223-227@8tf-p3j-gx5", "name": "Empire Tax Services INC", "category": "Other Professional, Scientific, and Technical Services", "address": "1515 E Missouri El Paso", "sqft": 2701.7, "unique_visits": 716, "days_with_any_visit": 335, "visits_per_day": 2.14, "visits_per_sqft": 0.265}}, {"type": "Feature", "geometry": {"type": "Polygon", "coordinates": [[[-106.47755629199997, 31.770179890000065], [-106.47759242899997, 31.770157204000043], [-106.47763596299995, 31.770206932000065], [-106.47759982599996, 31.770229619000077], [-106.47777061699998, 31.77042470600003], [-106.47754475599999, 31.77056649900004], [-106.47735052299998, 31.770344634000026], [-106.47757638399997, 31.77020284200006], [-106.47755629199997, 31.770179890000065]]]}, "properties": {"PLACEKEY": "22p-222@8tf-p3j-gx5", "name": "Green Border Recycling Corp", "category": "Waste Management and Remediation Services", "address": "623 Langtry St", "sqft": 9095.5, "unique_visits": 1446, "days_with_any_visit": 451, "visits_per_day": 3.21, "visits_per_sqft": 0.159}}, {"type": "Feature", "geometry": {"type": "Polygon", "coordinates": [[[-106.48357717299996, 31.768366424000078], [-106.48349935199997, 31.76819706300006], [-106.48355699499996, 31.768178069000044], [-106.483565151, 31.768195819000027], [-106.48361231399997, 31.768180279000035], [-106.48363678299995, 31.768233531000078], [-106.48366298399998, 31.76822489700004], [-106.48370172699998, 31.768309212000077], [-106.48362312299997, 31.768335114000024], [-106.48364759299994, 31.768388366000067], [-106.48363187199999, 31.768393546000027], [-106.48366857499997, 31.768473425000025], [-106.48354804899998, 31.76851314000004], [-106.48351542299997, 31.76844213800007], [-106.48359926699999, 31.76841451000007], [-106.48357717299996, 31.768366424000078]]]}, "properties": {"PLACEKEY": "22j-224@8tf-p3j-5zz", "name": "Sergio Coronado Attorney", "category": "Legal Services", "address": "1019 E Yandell Dr", "sqft": 3821.2, "unique_visits": 386, "days_with_any_visit": 233, "visits_per_day": 1.66, "visits_per_sqft": 0.101}}, {"type": "Feature", "geometry": {"type": "Polygon", "coordinates": [[[-106.47983069799994, 31.771844360000046], [-106.48000972899996, 31.77172905300006], [-106.48001994199996, 31.77174042300004], [-106.48010050599999, 31.771688535000067], [-106.48035241699995, 31.77196900100006], [-106.48009282099997, 31.772136196000076], [-106.47983069799994, 31.771844360000046]]]}, "properties": {"PLACEKEY": "22c-22n@8tf-p3j-hkf", "name": "Marcos Pinon Insurance Brokers", "category": "Agencies, Brokerages, and Other Insurance Related Activities", "address": "1401 Montana Ave", "sqft": 13358.0, "unique_visits": 379, "days_with_any_visit": 204, "visits_per_day": 1.86, "visits_per_sqft": 0.0284}}, {"type": "Feature", "geometry": {"type": "Polygon", "coordinates": [[[-106.48270576599998, 31.76922544300004], [-106.48279791999994, 31.769170856000073], [-106.48292684299997, 31.76932693400005], [-106.48283468799997, 31.76938152100007], [-106.48270576599998, 31.76922544300004]]]}, "properties": {"PLACEKEY": "225-222@8tf-p3j-kzz", "name": "Insite Strategic Group", "category": "Specialized Design Services", "address": "1116 Montana Ave", "sqft": 2421.9, "unique_visits": 118, "days_with_any_visit": 95, "visits_per_day": 1.24, "visits_per_sqft": 0.0487}}, {"type": "Feature", "geometry": {"type": "Polygon", "coordinates": [[[-106.47678302799994, 31.773188924000067], [-106.47664743299998, 31.77303102500008], [-106.47672474999996, 31.772983417000034], [-106.47670821399998, 31.77296416100006], [-106.47673550199994, 31.772947358000067], [-106.47674872999994, 31.772962763000066], [-106.47709892799998, 31.77274712600007], [-106.47723121599995, 31.772901174000026], [-106.47709932399994, 31.77298238700007], [-106.47714893099999, 31.773040156000036], [-106.47696246299995, 31.773154975000068], [-106.47691946899994, 31.77310491000003], [-106.47678302799994, 31.773188924000067]]]}, "properties": {"PLACEKEY": "226-23d@8tf-p3j-jn5", "name": "Alicia Moreno Pmhnp", "category": "Offices of Other Health Practitioners", "address": "1600 Montana Ave", "sqft": 14176.1, "unique_visits": 676, "days_with_any_visit": 275, "visits_per_day": 2.46, "visits_per_sqft": 0.0477}}, {"type": "Feature", "geometry": {"type": "Polygon", "coordinates": [[[-106.48255347699995, 31.769347663000076], [-106.48265754699997, 31.76927490500003], [-106.48277926599997, 31.76939975500005], [-106.48267519599995, 31.76947251300004], [-106.48255347699995, 31.769347663000076]]]}, "properties": {"PLACEKEY": "224-228@8tf-p3j-kzz", "name": "Blush Boutique & Spa", "category": "Personal Care Services", "address": "1122 Montana Ave", "sqft": 2464.9, "unique_visits": 267, "days_with_any_visit": 179, "visits_per_day": 1.49, "visits_per_sqft": 0.1083}}, {"type": "Feature", "geometry": {"type": "Polygon", "coordinates": [[[-106.47641323379702, 31.77058235792769], [-106.47650886811093, 31.770498677902864], [-106.47660731499997, 31.770611331000055], [-106.47659743999998, 31.770617490000063], [-106.47665676299994, 31.77068568900006], [-106.47661155999998, 31.77071401300003], [-106.47656883999997, 31.770664901000032], [-106.47651450899997, 31.77069878900005], [-106.47641323379702, 31.77058235792769]], [[-106.47657862399996, 31.770587828000032], [-106.47654860999995, 31.77055332300006], [-106.47654408199998, 31.770556147000036], [-106.47657409599998, 31.770590653000056], [-106.47657862399996, 31.770587828000032]]]}, "properties": {"PLACEKEY": "223-223@8tf-p3j-gx5", "name": "Nationwide Is On Your Side", "category": "Agencies, Brokerages, and Other Insurance Related Activities", "address": "1515 E Missouri Ave", "sqft": 2701.7, "unique_visits": 716, "days_with_any_visit": 335, "visits_per_day": 2.14, "visits_per_sqft": 0.265}}, {"type": "Feature", "geometry": {"type": "Polygon", "coordinates": [[[-106.48171112399996, 31.769898886000078], [-106.48170771999997, 31.769895096000027], [-106.48161820799999, 31.769952751000062], [-106.48157735799998, 31.769907270000033], [-106.48168029699997, 31.76984096700005], [-106.48184369799998, 31.770022889000074], [-106.48175418599999, 31.770080544000052], [-106.48163503899997, 31.76994789300005], [-106.48171112399996, 31.769898886000078]]]}, "properties": {"PLACEKEY": "22c-222@8tf-p3j-hnq", "name": "The Enriquez Law Firm", "category": "Legal Services", "address": "1212 Montana Ave", "sqft": 2960.1, "unique_visits": 388, "days_with_any_visit": 208, "visits_per_day": 1.87, "visits_per_sqft": 0.1311}}, {"type": "Feature", "geometry": {"type": "Polygon", "coordinates": [[[-106.48372510599995, 31.771461747000046], [-106.48382402699997, 31.77139883800004], [-106.48396247699998, 31.771554949000063], [-106.48386355599996, 31.77161785900006], [-106.48372510599995, 31.771461747000046]]]}, "properties": {"PLACEKEY": "22n-222@8tf-p3j-5s5", "name": "Casa Mina", "category": "Traveler Accommodation", "address": "1137 Arizona Ave", "sqft": 2734.0, "unique_visits": 399, "days_with_any_visit": 272, "visits_per_day": 1.47, "visits_per_sqft": 0.1459}}, {"type": "Feature", "geometry": {"type": "Polygon", "coordinates": [[[-106.48104561799994, 31.770924576000027], [-106.48118082299999, 31.770839145000025], [-106.48133551599994, 31.771014700000023], [-106.48120932399996, 31.771094437000045], [-106.48124967899997, 31.77114023400003], [-106.48118207599998, 31.771182949000035], [-106.48112826999994, 31.77112188600006], [-106.481186859, 31.771084866000024], [-106.48104561799994, 31.770924576000027]]]}, "properties": {"PLACEKEY": "229-222@8tf-p3j-hbk", "name": "El Paso County Medical Society", "category": "Offices of Physicians", "address": "1301 Montana Ave", "sqft": 4876.0, "unique_visits": 300, "days_with_any_visit": 202, "visits_per_day": 1.49, "visits_per_sqft": 0.0615}}, {"type": "Feature", "geometry": {"type": "Polygon", "coordinates": [[[-106.477965, 31.772977], [-106.47796514445821, 31.77297405948579], [-106.47796557644159, 31.77297114729034], [-106.47796629178994, 31.772968291459684], [-106.47796728361403, 31.77296551949703], [-106.47796854236208, 31.772962858097895], [-106.47797005591164, 31.77296033289301], [-106.47797180968641, 31.772957968201474], [-106.47797378679657, 31.772955786796565], [-106.47797596820148, 31.7729538096864], [-106.47797833289302, 31.77295205591163], [-106.47798085809791, 31.77295054236207], [-106.47798351949703, 31.772949283614025], [-106.47798629145969, 31.77294829178993], [-106.47798914729034, 31.772947576441588], [-106.4779920594858, 31.7729471444582], [-106.477995, 31.772947], [-106.47799794051421, 31.7729471444582], [-106.47800085270967, 31.772947576441588], [-106.47800370854033, 31.77294829178993], [-106.47800648050298, 31.772949283614025], [-106.4780091419021, 31.77295054236207], [-106.478011667107, 31.77295205591163], [-106.47801403179854, 31.7729538096864], [-106.47801621320345, 31.772955786796565], [-106.4780181903136, 31.772957968201474], [-106.47801994408837, 31.77296033289301], [-106.47802145763794, 31.772962858097895], [-106.47802271638598, 31.77296551949703], [-106.47802370821007, 31.772968291459684], [-106.47802442355842, 31.77297114729034], [-106.4780248555418, 31.77297405948579], [-106.478025, 31.772977], [-106.4780248555418, 31.77297994051421], [-106.47802442355842, 31.77298285270966], [-106.47802370821007, 31.77298570854032], [-106.47802271638598, 31.77298848050297], [-106.47802145763794, 31.772991141902107], [-106.47801994408837, 31.77299366710699], [-106.4780181903136, 31.772996031798527], [-106.47801621320345, 31.772998213203437], [-106.47801403179854, 31.773000190313603], [-106.478011667107, 31.77300194408837], [-106.4780091419021, 31.77300345763793], [-106.47800648050298, 31.773004716385977], [-106.47800370854033, 31.77300570821007], [-106.47800085270967, 31.773006423558414], [-106.47799794051421, 31.7730068555418], [-106.477995, 31.773007], [-106.4779920594858, 31.7730068555418], [-106.47798914729034, 31.773006423558414], [-106.47798629145969, 31.77300570821007], [-106.47798351949703, 31.773004716385977], [-106.47798085809791, 31.77300345763793], [-106.47797833289302, 31.77300194408837], [-106.47797596820148, 31.773000190313603], [-106.47797378679657, 31.772998213203437], [-106.47797180968641, 31.772996031798527], [-106.47797005591164, 31.77299366710699], [-106.47796854236208, 31.772991141902107], [-106.47796728361403, 31.77298848050297], [-106.47796629178994, 31.77298570854032], [-106.47796557644159, 31.77298285270966], [-106.47796514445821, 31.77297994051421], [-106.477965, 31.772977]]]}, "properties": {"PLACEKEY": "22b-223@8tf-p3j-jn5", "name": "Drug Disposal Site at CENTRAL OUTPATIENT", "category": "Waste Treatment and Disposal", "address": "1551 Montana Ave Ste 204", "sqft": null, "unique_visits": 30, "days_with_any_visit": 26, "visits_per_day": 1.15, "visits_per_sqft": 0.0}}, {"type": "Feature", "geometry": {"type": "Polygon", "coordinates": [[[-106.47780530499995, 31.77298538200006], [-106.47804643999996, 31.772829096000066], [-106.47819340799998, 31.772991691000072], [-106.47795227399996, 31.773147977000065], [-106.47780530499995, 31.77298538200006]]]}, "properties": {"PLACEKEY": "22b-22b@8tf-p3j-jn5", "name": "Tiffany Hernandez Pmhnp-bc", "category": "Offices of Other Health Practitioners", "address": "1551 Montana Ave", "sqft": 7028.8, "unique_visits": 271, "days_with_any_visit": 167, "visits_per_day": 1.62, "visits_per_sqft": 0.0386}}, {"type": "Feature", "geometry": {"type": "Polygon", "coordinates": [[[-106.481461159, 31.769996959000025], [-106.481550041, 31.769938609000064], [-106.48171885799997, 31.770123014000035], [-106.48162997599997, 31.770181364000052], [-106.481461159, 31.769996959000025]]]}, "properties": {"PLACEKEY": "224-223@8tf-p3j-hnq", "name": "Santiesteban Tati Atty", "category": "Legal Services", "address": "1214 Montana Ave", "sqft": 2970.8, "unique_visits": 434, "days_with_any_visit": 236, "visits_per_day": 1.84, "visits_per_sqft": 0.1461}}, {"type": "Feature", "geometry": {"type": "Polygon", "coordinates": [[[-106.48151751488267, 31.770103485117335], [-106.48144378901425, 31.77017721098575], [-106.48136944299995, 31.77010236500007], [-106.48145550699996, 31.77004106000004], [-106.48151751488267, 31.770103485117335]]]}, "properties": {"PLACEKEY": "229-229@8tf-p3j-hnq", "name": "Ray Velarde Attorney A", "category": "Legal Services", "address": "1216 Montana Ave", "sqft": 1141.0, "unique_visits": 209, "days_with_any_visit": 155, "visits_per_day": 1.35, "visits_per_sqft": 0.1832}}, {"type": "Feature", "geometry": {"type": "Polygon", "coordinates": [[[-106.48307117599995, 31.767002260000027], [-106.48293395299999, 31.766810989000078], [-106.48310695099997, 31.766721979000067], [-106.48311867299998, 31.76672165000008], [-106.48305739899996, 31.766653430000076], [-106.48319165999999, 31.766566944000033], [-106.483256338, 31.766638956000065], [-106.48312655199999, 31.766722557000037], [-106.483146977, 31.766745297000057], [-106.48310222299995, 31.76677412500004], [-106.48308705899996, 31.766776788000072], [-106.48311353199995, 31.766813313000057], [-106.48321231999995, 31.766929639000068], [-106.48307117599995, 31.767002260000027]]]}, "properties": {"PLACEKEY": "22v-222@8tf-p3j-mc5", "name": "Guest Craig Real Estate & Investment", "category": "Other Financial Investment Activities", "address": "1010 Wyoming Ave", "sqft": 5974.0, "unique_visits": 1355, "days_with_any_visit": 424, "visits_per_day": 3.2, "visits_per_sqft": 0.2268}}, {"type": "Feature", "geometry": {"type": "Polygon", "coordinates": [[[-106.47829730499996, 31.772066954000024], [-106.47833682399994, 31.77204018100008], [-106.47850193199997, 31.772214939000037], [-106.47840972199998, 31.772277408000036], [-106.47826217799997, 31.772121242000026], [-106.47831486999996, 31.77208554500004], [-106.47829730499996, 31.772066954000024]]]}, "properties": {"PLACEKEY": "223-223@8tf-p3j-k2k", "name": "Goosehead Insurance", "category": "Agencies, Brokerages, and Other Insurance Related Activities", "address": "1504 Montana Ave", "sqft": 2809.4, "unique_visits": 179, "days_with_any_visit": 133, "visits_per_day": 1.35, "visits_per_sqft": 0.0637}}, {"type": "Feature", "geometry": {"type": "Polygon", "coordinates": [[[-106.48275974099994, 31.767672222000044], [-106.48270640099997, 31.76770650000003], [-106.48268718199995, 31.76769298000005], [-106.48262351699998, 31.76773219100005], [-106.48255406399994, 31.767651319000038], [-106.48267684799998, 31.76757569800003], [-106.48275974099994, 31.767672222000044]]]}, "properties": {"PLACEKEY": "22m-222@8tf-p3j-mc5", "name": "The Fabled Fern Bar", "category": "Drinking Places (Alcoholic Beverages)", "address": "1033 Wyoming Ave", "sqft": 1872.9, "unique_visits": 582, "days_with_any_visit": 273, "visits_per_day": 2.13, "visits_per_sqft": 0.3107}}, {"type": "Feature", "geometry": {"type": "Polygon", "coordinates": [[[-106.48245376099999, 31.770351988000073], [-106.48233683999996, 31.77042637900007], [-106.48227992499994, 31.770365379000054], [-106.48239464199997, 31.770288625000035], [-106.48245376099999, 31.770351988000073]]]}, "properties": {"PLACEKEY": "222-226@8tf-p3j-5pv", "name": "MS. Graciela Pinon L.p.c.", "category": "Offices of Physicians", "address": "905 Noble St", "sqft": 1313.2, "unique_visits": 32, "days_with_any_visit": 29, "visits_per_day": 1.1, "visits_per_sqft": 0.0244}}, {"type": "Feature", "geometry": {"type": "Polygon", "coordinates": [[[-106.47983069799994, 31.771844360000046], [-106.48000972899996, 31.77172905300006], [-106.48001994199996, 31.77174042300004], [-106.48010050599999, 31.771688535000067], [-106.48035241699995, 31.77196900100006], [-106.48009282099997, 31.772136196000076], [-106.47983069799994, 31.771844360000046]]]}, "properties": {"PLACEKEY": "22c-22g@8tf-p3j-hkf", "name": "International Brotherhood of Electrical Workers", "category": "Civic and Social Organizations", "address": "1401 Montana Ave", "sqft": 13358.0, "unique_visits": 379, "days_with_any_visit": 204, "visits_per_day": 1.86, "visits_per_sqft": 0.0284}}, {"type": "Feature", "geometry": {"type": "Polygon", "coordinates": [[[-106.48446189130479, 31.768874550065487], [-106.48454911230371, 31.768797901308876], [-106.48463669899996, 31.768900544000076], [-106.48459567999998, 31.768925645000024], [-106.48457591899995, 31.768902488000037], [-106.48456224599994, 31.76891085500006], [-106.48461075199998, 31.76896769800004], [-106.48455239899994, 31.769005005000054], [-106.48450958399997, 31.76895483100003], [-106.48453693, 31.768938097000046], [-106.48451716899996, 31.76891494000006], [-106.48450349599995, 31.76892330700008], [-106.48446189130479, 31.768874550065487]]]}, "properties": {"PLACEKEY": "22b-223@8tf-p3j-5vf", "name": "Spencer Brothers", "category": "Department Stores", "address": "1009 Montana Ave", "sqft": 1916.0, "unique_visits": 154, "days_with_any_visit": 128, "visits_per_day": 1.2, "visits_per_sqft": 0.0804}}, {"type": "Feature", "geometry": {"type": "Polygon", "coordinates": [[[-106.47983069799994, 31.771844360000046], [-106.48000972899996, 31.77172905300006], [-106.48001994199996, 31.77174042300004], [-106.48010050599999, 31.771688535000067], [-106.48035241699995, 31.77196900100006], [-106.48009282099997, 31.772136196000076], [-106.47983069799994, 31.771844360000046]]]}, "properties": {"PLACEKEY": "23b-223@8tf-p3j-hkf", "name": "Mrs. Lois Nance Lpc, Lmft", "category": "Offices of Physicians", "address": "1401 Montana Ave Ste L", "sqft": 13358.0, "unique_visits": 379, "days_with_any_visit": 204, "visits_per_day": 1.86, "visits_per_sqft": 0.0284}}, {"type": "Feature", "geometry": {"type": "Polygon", "coordinates": [[[-106.48461075199998, 31.76896769800004], [-106.48455239899994, 31.769005005000054], [-106.48450958399997, 31.76895483100003], [-106.48453693, 31.768938097000046], [-106.48451716899996, 31.76891494000006], [-106.48450349599995, 31.76892330700008], [-106.48438822599996, 31.76878822100008], [-106.48448849499994, 31.76872686400003], [-106.48463669899996, 31.768900544000076], [-106.48459567999998, 31.768925645000024], [-106.48457591899995, 31.768902488000037], [-106.48456224599994, 31.76891085500006], [-106.48461075199998, 31.76896769800004]]]}, "properties": {"PLACEKEY": "22d-222@8tf-p3j-5vf", "name": "Pate & Appleby", "category": "Accounting, Tax Preparation, Bookkeeping, and Payroll Services", "address": "1011 Montana Ave", "sqft": 3272.2, "unique_visits": 270, "days_with_any_visit": 209, "visits_per_day": 1.29, "visits_per_sqft": 0.0825}}, {"type": "Feature", "geometry": {"type": "Polygon", "coordinates": [[[-106.48216094799994, 31.77021246100003], [-106.48229723299994, 31.770145696000043], [-106.48237607699997, 31.770261104000042], [-106.48223979199997, 31.770327871000063], [-106.48216094799994, 31.77021246100003]]]}, "properties": {"PLACEKEY": "22j-223@8tf-p3j-hnq", "name": "Law Offices of Felipe Millan", "category": "Legal Services", "address": "1147 Montana Ave", "sqft": 2368.1, "unique_visits": 204, "days_with_any_visit": 151, "visits_per_day": 1.35, "visits_per_sqft": 0.0861}}, {"type": "Feature", "geometry": {"type": "Polygon", "coordinates": [[[-106.47687593099994, 31.773747857000046], [-106.47699139999997, 31.773875300000043], [-106.47680233999995, 31.773998928000026], [-106.47660133799997, 31.773775132000026], [-106.47664609799995, 31.773746308000057], [-106.47662907799997, 31.77372735700004], [-106.47668726699999, 31.773689884000078], [-106.47670088199999, 31.773705044000053], [-106.47678145099997, 31.773653159000048], [-106.47686995799995, 31.773751703000073], [-106.47687593099994, 31.773747857000046]]]}, "properties": {"PLACEKEY": "227-222@8tf-p3j-jvz", "name": "ATMAS Healing & Enlightenment Center", "category": "Offices of Other Health Practitioners", "address": "1625 Montana Ave", "sqft": 7707.0, "unique_visits": 361, "days_with_any_visit": 248, "visits_per_day": 1.46, "visits_per_sqft": 0.0468}}, {"type": "Feature", "geometry": {"type": "Polygon", "coordinates": [[[-106.47651284899996, 31.77151482000005], [-106.47666323599998, 31.771414848000063], [-106.47673268099999, 31.771489759000076], [-106.47658229399997, 31.771589729000027], [-106.47651284899996, 31.77151482000005]]]}, "properties": {"PLACEKEY": "22f-222@8tf-p3j-k4v", "name": "International Border Trucking", "category": "Management, Scientific, and Technical Consulting Services", "address": "1525 Wyoming Ave", "sqft": 2055.9, "unique_visits": 267, "days_with_any_visit": 185, "visits_per_day": 1.44, "visits_per_sqft": 0.1299}}, {"type": "Feature", "geometry": {"type": "Polygon", "coordinates": [[[-106.47678302799994, 31.773188924000067], [-106.47664743299998, 31.77303102500008], [-106.47672474999996, 31.772983417000034], [-106.47670821399998, 31.77296416100006], [-106.47673550199994, 31.772947358000067], [-106.47674872999994, 31.772962763000066], [-106.47709892799998, 31.77274712600007], [-106.47723121599995, 31.772901174000026], [-106.47709932399994, 31.77298238700007], [-106.47714893099999, 31.773040156000036], [-106.47696246299995, 31.773154975000068], [-106.47691946899994, 31.77310491000003], [-106.47678302799994, 31.773188924000067]]]}, "properties": {"PLACEKEY": "226-22c@8tf-p3j-jn5", "name": "Julie Faflik Lmhc", "category": "Offices of Physicians", "address": "1600 Montana Ave", "sqft": 14176.1, "unique_visits": 676, "days_with_any_visit": 275, "visits_per_day": 2.46, "visits_per_sqft": 0.0477}}, {"type": "Feature", "geometry": {"type": "Polygon", "coordinates": [[[-106.47687593099994, 31.773747857000046], [-106.47757268699996, 31.773299144000077], [-106.47745013799994, 31.773162699000068], [-106.477464694, 31.773153324000077], [-106.47769759999994, 31.77341880000006], [-106.47753589999996, 31.773522400000047], [-106.47737619999998, 31.773628200000076], [-106.477185, 31.77375310000008], [-106.47699139999997, 31.773875300000043], [-106.47687593099994, 31.773747857000046]]]}, "properties": {"PLACEKEY": "22q-223@8tf-p3j-jvz", "name": "PeopleReady", "category": "Employment Services", "address": "1621 Montana Ave", "sqft": 16501.1, "unique_visits": 1948, "days_with_any_visit": 518, "visits_per_day": 3.76, "visits_per_sqft": 0.1181}}, {"type": "Feature", "geometry": {"type": "Polygon", "coordinates": [[[-106.47863307299997, 31.771778685000072], [-106.47885289899995, 31.771638006000046], [-106.47905632299995, 31.77186594300008], [-106.47883649599999, 31.77200662100006], [-106.47863307299997, 31.771778685000072]]]}, "properties": {"PLACEKEY": "zzy-227@8tf-p3j-k2k", "name": "Sun City Sean Your Car Guy", "category": "Management, Scientific, and Technical Consulting Services", "address": "Montana Ave", "sqft": 8901.7, "unique_visits": 751, "days_with_any_visit": 359, "visits_per_day": 2.09, "visits_per_sqft": 0.0844}}, {"type": "Feature", "geometry": {"type": "Polygon", "coordinates": [[[-106.48239517599995, 31.769241497000053], [-106.48217416399996, 31.769373183000027], [-106.48213170599996, 31.769327098000076], [-106.48234451199994, 31.76918650300007], [-106.48239517599995, 31.769241497000053]]]}, "properties": {"PLACEKEY": "232-222@8tf-p3j-kzz", "name": "Aladdin Laundry", "category": "Drycleaning and Laundry Services", "address": "805 Noble St", "sqft": 1959.0, "unique_visits": 350, "days_with_any_visit": 230, "visits_per_day": 1.52, "visits_per_sqft": 0.1787}}, {"type": "Feature", "geometry": {"type": "Polygon", "coordinates": [[[-106.48344466199995, 31.76934641300005], [-106.48362975699996, 31.76923819700005], [-106.48372240499998, 31.769351836000055], [-106.48370389599995, 31.769362658000034], [-106.48374223299999, 31.76940968100007], [-106.48357564699995, 31.769507075000035], [-106.48344466199995, 31.76934641300005]]]}, "properties": {"PLACEKEY": "22d-223@8tf-p3j-5zz", "name": "Glasheen Valles & Inderman Injury Lawyers", "category": "Legal Services", "address": "1101 Montana Ave", "sqft": 4822.2, "unique_visits": 418, "days_with_any_visit": 244, "visits_per_day": 1.71, "visits_per_sqft": 0.0867}}, {"type": "Feature", "geometry": {"type": "Polygon", "coordinates": [[[-106.47937, 31.774184], [-106.4793701444582, 31.77418105948579], [-106.47937057644158, 31.774178147290343], [-106.47937129178993, 31.774175291459684], [-106.47937228361403, 31.774172519497032], [-106.47937354236207, 31.774169858097896], [-106.47937505591163, 31.77416733289301], [-106.4793768096864, 31.774164968201475], [-106.47937878679656, 31.774162786796566], [-106.47938096820147, 31.7741608096864], [-106.47938333289301, 31.774159055911632], [-106.4793858580979, 31.774157542362072], [-106.47938851949702, 31.774156283614026], [-106.47939129145968, 31.77415529178993], [-106.47939414729034, 31.77415457644159], [-106.47939705948579, 31.7741541444582], [-106.4794, 31.774154], [-106.4794029405142, 31.7741541444582], [-106.47940585270966, 31.77415457644159], [-106.47940870854032, 31.77415529178993], [-106.47941148050297, 31.774156283614026], [-106.4794141419021, 31.774157542362072], [-106.47941666710699, 31.774159055911632], [-106.47941903179853, 31.7741608096864], [-106.47942121320344, 31.774162786796566], [-106.4794231903136, 31.774164968201475], [-106.47942494408836, 31.77416733289301], [-106.47942645763793, 31.774169858097896], [-106.47942771638597, 31.774172519497032], [-106.47942870821007, 31.774175291459684], [-106.47942942355841, 31.774178147290343], [-106.4794298555418, 31.77418105948579], [-106.47943, 31.774184], [-106.4794298555418, 31.774186940514213], [-106.47942942355841, 31.77418985270966], [-106.47942870821007, 31.77419270854032], [-106.47942771638597, 31.77419548050297], [-106.47942645763793, 31.774198141902108], [-106.47942494408836, 31.774200667106992], [-106.4794231903136, 31.77420303179853], [-106.47942121320344, 31.774205213203437], [-106.47941903179853, 31.774207190313604], [-106.47941666710699, 31.77420894408837], [-106.4794141419021, 31.77421045763793], [-106.47941148050297, 31.774211716385977], [-106.47940870854032, 31.774212708210072], [-106.47940585270966, 31.774213423558415], [-106.4794029405142, 31.774213855541802], [-106.4794, 31.774214], [-106.47939705948579, 31.774213855541802], [-106.47939414729034, 31.774213423558415], [-106.47939129145968, 31.774212708210072], [-106.47938851949702, 31.774211716385977], [-106.4793858580979, 31.77421045763793], [-106.47938333289301, 31.77420894408837], [-106.47938096820147, 31.774207190313604], [-106.47937878679656, 31.774205213203437], [-106.4793768096864, 31.77420303179853], [-106.47937505591163, 31.774200667106992], [-106.47937354236207, 31.774198141902108], [-106.47937228361403, 31.77419548050297], [-106.47937129178993, 31.77419270854032], [-106.47937057644158, 31.77418985270966], [-106.4793701444582, 31.774186940514213], [-106.47937, 31.774184]]]}, "properties": {"PLACEKEY": "zzy-222@8tf-p3h-hqz", "name": "Sun Metro Arizona Golden Hill Terrace", "category": "Urban Transit Systems", "address": "Arizona Golden Hl Ter", "sqft": null, "unique_visits": 18, "days_with_any_visit": 18, "visits_per_day": 1.0, "visits_per_sqft": 0.0}}, {"type": "Feature", "geometry": {"type": "Polygon", "coordinates": [[[-106.48527612099997, 31.769310208000036], [-106.48531695699995, 31.769284895000055], [-106.48533356399997, 31.76930410700004], [-106.48536986299996, 31.76928160600005], [-106.48550603999996, 31.769439143000056], [-106.48539714299994, 31.769506646000025], [-106.48526096599994, 31.769349109000075], [-106.48529272699994, 31.769329421000066], [-106.48527612099997, 31.769310208000036]]]}, "properties": {"PLACEKEY": "22b-222@8tf-p3j-5xq", "name": "Loving Hands", "category": "Continuing Care Retirement Communities and Assisted Living Facilities for the Elderly", "address": "1003 E Rio Grande Ave", "sqft": 3110.8, "unique_visits": 145, "days_with_any_visit": 122, "visits_per_day": 1.19, "visits_per_sqft": 0.0466}}, {"type": "Feature", "geometry": {"type": "Polygon", "coordinates": [[[-106.476588, 31.770502], [-106.4765881444582, 31.77049905948579], [-106.47658857644159, 31.77049614729034], [-106.47658929178994, 31.770493291459683], [-106.47659028361403, 31.77049051949703], [-106.47659154236207, 31.770487858097894], [-106.47659305591164, 31.77048533289301], [-106.4765948096864, 31.770482968201474], [-106.47659678679656, 31.770480786796565], [-106.47659896820147, 31.7704788096864], [-106.47660133289301, 31.77047705591163], [-106.4766038580979, 31.77047554236207], [-106.47660651949703, 31.770474283614025], [-106.47660929145968, 31.77047329178993], [-106.47661214729034, 31.770472576441588], [-106.4766150594858, 31.7704721444582], [-106.476618, 31.770472], [-106.47662094051421, 31.7704721444582], [-106.47662385270966, 31.770472576441588], [-106.47662670854032, 31.77047329178993], [-106.47662948050298, 31.770474283614025], [-106.4766321419021, 31.77047554236207], [-106.47663466710699, 31.77047705591163], [-106.47663703179853, 31.7704788096864], [-106.47663921320344, 31.770480786796565], [-106.4766411903136, 31.770482968201474], [-106.47664294408837, 31.77048533289301], [-106.47664445763793, 31.770487858097894], [-106.47664571638597, 31.77049051949703], [-106.47664670821007, 31.770493291459683], [-106.47664742355842, 31.77049614729034], [-106.4766478555418, 31.77049905948579], [-106.476648, 31.770502], [-106.4766478555418, 31.77050494051421], [-106.47664742355842, 31.77050785270966], [-106.47664670821007, 31.770510708540318], [-106.47664571638597, 31.77051348050297], [-106.47664445763793, 31.770516141902107], [-106.47664294408837, 31.77051866710699], [-106.4766411903136, 31.770521031798527], [-106.47663921320344, 31.770523213203436], [-106.47663703179853, 31.770525190313602], [-106.47663466710699, 31.77052694408837], [-106.4766321419021, 31.77052845763793], [-106.47662948050298, 31.770529716385976], [-106.47662670854032, 31.77053070821007], [-106.47662385270966, 31.770531423558413], [-106.47662094051421, 31.7705318555418], [-106.476618, 31.770532], [-106.4766150594858, 31.7705318555418], [-106.47661214729034, 31.770531423558413], [-106.47660929145968, 31.77053070821007], [-106.47660651949703, 31.770529716385976], [-106.4766038580979, 31.77052845763793], [-106.47660133289301, 31.77052694408837], [-106.47659896820147, 31.770525190313602], [-106.47659678679656, 31.770523213203436], [-106.4765948096864, 31.770521031798527], [-106.47659305591164, 31.77051866710699], [-106.47659154236207, 31.770516141902107], [-106.47659028361403, 31.77051348050297], [-106.47658929178994, 31.770510708540318], [-106.47658857644159, 31.77050785270966], [-106.4765881444582, 31.77050494051421], [-106.476588, 31.770502]]]}, "properties": {"PLACEKEY": "22m-222@8tf-p3j-gx5", "name": "Reproductive Services", "category": "Outpatient Care Centers", "address": "1511 E Missouri Ave", "sqft": 3552.1, "unique_visits": 23, "days_with_any_visit": 21, "visits_per_day": 1.1, "visits_per_sqft": 0.0065}}, {"type": "Feature", "geometry": {"type": "Polygon", "coordinates": [[[-106.48477743799998, 31.768552525000075], [-106.48488358199995, 31.768481950000023], [-106.48497386799994, 31.768579327000054], [-106.48486772299998, 31.76864990300004], [-106.48477743799998, 31.768552525000075]]]}, "properties": {"PLACEKEY": "22p-226@8tf-p3j-5zz", "name": "Isabelle Robles Lmsw-acp", "category": "Offices of Physicians", "address": "1001 Montana Ave", "sqft": 1883.7, "unique_visits": 82, "days_with_any_visit": 62, "visits_per_day": 1.32, "visits_per_sqft": 0.0435}}, {"type": "Feature", "geometry": {"type": "Polygon", "coordinates": [[[-106.48302989999996, 31.768850800000052], [-106.48279765199999, 31.768591513000047], [-106.48299238599998, 31.76846447500003], [-106.48311592399995, 31.76860027500004], [-106.48302683299994, 31.768658395000045], [-106.48313779999995, 31.76878350000004], [-106.48302989999996, 31.768850800000052]]]}, "properties": {"PLACEKEY": "22k-223@8tf-p3j-kzz", "name": "Intelia Films", "category": "Other Professional, Scientific, and Technical Services", "address": "1105 E Yandell Dr", "sqft": 7136.5, "unique_visits": 587, "days_with_any_visit": 298, "visits_per_day": 1.97, "visits_per_sqft": 0.0823}}, {"type": "Feature", "geometry": {"type": "Polygon", "coordinates": [[[-106.47844341899997, 31.76914241000003], [-106.47865619999999, 31.769380900000044], [-106.47849101699995, 31.769485931000077], [-106.47827764399995, 31.76924986100005], [-106.47844341899997, 31.76914241000003]]]}, "properties": {"PLACEKEY": "228-223@8tf-p3j-h3q", "name": "Mabel Rosales Lcdc", "category": "Offices of Physicians", "address": "611 Newman St", "sqft": 6996.5, "unique_visits": 320, "days_with_any_visit": 182, "visits_per_day": 1.76, "visits_per_sqft": 0.0457}}, {"type": "Feature", "geometry": {"type": "Polygon", "coordinates": [[[-106.48356563299996, 31.768740324000078], [-106.48367751999996, 31.768668253000044], [-106.48369794499996, 31.768690992000074], [-106.48373374999994, 31.76866793000005], [-106.48377119499997, 31.76870962000004], [-106.48373091599996, 31.768735565000043], [-106.48377176799994, 31.768781045000026], [-106.48366435599996, 31.768850233000023], [-106.48356563299996, 31.768740324000078]]]}, "properties": {"PLACEKEY": "22f-225@8tf-p3j-5zz", "name": "Jose J Silva M d", "category": "Offices of Physicians", "address": "1020 Montana Ave", "sqft": 2421.9, "unique_visits": 70, "days_with_any_visit": 61, "visits_per_day": 1.15, "visits_per_sqft": 0.0289}}, {"type": "Feature", "geometry": {"type": "Polygon", "coordinates": [[[-106.48159206699995, 31.76827867700007], [-106.48171366799994, 31.76842779900005], [-106.48163023899997, 31.76848257200004], [-106.48149932299998, 31.76833956300004], [-106.48159206699995, 31.76827867700007]]]}, "properties": {"PLACEKEY": "22d-223@8tf-p3j-kxq", "name": "Kogel Bearings", "category": "Sporting Goods, Hobby, and Musical Instrument Stores", "address": "1127 Wyoming Ave", "sqft": 2281.9, "unique_visits": 157, "days_with_any_visit": 117, "visits_per_day": 1.34, "visits_per_sqft": 0.0688}}, {"type": "Feature", "geometry": {"type": "Polygon", "coordinates": [[[-106.47678302799994, 31.773188924000067], [-106.47664743299998, 31.77303102500008], [-106.47672474999996, 31.772983417000034], [-106.47670821399998, 31.77296416100006], [-106.47673550199994, 31.772947358000067], [-106.47674872999994, 31.772962763000066], [-106.47709892799998, 31.77274712600007], [-106.47723121599995, 31.772901174000026], [-106.47709932399994, 31.77298238700007], [-106.47714893099999, 31.773040156000036], [-106.47696246299995, 31.773154975000068], [-106.47691946899994, 31.77310491000003], [-106.47678302799994, 31.773188924000067]]]}, "properties": {"PLACEKEY": "226-23j@8tf-p3j-jn5", "name": "MS. Rita Aguirre Lpc", "category": "Offices of Physicians", "address": "1600 Montana Ave", "sqft": 14176.1, "unique_visits": 676, "days_with_any_visit": 275, "visits_per_day": 2.46, "visits_per_sqft": 0.0477}}, {"type": "Feature", "geometry": {"type": "Polygon", "coordinates": [[[-106.48429397899997, 31.768042881000042], [-106.48418367399995, 31.767944139000065], [-106.48431030299997, 31.767842694000024], [-106.48443782299995, 31.76795684700005], [-106.48438880599997, 31.767996116000063], [-106.48436561999995, 31.767975361000026], [-106.48433294199998, 31.768001540000057], [-106.48434453399994, 31.76801191800007], [-106.48429960199996, 31.768047915000068], [-106.48429397899997, 31.768042881000042]]]}, "properties": {"PLACEKEY": "225-227@8tf-p3q-zj9", "name": "Plans for Life", "category": "Agencies, Brokerages, and Other Insurance Related Activities", "address": "806 Ange St", "sqft": 2852.4, "unique_visits": 218, "days_with_any_visit": 148, "visits_per_day": 1.47, "visits_per_sqft": 0.0764}}, {"type": "Feature", "geometry": {"type": "Polygon", "coordinates": [[[-106.47814458025013, 31.769574657587473], [-106.47809755470144, 31.76960891583633], [-106.47813912894117, 31.769651102102397], [-106.47792630962287, 31.769796334114563], [-106.47775696261066, 31.769617609445927], [-106.47801952225481, 31.769438692210805], [-106.47814458025013, 31.769574657587473]]]}, "properties": {"PLACEKEY": "222-223@8tf-p3j-gp9", "name": "DaVita", "category": "Outpatient Care Centers", "address": "600 Newman St", "sqft": 8288.2, "unique_visits": 136, "days_with_any_visit": 74, "visits_per_day": 1.84, "visits_per_sqft": 0.0164}}, {"type": "Feature", "geometry": {"type": "Polygon", "coordinates": [[[-106.47983069799994, 31.771844360000046], [-106.48000972899996, 31.77172905300006], [-106.48001994199996, 31.77174042300004], [-106.48010050599999, 31.771688535000067], [-106.48035241699995, 31.77196900100006], [-106.48009282099997, 31.772136196000076], [-106.47983069799994, 31.771844360000046]]]}, "properties": {"PLACEKEY": "22c-226@8tf-p3j-hkf", "name": "RoofCARE", "category": "Foundation, Structure, and Building Exterior Contractors", "address": "1401 Montana Ave Unit 10", "sqft": 13358.0, "unique_visits": 379, "days_with_any_visit": 204, "visits_per_day": 1.86, "visits_per_sqft": 0.0284}}, {"type": "Feature", "geometry": {"type": "Polygon", "coordinates": [[[-106.48156276499998, 31.767837516000043], [-106.48166258699996, 31.76777564100007], [-106.48173565299999, 31.767860176000056], [-106.48163582999996, 31.767922051000028], [-106.48156276499998, 31.767837516000043]]]}, "properties": {"PLACEKEY": "22f-222@8tf-p3j-kxq", "name": "B&M Building Services Construction & Contracting", "category": "Residential Building Construction", "address": "1116 Wyoming El Paso", "sqft": 1463.9, "unique_visits": 287, "days_with_any_visit": 201, "visits_per_day": 1.43, "visits_per_sqft": 0.1961}}, {"type": "Feature", "geometry": {"type": "Polygon", "coordinates": [[[-106.481430935, 31.77143799600003], [-106.48130367099998, 31.77129264100006], [-106.48133980799997, 31.771269953000058], [-106.481323063, 31.771250828000063], [-106.481345649, 31.77123664800007], [-106.48132220499997, 31.771209871000053], [-106.48143965099996, 31.771136136000052], [-106.481419556, 31.771113185000047], [-106.48146924499997, 31.771081989000038], [-106.48153622599995, 31.77115849200004], [-106.48141426399997, 31.771235064000052], [-106.48143435699996, 31.771258014000068], [-106.48140273799999, 31.771277866000048], [-106.48146636999996, 31.77135054400003], [-106.48147540499997, 31.771344872000043], [-106.48151224399999, 31.771386949000032], [-106.481430935, 31.77143799600003]]]}, "properties": {"PLACEKEY": "222-223@8tf-p3j-hbk", "name": "Alternative Medicine", "category": "Offices of Other Health Practitioners", "address": "1300 E Rio Grande Ave", "sqft": 3864.2, "unique_visits": 638, "days_with_any_visit": 326, "visits_per_day": 1.96, "visits_per_sqft": 0.1651}}, {"type": "Feature", "geometry": {"type": "Polygon", "coordinates": [[[-106.47983069799994, 31.771844360000046], [-106.48000972899996, 31.77172905300006], [-106.48001994199996, 31.77174042300004], [-106.48010050599999, 31.771688535000067], [-106.48035241699995, 31.77196900100006], [-106.48009282099997, 31.772136196000076], [-106.47983069799994, 31.771844360000046]]]}, "properties": {"PLACEKEY": "22h-222@8tf-p3j-hkf", "name": "Comtel U S A", "category": "Computer Systems Design and Related Services", "address": "1401 Montana Ave Ste C", "sqft": 13358.0, "unique_visits": 379, "days_with_any_visit": 204, "visits_per_day": 1.86, "visits_per_sqft": 0.0284}}, {"type": "Feature", "geometry": {"type": "Polygon", "coordinates": [[[-106.47734226445897, 31.773465229837054], [-106.47744821171506, 31.773584942578736], [-106.47740931968434, 31.773610025228727], [-106.47730471353276, 31.773490882580457], [-106.47734226445897, 31.773465229837054]]]}, "properties": {"PLACEKEY": "22k-222@8tf-p3j-jvz", "name": "Puerto Vallarta Grill", "category": "Restaurants and Other Eating Places", "address": "1611 Montana Ave # Not", "sqft": 818.1, "unique_visits": 325, "days_with_any_visit": 221, "visits_per_day": 1.47, "visits_per_sqft": 0.3973}}, {"type": "Feature", "geometry": {"type": "Polygon", "coordinates": [[[-106.47780530499995, 31.77298538200006], [-106.47804643999996, 31.772829096000066], [-106.47819340799998, 31.772991691000072], [-106.47795227399996, 31.773147977000065], [-106.47780530499995, 31.77298538200006]]]}, "properties": {"PLACEKEY": "22b-228@8tf-p3j-jn5", "name": "El Paso MHMR DBA Emergence Health Network", "category": "Outpatient Care Centers", "address": "1551 Montana Ave", "sqft": 7028.8, "unique_visits": 271, "days_with_any_visit": 167, "visits_per_day": 1.62, "visits_per_sqft": 0.0386}}, {"type": "Feature", "geometry": {"type": "Polygon", "coordinates": [[[-106.47630172799995, 31.770817332000036], [-106.47631019699998, 31.770812118000038], [-106.47618783499996, 31.77066962300006], [-106.47625605299999, 31.77062761600007], [-106.47642866199999, 31.770828625000036], [-106.47635279999997, 31.770876200000032], [-106.47630172799995, 31.770817332000036]]]}, "properties": {"PLACEKEY": "223-222@8tf-p3j-jd9", "name": "Cal Mundell Law Firm", "category": "Legal Services", "address": "1521 E Missouri Ave", "sqft": 2454.2, "unique_visits": 565, "days_with_any_visit": 317, "visits_per_day": 1.78, "visits_per_sqft": 0.2302}}, {"type": "Feature", "geometry": {"type": "Polygon", "coordinates": [[[-106.47844341899997, 31.76914241000003], [-106.47865619999999, 31.769380900000044], [-106.47849101699995, 31.769485931000077], [-106.47827764399995, 31.76924986100005], [-106.47844341899997, 31.76914241000003]]]}, "properties": {"PLACEKEY": "228-222@8tf-p3j-h3q", "name": "Rosales and Rosales Counseling Services", "category": "Offices of Other Health Practitioners", "address": "611 Newman St", "sqft": 6996.5, "unique_visits": 320, "days_with_any_visit": 182, "visits_per_day": 1.76, "visits_per_sqft": 0.0457}}, {"type": "Feature", "geometry": {"type": "Polygon", "coordinates": [[[-106.47774747399995, 31.769609828000057], [-106.478015315, 31.769428369000025], [-106.47814880299995, 31.769569663000027], [-106.478096113, 31.76960536000007], [-106.47814529199997, 31.76965741600003], [-106.47793013999996, 31.769803179000064], [-106.47774747399995, 31.769609828000057]]]}, "properties": {"PLACEKEY": "222-222@8tf-p3j-gp9", "name": "Sun City Dialysis Center", "category": "Outpatient Care Centers", "address": "600 Newman St", "sqft": 9095.5, "unique_visits": 166, "days_with_any_visit": 90, "visits_per_day": 1.84, "visits_per_sqft": 0.0183}}, {"type": "Feature", "geometry": {"type": "Polygon", "coordinates": [[[-106.47678302799994, 31.773188924000067], [-106.47664743299998, 31.77303102500008], [-106.47672474999996, 31.772983417000034], [-106.47670821399998, 31.77296416100006], [-106.47673550199994, 31.772947358000067], [-106.47674872999994, 31.772962763000066], [-106.47709892799998, 31.77274712600007], [-106.47723121599995, 31.772901174000026], [-106.47709932399994, 31.77298238700007], [-106.47714893099999, 31.773040156000036], [-106.47696246299995, 31.773154975000068], [-106.47691946899994, 31.77310491000003], [-106.47678302799994, 31.773188924000067]]]}, "properties": {"PLACEKEY": "226-223@8tf-p3j-jn5", "name": "Alejandra Duarte Larriva", "category": "Offices of Physicians", "address": "1600 Montana Ave", "sqft": 14176.1, "unique_visits": 676, "days_with_any_visit": 275, "visits_per_day": 2.46, "visits_per_sqft": 0.0477}}, {"type": "Feature", "geometry": {"type": "Polygon", "coordinates": [[[-106.47613652999996, 31.77088006400004], [-106.47616521899994, 31.77086205300003], [-106.47612503399995, 31.77081615000003], [-106.47621989699996, 31.770756598000048], [-106.476334566, 31.770887583000047], [-106.47621089999996, 31.77096510000007], [-106.47613652999996, 31.77088006400004]]]}, "properties": {"PLACEKEY": "225-222@8tf-p3j-jd9", "name": "Daw Pest Control & Lawn Service", "category": "Services to Buildings and Dwellings", "address": "1525 E Missouri Ave", "sqft": 2604.9, "unique_visits": 330, "days_with_any_visit": 238, "visits_per_day": 1.39, "visits_per_sqft": 0.1267}}, {"type": "Feature", "geometry": {"type": "Polygon", "coordinates": [[[-106.48419784499998, 31.76906190400007], [-106.48429509999994, 31.769171700000072], [-106.48424146499997, 31.769206376000056], [-106.48418790699998, 31.769145206000076], [-106.48410208499996, 31.769199092000065], [-106.48397146999997, 31.76904991500004], [-106.48407987699994, 31.768981848000067], [-106.48416695299994, 31.76908130000004], [-106.48419784499998, 31.76906190400007]]]}, "properties": {"PLACEKEY": "22h-225@8tf-p3j-5zz", "name": "Phillips Hector Atty", "category": "Legal Services", "address": "1017 Montana Ave", "sqft": 3681.3, "unique_visits": 505, "days_with_any_visit": 287, "visits_per_day": 1.76, "visits_per_sqft": 0.1372}}, {"type": "Feature", "geometry": {"type": "Polygon", "coordinates": [[[-106.47863307299997, 31.771778685000072], [-106.47885289899995, 31.771638006000046], [-106.47905632299995, 31.77186594300008], [-106.47883649599999, 31.77200662100006], [-106.47863307299997, 31.771778685000072]]]}, "properties": {"PLACEKEY": "22q-223@8tf-p3j-hh5", "name": "Lipson Myer J Atty", "category": "Legal Services", "address": "1444 Montana Ave Ste 200", "sqft": 8901.7, "unique_visits": 751, "days_with_any_visit": 359, "visits_per_day": 2.09, "visits_per_sqft": 0.0844}}, {"type": "Feature", "geometry": {"type": "Polygon", "coordinates": [[[-106.47863307299997, 31.771778685000072], [-106.47885289899995, 31.771638006000046], [-106.47905632299995, 31.77186594300008], [-106.47883649599999, 31.77200662100006], [-106.47863307299997, 31.771778685000072]]]}, "properties": {"PLACEKEY": "22h-223@8tf-p3j-hh5", "name": "Law Offices of Robert J Truhill", "category": "Legal Services", "address": "1444 Montana Ave", "sqft": 8901.7, "unique_visits": 751, "days_with_any_visit": 359, "visits_per_day": 2.09, "visits_per_sqft": 0.0844}}, {"type": "Feature", "geometry": {"type": "Polygon", "coordinates": [[[-106.480302941, 31.77075476300007], [-106.48038236399998, 31.77070162700005], [-106.48051831599997, 31.77084734600004], [-106.48043889499996, 31.77090048200006], [-106.480302941, 31.77075476300007]]]}, "properties": {"PLACEKEY": "22m-222@8tf-p3j-ht9", "name": "The Law Office of Perry Pinon", "category": "Legal Services", "address": "1312 Montana Ave", "sqft": 2120.5, "unique_visits": 290, "days_with_any_visit": 177, "visits_per_day": 1.64, "visits_per_sqft": 0.1368}}, {"type": "Feature", "geometry": {"type": "Polygon", "coordinates": [[[-106.48096499199994, 31.769242124000073], [-106.48096870599994, 31.769239967000033], [-106.48108956199997, 31.769389192000062], [-106.48098754199998, 31.769448444000034], [-106.48086668599996, 31.76929921900006], [-106.48096499199994, 31.769242124000073]]]}, "properties": {"PLACEKEY": "22b-226@8tf-p3j-m6k", "name": "Cathedral High School Alumni Association LQVQ", "category": "Elementary and Secondary Schools", "address": "1218 E Yandell Dr", "sqft": 2529.5, "unique_visits": 238, "days_with_any_visit": 151, "visits_per_day": 1.58, "visits_per_sqft": 0.0941}}, {"type": "Feature", "geometry": {"type": "Polygon", "coordinates": [[[-106.47926254599997, 31.77249408700004], [-106.47933348499998, 31.77245369800005], [-106.47931779599998, 31.772433939000052], [-106.47924313199997, 31.772476450000056], [-106.47909879999997, 31.772294677000048], [-106.479341461, 31.77215651700004], [-106.47935401099994, 31.772172323000063], [-106.47942867599994, 31.77212981200006], [-106.47940985099996, 31.772106102000066], [-106.47947984799998, 31.772066248000044], [-106.479652419, 31.77228358600007], [-106.47956375399997, 31.772334068000077], [-106.47954806599995, 31.77231431000007], [-106.47953406599999, 31.772322281000072], [-106.47955916799998, 31.77235389300006], [-106.47946583699996, 31.772407032000046], [-106.47938425799998, 31.77230429100007], [-106.47930492599994, 31.772349459000054], [-106.47938650499998, 31.772452200000032], [-106.47946116999998, 31.77240968900003], [-106.47954588799996, 31.77251638300004], [-106.47937065199994, 31.772616153000058], [-106.47926254599997, 31.77249408700004]]]}, "properties": {"PLACEKEY": "zzy-225@8tf-p3j-k2k", "name": "Her Care Connection", "category": "Offices of Other Health Practitioners", "address": "1411 Montana Ave Ste 103", "sqft": 15252.4, "unique_visits": 479, "days_with_any_visit": 266, "visits_per_day": 1.8, "visits_per_sqft": 0.0314}}, {"type": "Feature", "geometry": {"type": "Polygon", "coordinates": [[[-106.47815794999997, 31.77119982100004], [-106.47837328799994, 31.77106201500004], [-106.47842075299997, 31.771115200000054], [-106.47838486399996, 31.77113816800005], [-106.47836791199995, 31.771119173000045], [-106.47834548099996, 31.771133528000064], [-106.47836921299995, 31.771160121000037], [-106.47821219499997, 31.771260604000076], [-106.47815794999997, 31.77119982100004]]]}, "properties": {"PLACEKEY": "228-224@8tf-p3j-jy9", "name": "Spector and Spector", "category": "Legal Services", "address": "1430 E Yandell Dr", "sqft": 2174.3, "unique_visits": 307, "days_with_any_visit": 188, "visits_per_day": 1.63, "visits_per_sqft": 0.1412}}, {"type": "Feature", "geometry": {"type": "Polygon", "coordinates": [[[-106.483407, 31.769103], [-106.4834071444582, 31.76910005948579], [-106.48340757644158, 31.769097147290342], [-106.48340829178993, 31.769094291459684], [-106.48340928361402, 31.76909151949703], [-106.48341054236207, 31.769088858097895], [-106.48341205591163, 31.76908633289301], [-106.4834138096864, 31.769083968201475], [-106.48341578679656, 31.769081786796566], [-106.48341796820146, 31.7690798096864], [-106.483420332893, 31.76907805591163], [-106.4834228580979, 31.769076542362072], [-106.48342551949702, 31.769075283614026], [-106.48342829145967, 31.76907429178993], [-106.48343114729033, 31.76907357644159], [-106.48343405948579, 31.7690731444582], [-106.483437, 31.769073], [-106.4834399405142, 31.7690731444582], [-106.48344285270966, 31.76907357644159], [-106.48344570854032, 31.76907429178993], [-106.48344848050297, 31.769075283614026], [-106.4834511419021, 31.769076542362072], [-106.48345366710699, 31.76907805591163], [-106.48345603179853, 31.7690798096864], [-106.48345821320343, 31.769081786796566], [-106.4834601903136, 31.769083968201475], [-106.48346194408836, 31.76908633289301], [-106.48346345763792, 31.769088858097895], [-106.48346471638597, 31.76909151949703], [-106.48346570821006, 31.769094291459684], [-106.48346642355841, 31.769097147290342], [-106.48346685554179, 31.76910005948579], [-106.483467, 31.769103], [-106.48346685554179, 31.769105940514212], [-106.48346642355841, 31.76910885270966], [-106.48346570821006, 31.76911170854032], [-106.48346471638597, 31.76911448050297], [-106.48346345763792, 31.769117141902107], [-106.48346194408836, 31.76911966710699], [-106.4834601903136, 31.769122031798528], [-106.48345821320343, 31.769124213203437], [-106.48345603179853, 31.769126190313603], [-106.48345366710699, 31.76912794408837], [-106.4834511419021, 31.76912945763793], [-106.48344848050297, 31.769130716385977], [-106.48344570854032, 31.76913170821007], [-106.48344285270966, 31.769132423558414], [-106.4834399405142, 31.7691328555418], [-106.483437, 31.769133], [-106.48343405948579, 31.7691328555418], [-106.48343114729033, 31.769132423558414], [-106.48342829145967, 31.76913170821007], [-106.48342551949702, 31.769130716385977], [-106.4834228580979, 31.76912945763793], [-106.483420332893, 31.76912794408837], [-106.48341796820146, 31.769126190313603], [-106.48341578679656, 31.769124213203437], [-106.4834138096864, 31.769122031798528], [-106.48341205591163, 31.76911966710699], [-106.48341054236207, 31.769117141902107], [-106.48340928361402, 31.76911448050297], [-106.48340829178993, 31.76911170854032], [-106.48340757644158, 31.76910885270966], [-106.4834071444582, 31.769105940514212], [-106.483407, 31.769103]]]}, "properties": {"PLACEKEY": "zzy-224@8tf-p3j-5zz", "name": "Sun Metro Montana Octavia", "category": "Urban Transit Systems", "address": "Sun Metro Montana Octavia", "sqft": null, "unique_visits": 133, "days_with_any_visit": 110, "visits_per_day": 1.21, "visits_per_sqft": 0.0}}, {"type": "Feature", "geometry": {"type": "Polygon", "coordinates": [[[-106.47678302799994, 31.773188924000067], [-106.47664743299998, 31.77303102500008], [-106.47672474999996, 31.772983417000034], [-106.47670821399998, 31.77296416100006], [-106.47673550199994, 31.772947358000067], [-106.47674872999994, 31.772962763000066], [-106.47709892799998, 31.77274712600007], [-106.47723121599995, 31.772901174000026], [-106.47709932399994, 31.77298238700007], [-106.47714893099999, 31.773040156000036], [-106.47696246299995, 31.773154975000068], [-106.47691946899994, 31.77310491000003], [-106.47678302799994, 31.773188924000067]]]}, "properties": {"PLACEKEY": "226-23c@8tf-p3j-jn5", "name": "Denise Meneses Lpc", "category": "Offices of Physicians", "address": "1600 Montana Ave", "sqft": 14176.1, "unique_visits": 676, "days_with_any_visit": 275, "visits_per_day": 2.46, "visits_per_sqft": 0.0477}}, {"type": "Feature", "geometry": {"type": "Polygon", "coordinates": [[[-106.47732576704134, 31.772344084221103], [-106.47721244371046, 31.772222659667563], [-106.4772567001592, 31.77219586643476], [-106.47736734128107, 31.772316720955345], [-106.47732576704134, 31.772344084221103]]]}, "properties": {"PLACEKEY": "22f-222@8tf-p3j-jn5", "name": "Yandell Barber Shop", "category": "Personal Care Services", "address": "1527 E Yandell Dr", "sqft": 925.7, "unique_visits": 188, "days_with_any_visit": 144, "visits_per_day": 1.31, "visits_per_sqft": 0.2031}}, {"type": "Feature", "geometry": {"type": "Polygon", "coordinates": [[[-106.47926254599997, 31.77249408700004], [-106.47933348499998, 31.77245369800005], [-106.47931779599998, 31.772433939000052], [-106.47924313199997, 31.772476450000056], [-106.47909879999997, 31.772294677000048], [-106.479341461, 31.77215651700004], [-106.47935401099994, 31.772172323000063], [-106.47942867599994, 31.77212981200006], [-106.47940985099996, 31.772106102000066], [-106.47947984799998, 31.772066248000044], [-106.479652419, 31.77228358600007], [-106.47956375399997, 31.772334068000077], [-106.47954806599995, 31.77231431000007], [-106.47953406599999, 31.772322281000072], [-106.47955916799998, 31.77235389300006], [-106.47946583699996, 31.772407032000046], [-106.47938425799998, 31.77230429100007], [-106.47930492599994, 31.772349459000054], [-106.47938650499998, 31.772452200000032], [-106.47946116999998, 31.77240968900003], [-106.47954588799996, 31.77251638300004], [-106.47937065199994, 31.772616153000058], [-106.47926254599997, 31.77249408700004]]]}, "properties": {"PLACEKEY": "226-226@8tf-p3j-k2k", "name": "Southwest Coalition for Life", "category": "Civic and Social Organizations", "address": "1411 Montana El Paso", "sqft": 15252.4, "unique_visits": 479, "days_with_any_visit": 266, "visits_per_day": 1.8, "visits_per_sqft": 0.0314}}, {"type": "Feature", "geometry": {"type": "Polygon", "coordinates": [[[-106.48426601099999, 31.76887056100003], [-106.48435202799999, 31.76881689800007], [-106.48448210099997, 31.768966414000033], [-106.48439608499996, 31.76902007700005], [-106.48426601099999, 31.76887056100003]]]}, "properties": {"PLACEKEY": "225-225@8tf-p3j-5zz", "name": "Diamond Hormone Replacement Therapy", "category": "Personal Care Services", "address": "1013 Montana Ave", "sqft": 2238.9, "unique_visits": 261, "days_with_any_visit": 184, "visits_per_day": 1.42, "visits_per_sqft": 0.1166}}, {"type": "Feature", "geometry": {"type": "Polygon", "coordinates": [[[-106.47983069799994, 31.771844360000046], [-106.48000972899996, 31.77172905300006], [-106.48001994199996, 31.77174042300004], [-106.48010050599999, 31.771688535000067], [-106.48035241699995, 31.77196900100006], [-106.48009282099997, 31.772136196000076], [-106.47983069799994, 31.771844360000046]]]}, "properties": {"PLACEKEY": "22c-22k@8tf-p3j-hkf", "name": "ServiceMaster", "category": "Services to Buildings and Dwellings", "address": "1401 Montana Ave", "sqft": 13358.0, "unique_visits": 379, "days_with_any_visit": 204, "visits_per_day": 1.86, "visits_per_sqft": 0.0284}}, {"type": "Feature", "geometry": {"type": "Polygon", "coordinates": [[[-106.48477743799998, 31.768552525000075], [-106.48488358199995, 31.768481950000023], [-106.48497386799994, 31.768579327000054], [-106.48486772299998, 31.76864990300004], [-106.48477743799998, 31.768552525000075]]]}, "properties": {"PLACEKEY": "22p-224@8tf-p3j-5zz", "name": "Aurora Madrid Lcdc Adc", "category": "Offices of Physicians", "address": "1001 Montana Ave", "sqft": 1883.7, "unique_visits": 82, "days_with_any_visit": 62, "visits_per_day": 1.32, "visits_per_sqft": 0.0435}}, {"type": "Feature", "geometry": {"type": "Polygon", "coordinates": [[[-106.48151751488267, 31.770103485117335], [-106.48144378901425, 31.77017721098575], [-106.48136944299995, 31.77010236500007], [-106.48145550699996, 31.77004106000004], [-106.48151751488267, 31.770103485117335]]]}, "properties": {"PLACEKEY": "229-228@8tf-p3j-hnq", "name": "The Law Office of Orlando J Torres", "category": "Legal Services", "address": "1216 Montana Ave", "sqft": 1141.0, "unique_visits": 209, "days_with_any_visit": 155, "visits_per_day": 1.35, "visits_per_sqft": 0.1832}}, {"type": "Feature", "geometry": {"type": "Polygon", "coordinates": [[[-106.47661155999998, 31.77071401300003], [-106.47656883999997, 31.770664901000032], [-106.47651450899997, 31.77069878900005], [-106.47637777799997, 31.770541597000033], [-106.47648689499994, 31.770473534000075], [-106.47660731499997, 31.770611331000055], [-106.47659743999998, 31.770617490000063], [-106.47665676299994, 31.77068568900006], [-106.47661155999998, 31.77071401300003]], [[-106.47657862399996, 31.770587828000032], [-106.47654860999995, 31.77055332300006], [-106.47654408199998, 31.770556147000036], [-106.47657409599998, 31.770590653000056], [-106.47657862399996, 31.770587828000032]]]}, "properties": {"PLACEKEY": "223-226@8tf-p3j-gx5", "name": "Rodriguez Law Firm", "category": "Legal Services", "address": "1515 E Missouri Ave", "sqft": 3326.0, "unique_visits": 927, "days_with_any_visit": 412, "visits_per_day": 2.25, "visits_per_sqft": 0.2787}}, {"type": "Feature", "geometry": {"type": "Polygon", "coordinates": [[[-106.48330259399995, 31.766677035000043], [-106.48331395099996, 31.766671191000057], [-106.483409941, 31.766804987000057], [-106.48330889999994, 31.76686970000003], [-106.48321326699994, 31.76676199700006], [-106.48319381399995, 31.76673300500005], [-106.48330259399995, 31.766677035000043]]]}, "properties": {"PLACEKEY": "226-222@8tf-p3j-89z", "name": "Legacy Mortuary Service of El Paso", "category": "Death Care Services", "address": "1000 Wyoming Ave", "sqft": 2486.5, "unique_visits": 1289, "days_with_any_visit": 367, "visits_per_day": 3.51, "visits_per_sqft": 0.5184}}, {"type": "Feature", "geometry": {"type": "Polygon", "coordinates": [[[-106.47678302799994, 31.773188924000067], [-106.47664743299998, 31.77303102500008], [-106.47672474999996, 31.772983417000034], [-106.47670821399998, 31.77296416100006], [-106.47673550199994, 31.772947358000067], [-106.47674872999994, 31.772962763000066], [-106.47709892799998, 31.77274712600007], [-106.47723121599995, 31.772901174000026], [-106.47709932399994, 31.77298238700007], [-106.47714893099999, 31.773040156000036], [-106.47696246299995, 31.773154975000068], [-106.47691946899994, 31.77310491000003], [-106.47678302799994, 31.773188924000067]]]}, "properties": {"PLACEKEY": "226-22b@8tf-p3j-jn5", "name": "Tewiana Norris", "category": "Offices of Other Health Practitioners", "address": "1600 Montana Ave", "sqft": 14176.1, "unique_visits": 676, "days_with_any_visit": 275, "visits_per_day": 2.46, "visits_per_sqft": 0.0477}}, {"type": "Feature", "geometry": {"type": "Polygon", "coordinates": [[[-106.47678302799994, 31.773188924000067], [-106.47664743299998, 31.77303102500008], [-106.47672474999996, 31.772983417000034], [-106.47670821399998, 31.77296416100006], [-106.47673550199994, 31.772947358000067], [-106.47674872999994, 31.772962763000066], [-106.47709892799998, 31.77274712600007], [-106.47723121599995, 31.772901174000026], [-106.47709932399994, 31.77298238700007], [-106.47714893099999, 31.773040156000036], [-106.47696246299995, 31.773154975000068], [-106.47691946899994, 31.77310491000003], [-106.47678302799994, 31.773188924000067]]]}, "properties": {"PLACEKEY": "226-228@8tf-p3j-jn5", "name": "Ana Morales Lpc", "category": "Offices of Physicians", "address": "1600 Montana Ave", "sqft": 14176.1, "unique_visits": 676, "days_with_any_visit": 275, "visits_per_day": 2.46, "visits_per_sqft": 0.0477}}, {"type": "Feature", "geometry": {"type": "Polygon", "coordinates": [[[-106.47938727299999, 31.77048828200003], [-106.47919379899997, 31.77026005400006], [-106.479321702, 31.770182301000034], [-106.47939384499995, 31.77026740200006], [-106.47952631799996, 31.770186872000068], [-106.47964764899996, 31.770329997000033], [-106.47938727299999, 31.77048828200003]]]}, "properties": {"PLACEKEY": "22h-222@8tf-p3j-ht9", "name": "Southwest General Agency Ins", "category": "Administration of Economic Programs", "address": "1326 E Yandell Dr", "sqft": 8245.1, "unique_visits": 83, "days_with_any_visit": 63, "visits_per_day": 1.32, "visits_per_sqft": 0.0101}}, {"type": "Feature", "geometry": {"type": "Polygon", "coordinates": [[[-106.480302941, 31.77075476300007], [-106.48038236399998, 31.77070162700005], [-106.48051831599997, 31.77084734600004], [-106.48043889499996, 31.77090048200006], [-106.480302941, 31.77075476300007]]]}, "properties": {"PLACEKEY": "224-228@8tf-p3j-ht9", "name": "Mr. Eduardo Pena Lpc", "category": "Offices of Physicians", "address": "1310 Montana Ave", "sqft": 2120.5, "unique_visits": 290, "days_with_any_visit": 177, "visits_per_day": 1.64, "visits_per_sqft": 0.1368}}, {"type": "Feature", "geometry": {"type": "Polygon", "coordinates": [[[-106.48574745499997, 31.769828821000033], [-106.485621187, 31.769683685000075], [-106.485698975, 31.76963515400007], [-106.4858243, 31.769777900000065], [-106.48584275999997, 31.76979386100004], [-106.48576126999995, 31.769844701000068], [-106.48574745499997, 31.769828821000033]]]}, "properties": {"PLACEKEY": "223-224@8tf-p3j-5xq", "name": "Impulse Development", "category": "Advertising, Public Relations, and Related Services", "address": "1002 Arizona Ave", "sqft": 2195.8, "unique_visits": 312, "days_with_any_visit": 203, "visits_per_day": 1.54, "visits_per_sqft": 0.1421}}, {"type": "Feature", "geometry": {"type": "Polygon", "coordinates": [[[-106.48352461299999, 31.773057729000072], [-106.483477887, 31.773004743000058], [-106.48359503599994, 31.772923354000056], [-106.48365419999999, 31.77299080000006], [-106.483534782, 31.773068223000053], [-106.48352461299999, 31.773057729000072]]]}, "properties": {"PLACEKEY": "222-223@8tf-p3h-fxq", "name": "Risen Tattoo Supplies", "category": "Technical and Trade Schools", "address": "1207 Brown St", "sqft": 1399.3, "unique_visits": 1024, "days_with_any_visit": 357, "visits_per_day": 2.87, "visits_per_sqft": 0.7318}}]}