{"type": "FeatureCollection", "features": [{"type": "Feature", "geometry": {"type": "LineString", "coordinates": [[-106.48428593066636, 31.769780187608024], [-106.4846617692173, 31.770202918509085], [-106.48492717470599, 31.770509732082427]]}, "properties": {"STREETNAME": "OCTAVIA", "segment_id": 0, "cross_street_a": "RIO GRANDE", "cross_street_b": "ARIZONA", "n_segments_total": 1717, "n_segments_pedestrian": 1100, "n_segments_vehicular": 617, "pct_local_of_resolved": 88.9, "n_places_excl_lessors": 0, "visits_excl_lessors": 0.0, "visits_per_traffic": 0.0, "classification": "PASS-THROUGH", "note": ""}}, {"type": "Feature", "geometry": {"type": "LineString", "coordinates": [[-106.48826476826541, 31.770632671482648], [-106.48741116702627, 31.77117963646553]]}, "properties": {"STREETNAME": "CALIFORNIA", "segment_id": 1, "cross_street_a": "(subarea edge)", "cross_street_b": "ANGE", "n_segments_total": 108, "n_segments_pedestrian": 31, "n_segments_vehicular": 77, "pct_local_of_resolved": null, "n_places_excl_lessors": 0, "visits_excl_lessors": 0.0, "visits_per_traffic": 0.0, "classification": "LOCAL", "note": ""}}, {"type": "Feature", "geometry": {"type": "LineString", "coordinates": [[-106.48570874142392, 31.767730638032425], [-106.48566262972544, 31.76776035132738], [-106.48557183556214, 31.767816953512295], [-106.48548124272969, 31.767873547911808], [-106.48539082764657, 31.767932886973803], [-106.48530111549866, 31.767992192720914], [-106.48521019852267, 31.768051556284387], [-106.4851195817197, 31.7681109037748], [-106.48502938998814, 31.768167479761217], [-106.48493907441943, 31.768226812866533], [-106.48485432592797, 31.768280379061974]]}, "properties": {"STREETNAME": "MONTANA", "segment_id": 2, "cross_street_a": "(subarea edge)", "cross_street_b": "ANGE", "n_segments_total": 777, "n_segments_pedestrian": 243, "n_segments_vehicular": 534, "pct_local_of_resolved": 100.0, "n_places_excl_lessors": 0, "visits_excl_lessors": 0.0, "visits_per_traffic": 0.0, "classification": "PASS-THROUGH", "note": ""}}, {"type": "Feature", "geometry": {"type": "LineString", "coordinates": [[-106.48175277023522, 31.766921050314902], [-106.48225303089457, 31.76747556216015], [-106.48237004820211, 31.767607688130038]]}, "properties": {"STREETNAME": "OCTAVIA", "segment_id": 3, "cross_street_a": "MISSOURI", "cross_street_b": "WYOMING", "n_segments_total": 4068, "n_segments_pedestrian": 2725, "n_segments_vehicular": 1343, "pct_local_of_resolved": 99.1, "n_places_excl_lessors": 0, "visits_excl_lessors": 0.0, "visits_per_traffic": 0.0, "classification": "PASS-THROUGH", "note": ""}}, {"type": "Feature", "geometry": {"type": "LineString", "coordinates": [[-106.48548971062735, 31.76900193589367], [-106.48541778085142, 31.76904663492815], [-106.48532706326884, 31.769105989977394], [-106.48523724972151, 31.7691652985882], [-106.48514623144776, 31.769224666815564], [-106.4850554132149, 31.76928402370563], [-106.48496459498533, 31.769343382331964], [-106.48487400033626, 31.76939997627526], [-106.48478237657935, 31.76945937285542], [-106.48469266372321, 31.769518678998594], [-106.48460244679615, 31.76957800710368], [-106.48451215217429, 31.769634587484536], [-106.48442042993705, 31.769693988440142], [-106.48432973338112, 31.769750585881525], [-106.48428593066636, 31.769780187608024]]}, "properties": {"STREETNAME": "RIO GRANDE", "segment_id": 4, "cross_street_a": "ANGE", "cross_street_b": "OCTAVIA", "n_segments_total": 1968, "n_segments_pedestrian": 1057, "n_segments_vehicular": 911, "pct_local_of_resolved": 100.0, "n_places_excl_lessors": 0, "visits_excl_lessors": 0.0, "visits_per_traffic": 0.0, "classification": "PASS-THROUGH", "note": ""}}, {"type": "Feature", "geometry": {"type": "LineString", "coordinates": [[-106.48384285870816, 31.77233953228332], [-106.48401824585723, 31.77253772627829], [-106.48447753745913, 31.773063882144424]]}, "properties": {"STREETNAME": "NOBLE", "segment_id": 5, "cross_street_a": "NEVADA", "cross_street_b": "CALIFORNIA", "n_segments_total": 226, "n_segments_pedestrian": 86, "n_segments_vehicular": 140, "pct_local_of_resolved": null, "n_places_excl_lessors": 0, "visits_excl_lessors": 0.0, "visits_per_traffic": 0.0, "classification": "LOCAL", "note": ""}}, {"type": "Feature", "geometry": {"type": "LineString", "coordinates": [[-106.47760945633266, 31.772942458098], [-106.47749830899663, 31.773019289086026], [-106.47740850851324, 31.773075838964466], [-106.4773180845524, 31.773135173150642], [-106.47722728145467, 31.77319177114898], [-106.4771367550219, 31.773251110035737], [-106.47704585045274, 31.773307711783794], [-106.47695421908982, 31.773367102714833], [-106.47686399367842, 31.773426425368832], [-106.47677439599275, 31.773482966993896], [-106.47668567680063, 31.773542220184144], [-106.47659685624487, 31.773601477190926], [-106.47650675542343, 31.77365804237336], [-106.47639871170034, 31.77372371146646]]}, "properties": {"STREETNAME": "MONTANA", "segment_id": 6, "cross_street_a": "LEE", "cross_street_b": "DALLAS", "n_segments_total": 3199, "n_segments_pedestrian": 1289, "n_segments_vehicular": 1910, "pct_local_of_resolved": 94.3, "n_places_excl_lessors": 0, "visits_excl_lessors": 0.0, "visits_per_traffic": 0.0, "classification": "PASS-THROUGH", "note": ""}}, {"type": "Feature", "geometry": {"type": "LineString", "coordinates": [[-106.48506964797302, 31.767009255829162], [-106.4851529668273, 31.766958511967527], [-106.48524506525465, 31.76690184743997], [-106.48533668414859, 31.766842450574618], [-106.4854268980205, 31.76678312189744], [-106.48551789131496, 31.766726506716648], [-106.48560790469786, 31.7666671873834], [-106.48569871996831, 31.76660782824631], [-106.48579003684304, 31.766548445313504], [-106.48588105215158, 31.766489076574054], [-106.48591810476343, 31.76646254750613]]}, "properties": {"STREETNAME": "YANDELL", "segment_id": 7, "cross_street_a": "(subarea edge)", "cross_street_b": "(subarea edge)", "n_segments_total": 222, "n_segments_pedestrian": 38, "n_segments_vehicular": 184, "pct_local_of_resolved": 94.4, "n_places_excl_lessors": 0, "visits_excl_lessors": 0.0, "visits_per_traffic": 0.0, "classification": "LOCAL", "note": ""}}, {"type": "Feature", "geometry": {"type": "LineString", "coordinates": [[-106.47760945633266, 31.772942458098], [-106.47769157891801, 31.773034939349166], [-106.47815747163499, 31.773571817461914], [-106.47824394410841, 31.773672351381247]]}, "properties": {"STREETNAME": "LEE", "segment_id": 8, "cross_street_a": "MONTANA", "cross_street_b": "RIO GRANDE", "n_segments_total": 1219, "n_segments_pedestrian": 687, "n_segments_vehicular": 532, "pct_local_of_resolved": 25.6, "n_places_excl_lessors": 1, "visits_excl_lessors": 271.0, "visits_per_traffic": 0.2223, "classification": "DESTINATION", "note": ""}}, {"type": "Feature", "geometry": {"type": "LineString", "coordinates": [[-106.47639871170034, 31.77372371146646], [-106.47658116835493, 31.773927085344926], [-106.47696098781053, 31.77436341364207], [-106.47703798265833, 31.774445124971464]]}, "properties": {"STREETNAME": "DALLAS", "segment_id": 9, "cross_street_a": "MONTANA", "cross_street_b": "RIO GRANDE", "n_segments_total": 1662, "n_segments_pedestrian": 790, "n_segments_vehicular": 872, "pct_local_of_resolved": 96.7, "n_places_excl_lessors": 2, "visits_excl_lessors": 722.0, "visits_per_traffic": 0.4344, "classification": "DESTINATION", "note": ""}}, {"type": "Feature", "geometry": {"type": "LineString", "coordinates": [[-106.47556281316493, 31.766315971811025], [-106.47586332531526, 31.766667947814025]]}, "properties": {"STREETNAME": "NEWMAN", "segment_id": 10, "cross_street_a": "(subarea edge)", "cross_street_b": "(subarea edge)", "n_segments_total": 17, "n_segments_pedestrian": 4, "n_segments_vehicular": 13, "pct_local_of_resolved": null, "n_places_excl_lessors": 0, "visits_excl_lessors": 0.0, "visits_per_traffic": 0.0, "classification": "LOCAL", "note": ""}}, {"type": "Feature", "geometry": {"type": "LineString", "coordinates": [[-106.48301118732945, 31.76833449309555], [-106.48342017908722, 31.768799708244497], [-106.48364555387936, 31.769056106401255]]}, "properties": {"STREETNAME": "OCTAVIA", "segment_id": 11, "cross_street_a": "YANDELL", "cross_street_b": "MONTANA", "n_segments_total": 2247, "n_segments_pedestrian": 1420, "n_segments_vehicular": 827, "pct_local_of_resolved": 93.0, "n_places_excl_lessors": 0, "visits_excl_lessors": 0.0, "visits_per_traffic": 0.0, "classification": "PASS-THROUGH", "note": ""}}, {"type": "Feature", "geometry": {"type": "LineString", "coordinates": [[-106.4781446497141, 31.769258265459875], [-106.47833385787591, 31.769469580165485], [-106.47867201808697, 31.769858314570897], [-106.4787463782154, 31.769942901627644]]}, "properties": {"STREETNAME": "NEWMAN", "segment_id": 12, "cross_street_a": "MISSOURI", "cross_street_b": "WYOMING", "n_segments_total": 2603, "n_segments_pedestrian": 1336, "n_segments_vehicular": 1267, "pct_local_of_resolved": 97.4, "n_places_excl_lessors": 1, "visits_excl_lessors": 320.0, "visits_per_traffic": 0.1229, "classification": "DESTINATION", "note": ""}}, {"type": "Feature", "geometry": {"type": "LineString", "coordinates": [[-106.48284297595065, 31.774113019345773], [-106.4826560838567, 31.774234734220528], [-106.48212636491627, 31.774581887812808], [-106.48176807329274, 31.774808062180796], [-106.48161202430714, 31.774889772946537]]}, "properties": {"STREETNAME": "CALIFORNIA", "segment_id": 13, "cross_street_a": "CIRCLE", "cross_street_b": "WRIGHT", "n_segments_total": 208, "n_segments_pedestrian": 18, "n_segments_vehicular": 190, "pct_local_of_resolved": 100.0, "n_places_excl_lessors": 0, "visits_excl_lessors": 0.0, "visits_per_traffic": 0.0, "classification": "LOCAL", "note": ""}}, {"type": "Feature", "geometry": {"type": "LineString", "coordinates": [[-106.48741116702627, 31.77117963646553], [-106.48726608184978, 31.77127184668397], [-106.48620338252223, 31.771955340095882]]}, "properties": {"STREETNAME": "CALIFORNIA", "segment_id": 14, "cross_street_a": "ANGE", "cross_street_b": "OCTAVIA", "n_segments_total": 205, "n_segments_pedestrian": 39, "n_segments_vehicular": 166, "pct_local_of_resolved": 100.0, "n_places_excl_lessors": 0, "visits_excl_lessors": 0.0, "visits_per_traffic": 0.0, "classification": "LOCAL", "note": ""}}, {"type": "Feature", "geometry": {"type": "LineString", "coordinates": [[-106.48237004820211, 31.767607688130038], [-106.48280947991347, 31.768104504580126], [-106.48301118732945, 31.76833449309555]]}, "properties": {"STREETNAME": "OCTAVIA", "segment_id": 15, "cross_street_a": "WYOMING", "cross_street_b": "YANDELL", "n_segments_total": 2440, "n_segments_pedestrian": 1521, "n_segments_vehicular": 919, "pct_local_of_resolved": 95.8, "n_places_excl_lessors": 1, "visits_excl_lessors": 582.0, "visits_per_traffic": 0.2385, "classification": "DESTINATION", "note": ""}}, {"type": "Feature", "geometry": {"type": "LineString", "coordinates": [[-106.48911173170912, 31.770086014444985], [-106.48893443727111, 31.770201776995428], [-106.48826476826541, 31.770632671482648]]}, "properties": {"STREETNAME": "CALIFORNIA", "segment_id": 16, "cross_street_a": "(subarea edge)", "cross_street_b": "(subarea edge)", "n_segments_total": 612, "n_segments_pedestrian": 147, "n_segments_vehicular": 465, "pct_local_of_resolved": 100.0, "n_places_excl_lessors": 0, "visits_excl_lessors": 0.0, "visits_per_traffic": 0.0, "classification": "LOCAL", "note": ""}}, {"type": "Feature", "geometry": {"type": "LineString", "coordinates": [[-106.47370896467336, 31.76637046149029], [-106.47385309525428, 31.766534349401525], [-106.4743482193113, 31.767097393092612]]}, "properties": {"STREETNAME": "LANGTRY", "segment_id": 17, "cross_street_a": "(subarea edge)", "cross_street_b": "(subarea edge)", "n_segments_total": 56, "n_segments_pedestrian": 13, "n_segments_vehicular": 43, "pct_local_of_resolved": 100.0, "n_places_excl_lessors": 0, "visits_excl_lessors": 0.0, "visits_per_traffic": 0.0, "classification": "LOCAL", "note": ""}}, {"type": "Feature", "geometry": {"type": "LineString", "coordinates": [[-106.4811574262892, 31.768386328048408], [-106.48178772487485, 31.769088872786668], [-106.48181070843518, 31.76911256550586]]}, "properties": {"STREETNAME": "NOBLE", "segment_id": 18, "cross_street_a": "WYOMING", "cross_street_b": "YANDELL", "n_segments_total": 1361, "n_segments_pedestrian": 838, "n_segments_vehicular": 523, "pct_local_of_resolved": 88.3, "n_places_excl_lessors": 2, "visits_excl_lessors": 406.0, "visits_per_traffic": 0.2983, "classification": "DESTINATION", "note": ""}}, {"type": "Feature", "geometry": {"type": "LineString", "coordinates": [[-106.48485432592797, 31.768280379061974], [-106.48500951116188, 31.768457501153634], [-106.48548971062735, 31.76900193589367]]}, "properties": {"STREETNAME": "ANGE", "segment_id": 19, "cross_street_a": "MONTANA", "cross_street_b": "RIO GRANDE", "n_segments_total": 1230, "n_segments_pedestrian": 745, "n_segments_vehicular": 485, "pct_local_of_resolved": 100.0, "n_places_excl_lessors": 4, "visits_excl_lessors": 328.0, "visits_per_traffic": 0.2667, "classification": "DESTINATION", "note": ""}}, {"type": "Feature", "geometry": {"type": "LineString", "coordinates": [[-106.4897506274131, 31.770812893110747], [-106.48907591380443, 31.771246782623937], [-106.48890368347662, 31.771356799953043]]}, "properties": {"STREETNAME": "RIVER", "segment_id": 20, "cross_street_a": "(subarea edge)", "cross_street_b": "(subarea edge)", "n_segments_total": 86, "n_segments_pedestrian": 12, "n_segments_vehicular": 74, "pct_local_of_resolved": 100.0, "n_places_excl_lessors": 0, "visits_excl_lessors": 0.0, "visits_per_traffic": 0.0, "classification": "LOCAL", "note": ""}}, {"type": "Feature", "geometry": {"type": "LineString", "coordinates": [[-106.4787463782154, 31.769942901627644], [-106.47898688683236, 31.770212358830676], [-106.47931605641416, 31.770584997699732], [-106.47938692503692, 31.77066699806486]]}, "properties": {"STREETNAME": "NEWMAN", "segment_id": 21, "cross_street_a": "WYOMING", "cross_street_b": "YANDELL", "n_segments_total": 636, "n_segments_pedestrian": 285, "n_segments_vehicular": 351, "pct_local_of_resolved": 92.9, "n_places_excl_lessors": 1, "visits_excl_lessors": 83.0, "visits_per_traffic": 0.1305, "classification": "LOCAL", "note": "hidden draw -- real visits despite low absolute traffic"}}, {"type": "Feature", "geometry": {"type": "LineString", "coordinates": [[-106.47753429863766, 31.770721477758194], [-106.47776053432958, 31.770969586238124], [-106.47812534154306, 31.771376336976886], [-106.47818289617899, 31.771442445417204]]}, "properties": {"STREETNAME": "LANGTRY", "segment_id": 22, "cross_street_a": "WYOMING", "cross_street_b": "YANDELL", "n_segments_total": 2154, "n_segments_pedestrian": 950, "n_segments_vehicular": 1204, "pct_local_of_resolved": 99.4, "n_places_excl_lessors": 0, "visits_excl_lessors": 0.0, "visits_per_traffic": 0.0, "classification": "PASS-THROUGH", "note": ""}}, {"type": "Feature", "geometry": {"type": "LineString", "coordinates": [[-106.48556355605851, 31.771233996465337], [-106.48524803988707, 31.771436130816575], [-106.484294412155, 31.77204837433082], [-106.48384285870816, 31.77233953228332]]}, "properties": {"STREETNAME": "NEVADA", "segment_id": 23, "cross_street_a": "OCTAVIA", "cross_street_b": "NOBLE", "n_segments_total": 376, "n_segments_pedestrian": 151, "n_segments_vehicular": 225, "pct_local_of_resolved": 33.3, "n_places_excl_lessors": 0, "visits_excl_lessors": 0.0, "visits_per_traffic": 0.0, "classification": "LOCAL", "note": ""}}, {"type": "Feature", "geometry": {"type": "LineString", "coordinates": [[-106.47725743469154, 31.776573938729005], [-106.47687275830276, 31.776319545454335], [-106.47677606721292, 31.776252532481262], [-106.47671766188321, 31.776191967152293], [-106.47662945841677, 31.77609426805264], [-106.4764905347018, 31.775941145891235]]}, "properties": {"STREETNAME": "CLIFF", "segment_id": 24, "cross_street_a": "(subarea edge)", "cross_street_b": "ARIZONA", "n_segments_total": 136, "n_segments_pedestrian": 14, "n_segments_vehicular": 122, "pct_local_of_resolved": 100.0, "n_places_excl_lessors": 0, "visits_excl_lessors": 0.0, "visits_per_traffic": 0.0, "classification": "LOCAL", "note": ""}}, {"type": "Feature", "geometry": {"type": "LineString", "coordinates": [[-106.48824757151665, 31.772910336070932], [-106.48819678069344, 31.772959542571844], [-106.48812181024576, 31.773031916380678], [-106.48805593224799, 31.773109370731788], [-106.48799922176407, 31.773194645288253], [-106.4879496136936, 31.773282339624014], [-106.48790842041137, 31.773372391656], [-106.48787634045921, 31.77346476292393], [-106.48785909311455, 31.773523394787578]]}, "properties": {"STREETNAME": "CLIFF", "segment_id": 25, "cross_street_a": "(subarea edge)", "cross_street_b": "OCTAVIA", "n_segments_total": 37, "n_segments_pedestrian": 3, "n_segments_vehicular": 34, "pct_local_of_resolved": null, "n_places_excl_lessors": 0, "visits_excl_lessors": 0.0, "visits_per_traffic": 0.0, "classification": "LOCAL", "note": ""}}, {"type": "Feature", "geometry": {"type": "LineString", "coordinates": [[-106.47401761681839, 31.770831948292766], [-106.47399034113184, 31.770849758217544], [-106.47397830874583, 31.770857950701377], [-106.47396773607956, 31.770867956391385], [-106.4739588934931, 31.770879519425996], [-106.47395200710561, 31.77089234411983], [-106.47394725301308, 31.77090610252485], [-106.4739447527853, 31.770920442816536], [-106.47394457035709, 31.770934998290574], [-106.47394671039346, 31.770949396740104], [-106.47395111817023, 31.77096326997363], [-106.47395768097347, 31.770976263230278], [-106.47396623098174, 31.770988044251585], [-106.4739765495576, 31.77099831177791], [-106.47427580934506, 31.77131034339245], [-106.47452670394388, 31.7715848223823]]}, "properties": {"STREETNAME": "DALLAS", "segment_id": 26, "cross_street_a": "(subarea edge)", "cross_street_b": "MISSOURI", "n_segments_total": 1244, "n_segments_pedestrian": 267, "n_segments_vehicular": 977, "pct_local_of_resolved": 61.5, "n_places_excl_lessors": 0, "visits_excl_lessors": 0.0, "visits_per_traffic": 0.0, "classification": "PASS-THROUGH", "note": ""}}, {"type": "Feature", "geometry": {"type": "LineString", "coordinates": [[-106.47697432998943, 31.772218097475214], [-106.4770633862753, 31.772321264110168], [-106.47728878347006, 31.77258593171292], [-106.47760945633266, 31.772942458098]]}, "properties": {"STREETNAME": "LEE", "segment_id": 27, "cross_street_a": "YANDELL", "cross_street_b": "MONTANA", "n_segments_total": 1962, "n_segments_pedestrian": 1167, "n_segments_vehicular": 795, "pct_local_of_resolved": 87.8, "n_places_excl_lessors": 1, "visits_excl_lessors": 216.0, "visits_per_traffic": 0.1101, "classification": "DESTINATION", "note": ""}}, {"type": "Feature", "geometry": {"type": "LineString", "coordinates": [[-106.47703798265833, 31.774445124971464], [-106.47711894847968, 31.77453215405233], [-106.47739863847232, 31.774857579978296], [-106.47768276432063, 31.775169028427214]]}, "properties": {"STREETNAME": "DALLAS", "segment_id": 28, "cross_street_a": "RIO GRANDE", "cross_street_b": "ARIZONA", "n_segments_total": 207, "n_segments_pedestrian": 52, "n_segments_vehicular": 155, "pct_local_of_resolved": 100.0, "n_places_excl_lessors": 0, "visits_excl_lessors": 0.0, "visits_per_traffic": 0.0, "classification": "LOCAL", "note": ""}}, {"type": "Feature", "geometry": {"type": "LineString", "coordinates": [[-106.48428593066636, 31.769780187608024], [-106.48423881411614, 31.769809948725953], [-106.48414892165252, 31.769866508909427], [-106.48405870399746, 31.76992583572924], [-106.48396768326339, 31.769985204065513], [-106.48387688596496, 31.77004180501933], [-106.48378496272282, 31.770101215887866], [-106.4836951462185, 31.770160523461723], [-106.48360362323648, 31.770219914360485], [-106.4835125252033, 31.77027653105972], [-106.48342200547214, 31.770335874383626], [-106.48333158670225, 31.77039521105807], [-106.48324088999934, 31.770451809476697], [-106.48315036981492, 31.77051115080672], [-106.48305934894854, 31.770570517544098], [-106.48296782412027, 31.770629908036277], [-106.48287702572705, 31.770686510079624], [-106.48278710919469, 31.770745824399228], [-106.48269658950095, 31.770805165357157], [-106.48260448483393, 31.77086182984645], [-106.48256048184872, 31.770891440397406]]}, "properties": {"STREETNAME": "RIO GRANDE", "segment_id": 29, "cross_street_a": "OCTAVIA", "cross_street_b": "NOBLE", "n_segments_total": 15111, "n_segments_pedestrian": 10740, "n_segments_vehicular": 4371, "pct_local_of_resolved": 89.2, "n_places_excl_lessors": 0, "visits_excl_lessors": 0.0, "visits_per_traffic": 0.0, "classification": "PASS-THROUGH", "note": ""}}, {"type": "Feature", "geometry": {"type": "LineString", "coordinates": [[-106.47639871170034, 31.77372371146646], [-106.47632411785817, 31.773774039780243], [-106.47623328865515, 31.773833389560476], [-106.47614198242704, 31.773890009580196], [-106.47605145453491, 31.773949345895147], [-106.47596044862681, 31.774005953399787], [-106.47586881802054, 31.774065343451216], [-106.47577871415947, 31.7741219073186], [-106.47568798559529, 31.774181253733058], [-106.47559725691778, 31.77424060008294], [-106.47550743156631, 31.774299904614377], [-106.47541692664355, 31.77435648623895], [-106.47532639902495, 31.774415823790267], [-106.4752364732555, 31.774475133759346], [-106.47519612525082, 31.774499062790046]]}, "properties": {"STREETNAME": "MONTANA", "segment_id": 30, "cross_street_a": "DALLAS", "cross_street_b": "(subarea edge)", "n_segments_total": 3004, "n_segments_pedestrian": 1146, "n_segments_vehicular": 1858, "pct_local_of_resolved": 96.5, "n_places_excl_lessors": 1, "visits_excl_lessors": 311.0, "visits_per_traffic": 0.1035, "classification": "DESTINATION", "note": ""}}, {"type": "Feature", "geometry": {"type": "LineString", "coordinates": [[-106.48123406161302, 31.770616634479413], [-106.4811275277641, 31.770686612816117], [-106.48103722984513, 31.770743188061207], [-106.48094721097762, 31.77080250679189], [-106.48085618722689, 31.770861869330748], [-106.48076566633355, 31.770921210744632], [-106.48067536803454, 31.77097778663417], [-106.48058454539229, 31.771037141265612], [-106.48049372269492, 31.771096496732913], [-106.48040302246193, 31.77115309140813], [-106.48031260114615, 31.771212427768216], [-106.48022220333344, 31.771269009820205], [-106.480131981954, 31.771328334787263], [-106.48002687856592, 31.77139111783525]]}, "properties": {"STREETNAME": "MONTANA", "segment_id": 31, "cross_street_a": "BROWN", "cross_street_b": "NEWMAN", "n_segments_total": 4436, "n_segments_pedestrian": 2856, "n_segments_vehicular": 1580, "pct_local_of_resolved": 94.6, "n_places_excl_lessors": 1, "visits_excl_lessors": 176.0, "visits_per_traffic": 0.0397, "classification": "DESTINATION", "note": ""}}, {"type": "Feature", "geometry": {"type": "LineString", "coordinates": [[-106.48380190264724, 31.775226753672804], [-106.48381159091522, 31.775256582737356], [-106.48382033680177, 31.775302972418494], [-106.48382044336466, 31.77541033939133], [-106.4838206602604, 31.77588937163205], [-106.48381644849829, 31.776743043883656], [-106.48381675028119, 31.77687517880417]]}, "properties": {"STREETNAME": "CIRCLE", "segment_id": 32, "cross_street_a": "(subarea edge)", "cross_street_b": "(subarea edge)", "n_segments_total": 139, "n_segments_pedestrian": 10, "n_segments_vehicular": 129, "pct_local_of_resolved": 100.0, "n_places_excl_lessors": 0, "visits_excl_lessors": 0.0, "visits_per_traffic": 0.0, "classification": "LOCAL", "note": ""}}, {"type": "Feature", "geometry": {"type": "LineString", "coordinates": [[-106.48192768497442, 31.77016148673725], [-106.48248968597017, 31.770812193128727], [-106.48256048184872, 31.770891440397406]]}, "properties": {"STREETNAME": "NOBLE", "segment_id": 33, "cross_street_a": "MONTANA", "cross_street_b": "RIO GRANDE", "n_segments_total": 2515, "n_segments_pedestrian": 1522, "n_segments_vehicular": 993, "pct_local_of_resolved": 91.5, "n_places_excl_lessors": 0, "visits_excl_lessors": 0.0, "visits_per_traffic": 0.0, "classification": "PASS-THROUGH", "note": ""}}, {"type": "Feature", "geometry": {"type": "LineString", "coordinates": [[-106.47519612525082, 31.774499062790046], [-106.47514604537812, 31.774534463752882], [-106.47505541727907, 31.774593805839725], [-106.47496531243283, 31.774650369132566], [-106.47487380344285, 31.774706999551395], [-106.47478289718723, 31.774763599637627], [-106.47469156448642, 31.774822974709497], [-106.47460075821168, 31.77487957083876], [-106.4745089235207, 31.77493896946767], [-106.47441779064805, 31.774998333087343], [-106.47432686017089, 31.775057688888513], [-106.47423655404994, 31.77511425932051], [-106.47414743106629, 31.7751735278518], [-106.4740560212276, 31.775230152957075], [-106.47398084573837, 31.775277753222525]]}, "properties": {"STREETNAME": "MONTANA", "segment_id": 34, "cross_street_a": "(subarea edge)", "cross_street_b": "(subarea edge)", "n_segments_total": 1994, "n_segments_pedestrian": 399, "n_segments_vehicular": 1595, "pct_local_of_resolved": 100.0, "n_places_excl_lessors": 0, "visits_excl_lessors": 0.0, "visits_per_traffic": 0.0, "classification": "PASS-THROUGH", "note": ""}}, {"type": "Feature", "geometry": {"type": "LineString", "coordinates": [[-106.48358152532106, 31.76683184391187], [-106.4834845046854, 31.766888739950847], [-106.4833942916671, 31.76694806808065], [-106.48330349704553, 31.767004670502814], [-106.4832123773916, 31.767064042262533], [-106.48312118090455, 31.767120662641318], [-106.48303076512245, 31.767180000982442], [-106.4829396696036, 31.767236616447608], [-106.48284955604866, 31.76729593945789], [-106.48275964165302, 31.767355253887], [-106.48266952576513, 31.767414576869637], [-106.48257920850125, 31.76747391020637], [-106.48248939489814, 31.767533218760605], [-106.48237004820211, 31.767607688130038]]}, "properties": {"STREETNAME": "WYOMING", "segment_id": 35, "cross_street_a": "ANGE", "cross_street_b": "OCTAVIA", "n_segments_total": 7501, "n_segments_pedestrian": 4921, "n_segments_vehicular": 2580, "pct_local_of_resolved": 92.2, "n_places_excl_lessors": 0, "visits_excl_lessors": 0.0, "visits_per_traffic": 0.0, "classification": "PASS-THROUGH", "note": ""}}, {"type": "Feature", "geometry": {"type": "LineString", "coordinates": [[-106.47452670394388, 31.7715848223823], [-106.47455544097562, 31.771616504942003], [-106.47462293949627, 31.77169315876667], [-106.47469094086975, 31.771769787915606], [-106.47475956918531, 31.77184363611935], [-106.47482837294235, 31.771920227320248], [-106.47489777893159, 31.77199679366764], [-106.47512418095583, 31.772272427962196]]}, "properties": {"STREETNAME": "DALLAS", "segment_id": 36, "cross_street_a": "MISSOURI", "cross_street_b": "WYOMING", "n_segments_total": 8037, "n_segments_pedestrian": 4800, "n_segments_vehicular": 3237, "pct_local_of_resolved": 82.4, "n_places_excl_lessors": 1, "visits_excl_lessors": 1482.0, "visits_per_traffic": 0.1844, "classification": "DESTINATION", "note": ""}}, {"type": "Feature", "geometry": {"type": "LineString", "coordinates": [[-106.4787463782154, 31.769942901627644], [-106.47867918629525, 31.76998462068241], [-106.47858715849343, 31.770044029961873], [-106.47849543215779, 31.77010342673426], [-106.47840342779445, 31.77016008163623], [-106.47831260451473, 31.770219434702103], [-106.47822077559297, 31.77027883610699], [-106.4781293480424, 31.77033821667358], [-106.47803822512205, 31.770397584585613], [-106.47794872901967, 31.77045412245506], [-106.47785911098082, 31.77051341733572], [-106.4777681869443, 31.77057277564424], [-106.47767728542978, 31.770629379693524], [-106.47758605747737, 31.77068875041051], [-106.47753429863766, 31.770721477758194]]}, "properties": {"STREETNAME": "WYOMING", "segment_id": 37, "cross_street_a": "NEWMAN", "cross_street_b": "LANGTRY", "n_segments_total": 4136, "n_segments_pedestrian": 2492, "n_segments_vehicular": 1644, "pct_local_of_resolved": 99.7, "n_places_excl_lessors": 0, "visits_excl_lessors": 0.0, "visits_per_traffic": 0.0, "classification": "PASS-THROUGH", "note": ""}}, {"type": "Feature", "geometry": {"type": "LineString", "coordinates": [[-106.48237004820211, 31.767607688130038], [-106.48230868521918, 31.76764913369938], [-106.4822173651116, 31.767708514165122], [-106.48212626543945, 31.76776512919901], [-106.48203585053109, 31.767824466734673], [-106.48194425002629, 31.767881106205934], [-106.481853130791, 31.767940476894434], [-106.48176261207374, 31.767999816417507], [-106.48167189314928, 31.768059168043912], [-106.4811574262892, 31.768386328048408]]}, "properties": {"STREETNAME": "WYOMING", "segment_id": 38, "cross_street_a": "OCTAVIA", "cross_street_b": "NOBLE", "n_segments_total": 4561, "n_segments_pedestrian": 3549, "n_segments_vehicular": 1012, "pct_local_of_resolved": 97.2, "n_places_excl_lessors": 0, "visits_excl_lessors": 0.0, "visits_per_traffic": 0.0, "classification": "PASS-THROUGH", "note": ""}}, {"type": "Feature", "geometry": {"type": "LineString", "coordinates": [[-106.47633281039458, 31.771491284606658], [-106.47512418095583, 31.772272427962196]]}, "properties": {"STREETNAME": "WYOMING", "segment_id": 39, "cross_street_a": "LEE", "cross_street_b": "DALLAS", "n_segments_total": 6485, "n_segments_pedestrian": 4135, "n_segments_vehicular": 2350, "pct_local_of_resolved": 84.0, "n_places_excl_lessors": 0, "visits_excl_lessors": 0.0, "visits_per_traffic": 0.0, "classification": "PASS-THROUGH", "note": ""}}, {"type": "Feature", "geometry": {"type": "LineString", "coordinates": [[-106.4842179718664, 31.76755611027693], [-106.48485432592797, 31.768280379061974]]}, "properties": {"STREETNAME": "ANGE", "segment_id": 40, "cross_street_a": "YANDELL", "cross_street_b": "MONTANA", "n_segments_total": 626, "n_segments_pedestrian": 333, "n_segments_vehicular": 293, "pct_local_of_resolved": 100.0, "n_places_excl_lessors": 0, "visits_excl_lessors": 0.0, "visits_per_traffic": 0.0, "classification": "LOCAL", "note": ""}}, {"type": "Feature", "geometry": {"type": "LineString", "coordinates": [[-106.48762696428896, 31.76990848755792], [-106.4867724412264, 31.770458245393648]]}, "properties": {"STREETNAME": "NEVADA", "segment_id": 41, "cross_street_a": "(subarea edge)", "cross_street_b": "ANGE", "n_segments_total": 324, "n_segments_pedestrian": 176, "n_segments_vehicular": 148, "pct_local_of_resolved": 100.0, "n_places_excl_lessors": 0, "visits_excl_lessors": 0.0, "visits_per_traffic": 0.0, "classification": "LOCAL", "note": ""}}, {"type": "Feature", "geometry": {"type": "LineString", "coordinates": [[-106.47492061734414, 31.7655919368554], [-106.47494189281912, 31.76561570954153], [-106.47519283739771, 31.765906705447502], [-106.47556281316493, 31.766315971811025]]}, "properties": {"STREETNAME": "NEWMAN", "segment_id": 42, "cross_street_a": "(subarea edge)", "cross_street_b": "(subarea edge)", "n_segments_total": 21, "n_segments_pedestrian": 5, "n_segments_vehicular": 16, "pct_local_of_resolved": null, "n_places_excl_lessors": 0, "visits_excl_lessors": 0.0, "visits_per_traffic": 0.0, "classification": "LOCAL", "note": ""}}, {"type": "Feature", "geometry": {"type": "LineString", "coordinates": [[-106.48358152532106, 31.76683184391187], [-106.48369188409814, 31.76695602238916], [-106.4842179718664, 31.76755611027693]]}, "properties": {"STREETNAME": "ANGE", "segment_id": 43, "cross_street_a": "WYOMING", "cross_street_b": "YANDELL", "n_segments_total": 2563, "n_segments_pedestrian": 1722, "n_segments_vehicular": 841, "pct_local_of_resolved": 97.4, "n_places_excl_lessors": 0, "visits_excl_lessors": 0.0, "visits_per_traffic": 0.0, "classification": "PASS-THROUGH", "note": ""}}, {"type": "Feature", "geometry": {"type": "LineString", "coordinates": [[-106.48485432592797, 31.768280379061974], [-106.4847582418537, 31.768345492007864], [-106.4846671228187, 31.768404863804182], [-106.48457640526323, 31.768464216544295], [-106.48448619043533, 31.76852354634449], [-106.48439517113628, 31.768582912310585], [-106.48430467712477, 31.76863950294038], [-106.4842142604616, 31.7686988393666], [-106.48412366486768, 31.76875543195146], [-106.48403264523675, 31.76881479945982], [-106.4839414486708, 31.768871421225057], [-106.48385083035215, 31.76893076871401], [-106.48375910937658, 31.7689901682698], [-106.48364555387936, 31.769056106401255]]}, "properties": {"STREETNAME": "MONTANA", "segment_id": 44, "cross_street_a": "ANGE", "cross_street_b": "OCTAVIA", "n_segments_total": 2397, "n_segments_pedestrian": 1129, "n_segments_vehicular": 1268, "pct_local_of_resolved": 97.1, "n_places_excl_lessors": 0, "visits_excl_lessors": 0.0, "visits_per_traffic": 0.0, "classification": "PASS-THROUGH", "note": ""}}, {"type": "Feature", "geometry": {"type": "LineString", "coordinates": [[-106.48364555387936, 31.769056106401255], [-106.48357769436484, 31.769106118196017], [-106.4834865739214, 31.769165490049048], [-106.4833956771006, 31.769222097220904], [-106.4833051592965, 31.769281439537725], [-106.48321433997623, 31.769340796943375], [-106.48312362067836, 31.769400149550133], [-106.48303410600246, 31.7694594442329], [-106.48294438988881, 31.769518748370697], [-106.48285437325488, 31.76957806664723], [-106.48276355336954, 31.769637423731577], [-106.48267245428187, 31.769694039005266], [-106.48258103107126, 31.76975342176077], [-106.4824899329344, 31.769810038655415], [-106.48243733948102, 31.769834549928834]]}, "properties": {"STREETNAME": "MONTANA", "segment_id": 45, "cross_street_a": "OCTAVIA", "cross_street_b": "NOBLE", "n_segments_total": 3928, "n_segments_pedestrian": 2133, "n_segments_vehicular": 1795, "pct_local_of_resolved": 71.2, "n_places_excl_lessors": 2, "visits_excl_lessors": 1022.0, "visits_per_traffic": 0.2602, "classification": "DESTINATION", "note": ""}}, {"type": "Feature", "geometry": {"type": "LineString", "coordinates": [[-106.48187005557338, 31.77133979940313], [-106.48178918796218, 31.77138491959491], [-106.48169896745085, 31.771444245644993], [-106.48160864575138, 31.77150357821503], [-106.4815179468479, 31.771560173607995], [-106.48142694648408, 31.771616784985955], [-106.48133612370052, 31.771676140126836], [-106.48124512311732, 31.77173275137514], [-106.48115349695148, 31.77179214524795], [-106.48106307643371, 31.77185148026349], [-106.4809721746628, 31.77190808753489], [-106.4808806491752, 31.771967473727774], [-106.4807900486551, 31.772024066622297], [-106.4806988223627, 31.772083439437857], [-106.48066483385794, 31.77211533005044]]}, "properties": {"STREETNAME": "RIO GRANDE", "segment_id": 46, "cross_street_a": "BROWN", "cross_street_b": "NEWMAN", "n_segments_total": 3768, "n_segments_pedestrian": 2176, "n_segments_vehicular": 1592, "pct_local_of_resolved": 95.4, "n_places_excl_lessors": 0, "visits_excl_lessors": 0.0, "visits_per_traffic": 0.0, "classification": "PASS-THROUGH", "note": ""}}, {"type": "Feature", "geometry": {"type": "LineString", "coordinates": [[-106.48783193497992, 31.768635094691383], [-106.48867743232509, 31.7680940140776]]}, "properties": {"STREETNAME": "ARIZONA", "segment_id": 47, "cross_street_a": "(subarea edge)", "cross_street_b": "(subarea edge)", "n_segments_total": 141, "n_segments_pedestrian": 38, "n_segments_vehicular": 103, "pct_local_of_resolved": 100.0, "n_places_excl_lessors": 0, "visits_excl_lessors": 0.0, "visits_per_traffic": 0.0, "classification": "LOCAL", "note": ""}}, {"type": "Feature", "geometry": {"type": "LineString", "coordinates": [[-106.4814581439365, 31.77387288002452], [-106.48105070395707, 31.774131658872037]]}, "properties": {"STREETNAME": "NEVADA", "segment_id": 48, "cross_street_a": "WRIGHT", "cross_street_b": "(subarea edge)", "n_segments_total": 26, "n_segments_pedestrian": 5, "n_segments_vehicular": 21, "pct_local_of_resolved": null, "n_places_excl_lessors": 0, "visits_excl_lessors": 0.0, "visits_per_traffic": 0.0, "classification": "LOCAL", "note": ""}}, {"type": "Feature", "geometry": {"type": "LineString", "coordinates": [[-106.48698194329764, 31.769184640375965], [-106.48719325340582, 31.769045246998108], [-106.4873763702875, 31.768929209494704], [-106.48783193497992, 31.768635094691383]]}, "properties": {"STREETNAME": "ARIZONA", "segment_id": 49, "cross_street_a": "(subarea edge)", "cross_street_b": "(subarea edge)", "n_segments_total": 125, "n_segments_pedestrian": 20, "n_segments_vehicular": 105, "pct_local_of_resolved": 100.0, "n_places_excl_lessors": 0, "visits_excl_lessors": 0.0, "visits_per_traffic": 0.0, "classification": "LOCAL", "note": ""}}, {"type": "Feature", "geometry": {"type": "LineString", "coordinates": [[-106.4814581439365, 31.77387288002452], [-106.48150257408412, 31.773972645833396], [-106.48157319014088, 31.77451718050236], [-106.48160657664296, 31.77482120046343], [-106.48161202430714, 31.774889772946537]]}, "properties": {"STREETNAME": "WRIGHT", "segment_id": 50, "cross_street_a": "NEVADA", "cross_street_b": "CALIFORNIA", "n_segments_total": 68, "n_segments_pedestrian": 18, "n_segments_vehicular": 50, "pct_local_of_resolved": 100.0, "n_places_excl_lessors": 0, "visits_excl_lessors": 0.0, "visits_per_traffic": 0.0, "classification": "LOCAL", "note": ""}}, {"type": "Feature", "geometry": {"type": "LineString", "coordinates": [[-106.48066483385794, 31.77211533005044], [-106.48130207319866, 31.77284232545571]]}, "properties": {"STREETNAME": "NEWMAN", "segment_id": 51, "cross_street_a": "RIO GRANDE", "cross_street_b": "ARIZONA", "n_segments_total": 748, "n_segments_pedestrian": 371, "n_segments_vehicular": 377, "pct_local_of_resolved": 81.5, "n_places_excl_lessors": 0, "visits_excl_lessors": 0.0, "visits_per_traffic": 0.0, "classification": "LOCAL", "note": ""}}, {"type": "Feature", "geometry": {"type": "LineString", "coordinates": [[-106.48364555387936, 31.769056106401255], [-106.4840244522954, 31.769484199683095], [-106.48428593066636, 31.769780187608024]]}, "properties": {"STREETNAME": "OCTAVIA", "segment_id": 52, "cross_street_a": "MONTANA", "cross_street_b": "RIO GRANDE", "n_segments_total": 2457, "n_segments_pedestrian": 1672, "n_segments_vehicular": 785, "pct_local_of_resolved": 92.8, "n_places_excl_lessors": 0, "visits_excl_lessors": 0.0, "visits_per_traffic": 0.0, "classification": "PASS-THROUGH", "note": ""}}, {"type": "Feature", "geometry": {"type": "LineString", "coordinates": [[-106.48056401578671, 31.767690297527363], [-106.48106475391103, 31.768283335827032], [-106.4811574262892, 31.768386328048408]]}, "properties": {"STREETNAME": "NOBLE", "segment_id": 53, "cross_street_a": "MISSOURI", "cross_street_b": "WYOMING", "n_segments_total": 2306, "n_segments_pedestrian": 1181, "n_segments_vehicular": 1125, "pct_local_of_resolved": 98.4, "n_places_excl_lessors": 1, "visits_excl_lessors": 363.0, "visits_per_traffic": 0.1574, "classification": "DESTINATION", "note": ""}}, {"type": "Feature", "geometry": {"type": "LineString", "coordinates": [[-106.48973345153627, 31.766271011278143], [-106.48968533265915, 31.766300818397827], [-106.48959452005532, 31.76636017852146], [-106.48950370745487, 31.766419540381428], [-106.48941299487343, 31.766478897437654], [-106.4893221819294, 31.76653825736727], [-106.48923018764717, 31.766594922699284], [-106.48913967598853, 31.76665426913291], [-106.48904978837247, 31.76671083281932], [-106.488958773777, 31.766770203818485], [-106.48888539873396, 31.766820479649493]]}, "properties": {"STREETNAME": "RIO GRANDE", "segment_id": 54, "cross_street_a": "(subarea edge)", "cross_street_b": "(subarea edge)", "n_segments_total": 183, "n_segments_pedestrian": 29, "n_segments_vehicular": 154, "pct_local_of_resolved": 100.0, "n_places_excl_lessors": 0, "visits_excl_lessors": 0.0, "visits_per_traffic": 0.0, "classification": "LOCAL", "note": ""}}, {"type": "Feature", "geometry": {"type": "LineString", "coordinates": [[-106.4893177408316, 31.76881807554802], [-106.4884742274039, 31.76936181929887]]}, "properties": {"STREETNAME": "NEVADA", "segment_id": 55, "cross_street_a": "(subarea edge)", "cross_street_b": "(subarea edge)", "n_segments_total": 158, "n_segments_pedestrian": 12, "n_segments_vehicular": 146, "pct_local_of_resolved": null, "n_places_excl_lessors": 0, "visits_excl_lessors": 0.0, "visits_per_traffic": 0.0, "classification": "LOCAL", "note": ""}}, {"type": "Feature", "geometry": {"type": "LineString", "coordinates": [[-106.4874648437937, 31.773368597539694], [-106.48757664534482, 31.77342938353246], [-106.48767821257535, 31.773465876307363], [-106.48776850252005, 31.77349464133491], [-106.48785909311455, 31.773523394787578]]}, "properties": {"STREETNAME": "OCTAVIA", "segment_id": 56, "cross_street_a": "CLIFF", "cross_street_b": "CLIFF", "n_segments_total": 17, "n_segments_pedestrian": 0, "n_segments_vehicular": 17, "pct_local_of_resolved": null, "n_places_excl_lessors": 0, "visits_excl_lessors": 0.0, "visits_per_traffic": 0.0, "classification": "LOCAL", "note": ""}}, {"type": "Feature", "geometry": {"type": "LineString", "coordinates": [[-106.48243733948102, 31.769834549928834], [-106.48239843303092, 31.76986667356884], [-106.48230821445799, 31.769926001877298], [-106.48221651294912, 31.76998264527685], [-106.48212599374266, 31.770041987656803], [-106.48203477124163, 31.770101361404507], [-106.48192768497442, 31.77016148673725]]}, "properties": {"STREETNAME": "MONTANA", "segment_id": 57, "cross_street_a": "NOBLE", "cross_street_b": "NOBLE", "n_segments_total": 1159, "n_segments_pedestrian": 673, "n_segments_vehicular": 486, "pct_local_of_resolved": 98.9, "n_places_excl_lessors": 0, "visits_excl_lessors": 0.0, "visits_per_traffic": 0.0, "classification": "PASS-THROUGH", "note": ""}}, {"type": "Feature", "geometry": {"type": "LineString", "coordinates": [[-106.47934470291082, 31.76847474315614], [-106.47942553141739, 31.768410357016702], [-106.47951652984486, 31.768353746066005], [-106.47960855648294, 31.768294336040633], [-106.47970058189367, 31.76823492509819], [-106.47979268375477, 31.768178264505337], [-106.47988318013036, 31.76812167880219], [-106.47997510606329, 31.768062271443057], [-106.48006723109646, 31.768002854603836], [-106.4801594573195, 31.767943434717296], [-106.48025055505546, 31.76788681941188], [-106.48034277988066, 31.7678273976416], [-106.48043420363274, 31.76776801546263], [-106.48052462159545, 31.767708678938217], [-106.48056401578671, 31.767690297527363]]}, "properties": {"STREETNAME": "MISSOURI", "segment_id": 58, "cross_street_a": "BROWN", "cross_street_b": "NOBLE", "n_segments_total": 7617, "n_segments_pedestrian": 3582, "n_segments_vehicular": 4035, "pct_local_of_resolved": 97.4, "n_places_excl_lessors": 3, "visits_excl_lessors": 6441.0, "visits_per_traffic": 0.8456, "classification": "DESTINATION", "note": ""}}, {"type": "Feature", "geometry": {"type": "LineString", "coordinates": [[-106.47818289617899, 31.771442445417204], [-106.4782534651024, 31.77152446051303], [-106.4787135683203, 31.772045090588822], [-106.47882264565243, 31.772166583048328]]}, "properties": {"STREETNAME": "LANGTRY", "segment_id": 59, "cross_street_a": "YANDELL", "cross_street_b": "MONTANA", "n_segments_total": 3645, "n_segments_pedestrian": 2021, "n_segments_vehicular": 1624, "pct_local_of_resolved": 98.8, "n_places_excl_lessors": 0, "visits_excl_lessors": 0.0, "visits_per_traffic": 0.0, "classification": "PASS-THROUGH", "note": ""}}, {"type": "Feature", "geometry": {"type": "LineString", "coordinates": [[-106.4867724412264, 31.770458245393648], [-106.48634561491471, 31.77073447842232], [-106.48556355605851, 31.771233996465337]]}, "properties": {"STREETNAME": "NEVADA", "segment_id": 60, "cross_street_a": "ANGE", "cross_street_b": "OCTAVIA", "n_segments_total": 1672, "n_segments_pedestrian": 1018, "n_segments_vehicular": 654, "pct_local_of_resolved": 100.0, "n_places_excl_lessors": 0, "visits_excl_lessors": 0.0, "visits_per_traffic": 0.0, "classification": "PASS-THROUGH", "note": ""}}, {"type": "Feature", "geometry": {"type": "LineString", "coordinates": [[-106.4757644153428, 31.772996553941546], [-106.47584912340022, 31.773091666403413], [-106.47611817782462, 31.773403830560103], [-106.47633437683595, 31.77365241533007], [-106.47639871170034, 31.77372371146646]]}, "properties": {"STREETNAME": "DALLAS", "segment_id": 61, "cross_street_a": "YANDELL", "cross_street_b": "MONTANA", "n_segments_total": 1564, "n_segments_pedestrian": 630, "n_segments_vehicular": 934, "pct_local_of_resolved": 73.0, "n_places_excl_lessors": 3, "visits_excl_lessors": 1686.0, "visits_per_traffic": 1.078, "classification": "DESTINATION", "note": ""}}, {"type": "Feature", "geometry": {"type": "LineString", "coordinates": [[-106.48492717470599, 31.770509732082427], [-106.48533714391817, 31.770980402650025], [-106.48556355605851, 31.771233996465337]]}, "properties": {"STREETNAME": "OCTAVIA", "segment_id": 62, "cross_street_a": "ARIZONA", "cross_street_b": "NEVADA", "n_segments_total": 1246, "n_segments_pedestrian": 953, "n_segments_vehicular": 293, "pct_local_of_resolved": 33.3, "n_places_excl_lessors": 1, "visits_excl_lessors": 296.0, "visits_per_traffic": 0.2376, "classification": "DESTINATION", "note": ""}}, {"type": "Feature", "geometry": {"type": "LineString", "coordinates": [[-106.4811574262892, 31.768386328048408], [-106.48094721150822, 31.768525662260785], [-106.4808556107328, 31.768582300900892], [-106.48076539347005, 31.768641628120374], [-106.48067447192726, 31.768700987651012], [-106.48058345013555, 31.768760351848986], [-106.48049245172108, 31.76881695993443], [-106.48040163114624, 31.768876316289493], [-106.48031101049577, 31.76893565951383], [-106.48022021225556, 31.76899226154301], [-106.48012909076122, 31.7690516291983], [-106.48003816948281, 31.769110988225286], [-106.47996026185528, 31.769161604730385]]}, "properties": {"STREETNAME": "WYOMING", "segment_id": 63, "cross_street_a": "NOBLE", "cross_street_b": "BROWN", "n_segments_total": 1987, "n_segments_pedestrian": 1217, "n_segments_vehicular": 770, "pct_local_of_resolved": 85.8, "n_places_excl_lessors": 0, "visits_excl_lessors": 0.0, "visits_per_traffic": 0.0, "classification": "PASS-THROUGH", "note": ""}}, {"type": "Feature", "geometry": {"type": "LineString", "coordinates": [[-106.48130207319866, 31.77284232545571], [-106.48146323618228, 31.7730246734271], [-106.48180114522823, 31.77341066272368], [-106.48193131348867, 31.773566942050476]]}, "properties": {"STREETNAME": "NEWMAN", "segment_id": 64, "cross_street_a": "ARIZONA", "cross_street_b": "NEVADA", "n_segments_total": 172, "n_segments_pedestrian": 30, "n_segments_vehicular": 142, "pct_local_of_resolved": 100.0, "n_places_excl_lessors": 0, "visits_excl_lessors": 0.0, "visits_per_traffic": 0.0, "classification": "LOCAL", "note": ""}}, {"type": "Feature", "geometry": {"type": "LineString", "coordinates": [[-106.4884742274039, 31.76936181929887], [-106.48834951556525, 31.769442056169463], [-106.48762696428896, 31.76990848755792]]}, "properties": {"STREETNAME": "NEVADA", "segment_id": 65, "cross_street_a": "(subarea edge)", "cross_street_b": "(subarea edge)", "n_segments_total": 77, "n_segments_pedestrian": 12, "n_segments_vehicular": 65, "pct_local_of_resolved": 100.0, "n_places_excl_lessors": 0, "visits_excl_lessors": 0.0, "visits_per_traffic": 0.0, "classification": "LOCAL", "note": ""}}, {"type": "Feature", "geometry": {"type": "LineString", "coordinates": [[-106.48297605820218, 31.766136393650545], [-106.48307264298005, 31.766071258243045], [-106.4831647652006, 31.766011839116256], [-106.48325656238687, 31.76595518932632], [-106.48334818166934, 31.765895794738757], [-106.48343865023317, 31.765841960764426], [-106.48353195328905, 31.765785239560792], [-106.48362583561756, 31.765731244032406], [-106.48372260664283, 31.76567986588273], [-106.4838190760555, 31.765628501013598], [-106.4838468228271, 31.76561066836704]]}, "properties": {"STREETNAME": "MISSOURI", "segment_id": 66, "cross_street_a": "ANGE", "cross_street_b": "(subarea edge)", "n_segments_total": 2004, "n_segments_pedestrian": 212, "n_segments_vehicular": 1792, "pct_local_of_resolved": 67.1, "n_places_excl_lessors": 0, "visits_excl_lessors": 0.0, "visits_per_traffic": 0.0, "classification": "PASS-THROUGH", "note": ""}}, {"type": "Feature", "geometry": {"type": "LineString", "coordinates": [[-106.48591810476343, 31.76646254750613], [-106.48597196838455, 31.76642971425711], [-106.48606255949004, 31.766373118583804], [-106.48615297272823, 31.76631377991973], [-106.48624469062032, 31.766254377665327], [-106.4863358843568, 31.766197754179196], [-106.48642700140397, 31.766138382915123], [-106.48651821618634, 31.766079004247306], [-106.48660950978211, 31.766022376729428], [-106.4866992201914, 31.76596306818446], [-106.48676213327622, 31.76591604166322]]}, "properties": {"STREETNAME": "YANDELL", "segment_id": 67, "cross_street_a": "(subarea edge)", "cross_street_b": "(subarea edge)", "n_segments_total": 250, "n_segments_pedestrian": 30, "n_segments_vehicular": 220, "pct_local_of_resolved": 95.5, "n_places_excl_lessors": 0, "visits_excl_lessors": 0.0, "visits_per_traffic": 0.0, "classification": "LOCAL", "note": ""}}, {"type": "Feature", "geometry": {"type": "LineString", "coordinates": [[-106.48890368347662, 31.771356799953043], [-106.48805110834054, 31.771900966244946]]}, "properties": {"STREETNAME": "RIVER", "segment_id": 68, "cross_street_a": "(subarea edge)", "cross_street_b": "ANGE", "n_segments_total": 119, "n_segments_pedestrian": 46, "n_segments_vehicular": 73, "pct_local_of_resolved": null, "n_places_excl_lessors": 0, "visits_excl_lessors": 0.0, "visits_per_traffic": 0.0, "classification": "LOCAL", "note": ""}}, {"type": "Feature", "geometry": {"type": "LineString", "coordinates": [[-106.47824394410841, 31.773672351381247], [-106.47815107806865, 31.77372354121741], [-106.47806105340578, 31.77378285613232], [-106.47797062812548, 31.773842190804995], [-106.47788040400994, 31.773901515002883], [-106.47779040269663, 31.77395807548589], [-106.47769957546241, 31.77401742893631], [-106.47760914961668, 31.77407676155149], [-106.47751814433964, 31.774133367440363], [-106.47742671392888, 31.774192750976166], [-106.4773354059, 31.77424937102372], [-106.47724477838591, 31.774308714690676], [-106.47715357244515, 31.774365330679455], [-106.47703798265833, 31.774445124971464]]}, "properties": {"STREETNAME": "RIO GRANDE", "segment_id": 69, "cross_street_a": "LEE", "cross_street_b": "DALLAS", "n_segments_total": 2024, "n_segments_pedestrian": 1176, "n_segments_vehicular": 848, "pct_local_of_resolved": 96.6, "n_places_excl_lessors": 2, "visits_excl_lessors": 260.0, "visits_per_traffic": 0.1285, "classification": "DESTINATION", "note": ""}}, {"type": "Feature", "geometry": {"type": "LineString", "coordinates": [[-106.4867724412264, 31.770458245393648], [-106.48741116702627, 31.77117963646553]]}, "properties": {"STREETNAME": "ANGE", "segment_id": 70, "cross_street_a": "NEVADA", "cross_street_b": "CALIFORNIA", "n_segments_total": 4880, "n_segments_pedestrian": 2775, "n_segments_vehicular": 2105, "pct_local_of_resolved": 100.0, "n_places_excl_lessors": 0, "visits_excl_lessors": 0.0, "visits_per_traffic": 0.0, "classification": "PASS-THROUGH", "note": ""}}, {"type": "Feature", "geometry": {"type": "LineString", "coordinates": [[-106.47753429863766, 31.770721477758194], [-106.47749495552654, 31.770745364690246], [-106.47740362931941, 31.770804739907028], [-106.47731272724931, 31.770861341895667], [-106.47633281039458, 31.771491284606658]]}, "properties": {"STREETNAME": "WYOMING", "segment_id": 71, "cross_street_a": "LANGTRY", "cross_street_b": "LEE", "n_segments_total": 1989, "n_segments_pedestrian": 963, "n_segments_vehicular": 1026, "pct_local_of_resolved": 95.1, "n_places_excl_lessors": 2, "visits_excl_lessors": 518.0, "visits_per_traffic": 0.2604, "classification": "DESTINATION", "note": ""}}, {"type": "Feature", "geometry": {"type": "LineString", "coordinates": [[-106.48002687856592, 31.77139111783525], [-106.47995065942064, 31.77144427747386], [-106.47986083931242, 31.77150358327223], [-106.47977023950645, 31.771560172716175], [-106.47967991655085, 31.771619504846154], [-106.47958871464175, 31.771676122600187], [-106.47949678707973, 31.771735529502916], [-106.4794046794282, 31.771792189006735], [-106.47931295197448, 31.771851587214844], [-106.47922154823416, 31.771908213318333], [-106.47913052357542, 31.771967577276907], [-106.47903962136323, 31.77202417954484], [-106.47894982285395, 31.772080732309263], [-106.47886000163619, 31.772140039203528], [-106.47882264565243, 31.772166583048328]]}, "properties": {"STREETNAME": "MONTANA", "segment_id": 72, "cross_street_a": "NEWMAN", "cross_street_b": "LANGTRY", "n_segments_total": 3721, "n_segments_pedestrian": 2117, "n_segments_vehicular": 1604, "pct_local_of_resolved": 93.8, "n_places_excl_lessors": 1, "visits_excl_lessors": 751.0, "visits_per_traffic": 0.2018, "classification": "DESTINATION", "note": ""}}, {"type": "Feature", "geometry": {"type": "LineString", "coordinates": [[-106.48284297595065, 31.774113019345773], [-106.48320807351075, 31.77452524947358], [-106.48348986282895, 31.774842301959666]]}, "properties": {"STREETNAME": "CIRCLE", "segment_id": 73, "cross_street_a": "CALIFORNIA", "cross_street_b": "RIVER", "n_segments_total": 79, "n_segments_pedestrian": 6, "n_segments_vehicular": 73, "pct_local_of_resolved": 100.0, "n_places_excl_lessors": 0, "visits_excl_lessors": 0.0, "visits_per_traffic": 0.0, "classification": "LOCAL", "note": ""}}, {"type": "Feature", "geometry": {"type": "LineString", "coordinates": [[-106.48256048184872, 31.770891440397406], [-106.48251235849904, 31.770921246613426], [-106.48242035374723, 31.77097790623618], [-106.48232885373193, 31.771034541025067], [-106.48223853281505, 31.77109387404147], [-106.48214753321032, 31.771150484132367], [-106.4820577393676, 31.771207037158817], [-106.48196842265887, 31.77126632250083], [-106.48187005557338, 31.77133979940313]]}, "properties": {"STREETNAME": "RIO GRANDE", "segment_id": 74, "cross_street_a": "NOBLE", "cross_street_b": "BROWN", "n_segments_total": 3367, "n_segments_pedestrian": 2257, "n_segments_vehicular": 1110, "pct_local_of_resolved": 87.2, "n_places_excl_lessors": 1, "visits_excl_lessors": 104.0, "visits_per_traffic": 0.0309, "classification": "DESTINATION", "note": ""}}, {"type": "Feature", "geometry": {"type": "LineString", "coordinates": [[-106.48192768497442, 31.77016148673725], [-106.48185325192637, 31.770217314511626], [-106.48176323295395, 31.770276632967956], [-106.4816721113087, 31.770336003474224], [-106.48158151369437, 31.770392594204264], [-106.48149069118158, 31.770451950431667], [-106.48139949147173, 31.77050856947987], [-106.48130866978849, 31.77056792552785], [-106.48123406161302, 31.770616634479413]]}, "properties": {"STREETNAME": "MONTANA", "segment_id": 75, "cross_street_a": "NOBLE", "cross_street_b": "BROWN", "n_segments_total": 2165, "n_segments_pedestrian": 1188, "n_segments_vehicular": 977, "pct_local_of_resolved": 97.3, "n_places_excl_lessors": 0, "visits_excl_lessors": 0.0, "visits_per_traffic": 0.0, "classification": "PASS-THROUGH", "note": ""}}, {"type": "Feature", "geometry": {"type": "LineString", "coordinates": [[-106.4757228034601, 31.77080152362366], [-106.4766976968087, 31.770171824243477], [-106.47679243582104, 31.770112286511274], [-106.47687824784938, 31.77006418371932], [-106.4769332148972, 31.770020288983186]]}, "properties": {"STREETNAME": "MISSOURI", "segment_id": 76, "cross_street_a": "LEE", "cross_street_b": "LANGTRY", "n_segments_total": 1424, "n_segments_pedestrian": 346, "n_segments_vehicular": 1078, "pct_local_of_resolved": 63.6, "n_places_excl_lessors": 0, "visits_excl_lessors": 0.0, "visits_per_traffic": 0.0, "classification": "PASS-THROUGH", "note": ""}}, {"type": "Feature", "geometry": {"type": "LineString", "coordinates": [[-106.48378152997648, 31.773507009139504], [-106.48341637381888, 31.7737390175266], [-106.48284297595065, 31.774113019345773]]}, "properties": {"STREETNAME": "CALIFORNIA", "segment_id": 77, "cross_street_a": "BROWN", "cross_street_b": "CIRCLE", "n_segments_total": 240, "n_segments_pedestrian": 72, "n_segments_vehicular": 168, "pct_local_of_resolved": null, "n_places_excl_lessors": 0, "visits_excl_lessors": 0.0, "visits_per_traffic": 0.0, "classification": "LOCAL", "note": ""}}, {"type": "Feature", "geometry": {"type": "LineString", "coordinates": [[-106.48511473460793, 31.773788109163984], [-106.4854429893605, 31.774166285077225]]}, "properties": {"STREETNAME": "NOBLE", "segment_id": 78, "cross_street_a": "RIVER", "cross_street_b": "(subarea edge)", "n_segments_total": 306, "n_segments_pedestrian": 155, "n_segments_vehicular": 151, "pct_local_of_resolved": 100.0, "n_places_excl_lessors": 0, "visits_excl_lessors": 0.0, "visits_per_traffic": 0.0, "classification": "LOCAL", "note": ""}}, {"type": "Feature", "geometry": {"type": "LineString", "coordinates": [[-106.48655255870435, 31.767186897540128], [-106.48647940365916, 31.767234408383818], [-106.4863886884111, 31.76729376331417], [-106.4862979729914, 31.767353117279402], [-106.48620758135918, 31.767409703621787], [-106.48611666538993, 31.767469066030667], [-106.48602614995887, 31.767528411230032], [-106.48593565774753, 31.767585000315144], [-106.48584464036954, 31.767644369117225], [-106.48575364732825, 31.76770098265521], [-106.48570874142392, 31.767730638032425]]}, "properties": {"STREETNAME": "MONTANA", "segment_id": 79, "cross_street_a": "(subarea edge)", "cross_street_b": "(subarea edge)", "n_segments_total": 483, "n_segments_pedestrian": 101, "n_segments_vehicular": 382, "pct_local_of_resolved": 100.0, "n_places_excl_lessors": 0, "visits_excl_lessors": 0.0, "visits_per_traffic": 0.0, "classification": "LOCAL", "note": ""}}, {"type": "Feature", "geometry": {"type": "LineString", "coordinates": [[-106.48297605820218, 31.766136393650545], [-106.48329287104455, 31.766498593879813], [-106.48358152532106, 31.76683184391187]]}, "properties": {"STREETNAME": "ANGE", "segment_id": 80, "cross_street_a": "MISSOURI", "cross_street_b": "WYOMING", "n_segments_total": 7994, "n_segments_pedestrian": 3786, "n_segments_vehicular": 4208, "pct_local_of_resolved": 81.1, "n_places_excl_lessors": 2, "visits_excl_lessors": 2981.0, "visits_per_traffic": 0.3729, "classification": "DESTINATION", "note": ""}}, {"type": "Feature", "geometry": {"type": "LineString", "coordinates": [[-106.4781446497141, 31.769258265459875], [-106.47825522060695, 31.76918972289825], [-106.47834576497185, 31.76912762714247], [-106.47843387614324, 31.769068402102356], [-106.47852459717406, 31.76900905550666], [-106.4786140377656, 31.76894701439818], [-106.47870395525878, 31.768887703819008], [-106.4787923921559, 31.768825709992516], [-106.47888301242085, 31.768766365170844], [-106.47897383495147, 31.76870701072311], [-106.47906445616061, 31.768647667523616], [-106.47915346970599, 31.7685883984058], [-106.4792435878476, 31.76852907793363], [-106.47934470291082, 31.76847474315614]]}, "properties": {"STREETNAME": "MISSOURI", "segment_id": 81, "cross_street_a": "NEWMAN", "cross_street_b": "BROWN", "n_segments_total": 1411, "n_segments_pedestrian": 457, "n_segments_vehicular": 954, "pct_local_of_resolved": 50.0, "n_places_excl_lessors": 1, "visits_excl_lessors": 172.0, "visits_per_traffic": 0.1219, "classification": "DESTINATION", "note": ""}}, {"type": "Feature", "geometry": {"type": "LineString", "coordinates": [[-106.47349280851196, 31.772234640329515], [-106.47361774800014, 31.772175603552533], [-106.47370937941994, 31.772116217692858], [-106.47379978285373, 31.77205963833036], [-106.47443040829617, 31.771649939829096], [-106.47452670394388, 31.7715848223823]]}, "properties": {"STREETNAME": "MISSOURI", "segment_id": 82, "cross_street_a": "(subarea edge)", "cross_street_b": "DALLAS", "n_segments_total": 1794, "n_segments_pedestrian": 556, "n_segments_vehicular": 1238, "pct_local_of_resolved": 73.9, "n_places_excl_lessors": 0, "visits_excl_lessors": 0.0, "visits_per_traffic": 0.0, "classification": "PASS-THROUGH", "note": ""}}, {"type": "Feature", "geometry": {"type": "LineString", "coordinates": [[-106.48384285870816, 31.77233953228332], [-106.4834599995258, 31.77258889692809], [-106.48314517857857, 31.772790993686595]]}, "properties": {"STREETNAME": "NEVADA", "segment_id": 83, "cross_street_a": "NOBLE", "cross_street_b": "BROWN", "n_segments_total": 2579, "n_segments_pedestrian": 1877, "n_segments_vehicular": 702, "pct_local_of_resolved": 100.0, "n_places_excl_lessors": 0, "visits_excl_lessors": 0.0, "visits_per_traffic": 0.0, "classification": "PASS-THROUGH", "note": ""}}, {"type": "Feature", "geometry": {"type": "LineString", "coordinates": [[-106.48805110834054, 31.771900966244946], [-106.4882740389636, 31.772151967289062], [-106.48869051111228, 31.772627828507606]]}, "properties": {"STREETNAME": "ANGE", "segment_id": 84, "cross_street_a": "RIVER", "cross_street_b": "CLIFF", "n_segments_total": 432, "n_segments_pedestrian": 293, "n_segments_vehicular": 139, "pct_local_of_resolved": null, "n_places_excl_lessors": 1, "visits_excl_lessors": 131.0, "visits_per_traffic": 0.3032, "classification": "LOCAL", "note": "hidden draw -- real visits despite low absolute traffic"}}, {"type": "Feature", "geometry": {"type": "LineString", "coordinates": [[-106.47452670394388, 31.7715848223823], [-106.4746142179464, 31.771525629299482], [-106.47505387038134, 31.771232312286457], [-106.47515174918776, 31.771169877216007], [-106.4752407912961, 31.771107856588255], [-106.4753301121692, 31.771048577658313], [-106.47542013378002, 31.7709892637669], [-106.47550985591883, 31.770929963947072], [-106.47560098198322, 31.77087059776703], [-106.4757228034601, 31.77080152362366]]}, "properties": {"STREETNAME": "MISSOURI", "segment_id": 85, "cross_street_a": "DALLAS", "cross_street_b": "LEE", "n_segments_total": 1942, "n_segments_pedestrian": 569, "n_segments_vehicular": 1373, "pct_local_of_resolved": 88.1, "n_places_excl_lessors": 0, "visits_excl_lessors": 0.0, "visits_per_traffic": 0.0, "classification": "PASS-THROUGH", "note": ""}}, {"type": "Feature", "geometry": {"type": "LineString", "coordinates": [[-106.48741116702627, 31.77117963646553], [-106.48756977592934, 31.771356593781913], [-106.48805110834054, 31.771900966244946]]}, "properties": {"STREETNAME": "ANGE", "segment_id": 86, "cross_street_a": "CALIFORNIA", "cross_street_b": "RIVER", "n_segments_total": 206, "n_segments_pedestrian": 73, "n_segments_vehicular": 133, "pct_local_of_resolved": null, "n_places_excl_lessors": 0, "visits_excl_lessors": 0.0, "visits_per_traffic": 0.0, "classification": "LOCAL", "note": ""}}, {"type": "Feature", "geometry": {"type": "LineString", "coordinates": [[-106.4861345505937, 31.769734056995595], [-106.48671169165549, 31.770389535758106], [-106.4867724412264, 31.770458245393648]]}, "properties": {"STREETNAME": "ANGE", "segment_id": 87, "cross_street_a": "ARIZONA", "cross_street_b": "NEVADA", "n_segments_total": 320, "n_segments_pedestrian": 146, "n_segments_vehicular": 174, "pct_local_of_resolved": 100.0, "n_places_excl_lessors": 0, "visits_excl_lessors": 0.0, "visits_per_traffic": 0.0, "classification": "LOCAL", "note": ""}}, {"type": "Feature", "geometry": {"type": "LineString", "coordinates": [[-106.47938692503692, 31.77066699806486], [-106.47958516029028, 31.77089164661064], [-106.47994975216824, 31.771301155907373], [-106.48002687856592, 31.77139111783525]]}, "properties": {"STREETNAME": "NEWMAN", "segment_id": 88, "cross_street_a": "YANDELL", "cross_street_b": "MONTANA", "n_segments_total": 8284, "n_segments_pedestrian": 6819, "n_segments_vehicular": 1465, "pct_local_of_resolved": 92.7, "n_places_excl_lessors": 0, "visits_excl_lessors": 0.0, "visits_per_traffic": 0.0, "classification": "PASS-THROUGH", "note": ""}}, {"type": "Feature", "geometry": {"type": "LineString", "coordinates": [[-106.48556355605851, 31.771233996465337], [-106.48596425412931, 31.77168582994784], [-106.48620338252223, 31.771955340095882]]}, "properties": {"STREETNAME": "OCTAVIA", "segment_id": 89, "cross_street_a": "NEVADA", "cross_street_b": "CALIFORNIA", "n_segments_total": 194, "n_segments_pedestrian": 77, "n_segments_vehicular": 117, "pct_local_of_resolved": 100.0, "n_places_excl_lessors": 0, "visits_excl_lessors": 0.0, "visits_per_traffic": 0.0, "classification": "LOCAL", "note": ""}}, {"type": "Feature", "geometry": {"type": "LineString", "coordinates": [[-106.4861345505937, 31.769734056995595], [-106.48619217646248, 31.769695541355723], [-106.48628389864784, 31.769636139102253], [-106.48637491777572, 31.769576771840317], [-106.4864664384065, 31.769517378978758], [-106.48655795804389, 31.76945798880286], [-106.48664817351944, 31.76939865753911], [-106.48673908989021, 31.769339293953195], [-106.486830286234, 31.76928266928852], [-106.48692140481756, 31.76922329689938], [-106.48698194329764, 31.769184640375965]]}, "properties": {"STREETNAME": "ARIZONA", "segment_id": 90, "cross_street_a": "ANGE", "cross_street_b": "(subarea edge)", "n_segments_total": 185, "n_segments_pedestrian": 80, "n_segments_vehicular": 105, "pct_local_of_resolved": 100.0, "n_places_excl_lessors": 1, "visits_excl_lessors": 55.0, "visits_per_traffic": 0.2973, "classification": "LOCAL", "note": "hidden draw -- real visits despite low absolute traffic"}}, {"type": "Feature", "geometry": {"type": "LineString", "coordinates": [[-106.48447753745913, 31.773063882144424], [-106.48468144418311, 31.77329651564351], [-106.48503132158451, 31.773692940142432], [-106.48511473460793, 31.773788109163984]]}, "properties": {"STREETNAME": "NOBLE", "segment_id": 91, "cross_street_a": "CALIFORNIA", "cross_street_b": "RIVER", "n_segments_total": 227, "n_segments_pedestrian": 63, "n_segments_vehicular": 164, "pct_local_of_resolved": 100.0, "n_places_excl_lessors": 0, "visits_excl_lessors": 0.0, "visits_per_traffic": 0.0, "classification": "LOCAL", "note": ""}}, {"type": "Feature", "geometry": {"type": "LineString", "coordinates": [[-106.48256048184872, 31.770891440397406], [-106.48319935527526, 31.771615595882253]]}, "properties": {"STREETNAME": "NOBLE", "segment_id": 92, "cross_street_a": "RIO GRANDE", "cross_street_b": "ARIZONA", "n_segments_total": 1682, "n_segments_pedestrian": 713, "n_segments_vehicular": 969, "pct_local_of_resolved": 85.2, "n_places_excl_lessors": 0, "visits_excl_lessors": 0.0, "visits_per_traffic": 0.0, "classification": "PASS-THROUGH", "note": ""}}, {"type": "Feature", "geometry": {"type": "LineString", "coordinates": [[-106.47882264565243, 31.772166583048328], [-106.47876915303277, 31.772202145883945], [-106.47867905377699, 31.772258712650245], [-106.47858923327618, 31.77231801930377], [-106.47849931135327, 31.772377328873347], [-106.47840891029875, 31.77243390969048], [-106.47831698126618, 31.772493315742665], [-106.47822617832254, 31.77254991450157], [-106.47813464856752, 31.772609301550506], [-106.47804311963554, 31.772668686682866], [-106.47795151419002, 31.772725323138346], [-106.47786038670316, 31.77278469006951], [-106.47777078799054, 31.77284123069298], [-106.47767956025633, 31.772900604025995], [-106.47760945633266, 31.772942458098]]}, "properties": {"STREETNAME": "MONTANA", "segment_id": 93, "cross_street_a": "LANGTRY", "cross_street_b": "LEE", "n_segments_total": 3231, "n_segments_pedestrian": 1455, "n_segments_vehicular": 1776, "pct_local_of_resolved": 80.5, "n_places_excl_lessors": 2, "visits_excl_lessors": 1527.0, "visits_per_traffic": 0.4726, "classification": "DESTINATION", "note": ""}}, {"type": "Feature", "geometry": {"type": "LineString", "coordinates": [[-106.48954058026098, 31.772083775110513], [-106.4893684812277, 31.772202045273712], [-106.4892767818477, 31.772258695395827], [-106.48918588545907, 31.77231530564059], [-106.4890956697948, 31.772374637644432], [-106.48900477330416, 31.772431249561247], [-106.48891247148221, 31.772487926102755], [-106.48881948878265, 31.77254188165298], [-106.48872819041591, 31.772598513277572], [-106.48869051111228, 31.772627828507606]]}, "properties": {"STREETNAME": "CLIFF", "segment_id": 94, "cross_street_a": "(subarea edge)", "cross_street_b": "ANGE", "n_segments_total": 178, "n_segments_pedestrian": 29, "n_segments_vehicular": 149, "pct_local_of_resolved": 100.0, "n_places_excl_lessors": 0, "visits_excl_lessors": 0.0, "visits_per_traffic": 0.0, "classification": "LOCAL", "note": ""}}, {"type": "Feature", "geometry": {"type": "LineString", "coordinates": [[-106.4890999605863, 31.765549383199172], [-106.48902357306834, 31.76559980084401], [-106.48893238150693, 31.7656564262257], [-106.48884166929706, 31.765715782901516], [-106.4887501770039, 31.7657724205678], [-106.4886584610262, 31.765831822797264], [-106.48856787198255, 31.76588842028863], [-106.48847665538489, 31.76594779874529], [-106.48838616842086, 31.7660043921701], [-106.48829555555308, 31.766063741918206], [-106.48824678988515, 31.76609908629025]]}, "properties": {"STREETNAME": "MONTANA", "segment_id": 95, "cross_street_a": "(subarea edge)", "cross_street_b": "(subarea edge)", "n_segments_total": 441, "n_segments_pedestrian": 59, "n_segments_vehicular": 382, "pct_local_of_resolved": 100.0, "n_places_excl_lessors": 0, "visits_excl_lessors": 0.0, "visits_per_traffic": 0.0, "classification": "LOCAL", "note": ""}}, {"type": "Feature", "geometry": {"type": "LineString", "coordinates": [[-106.48193131348867, 31.773566942050476], [-106.48154008707601, 31.773819450879216], [-106.4814581439365, 31.77387288002452]]}, "properties": {"STREETNAME": "NEVADA", "segment_id": 96, "cross_street_a": "NEWMAN", "cross_street_b": "WRIGHT", "n_segments_total": 26, "n_segments_pedestrian": 2, "n_segments_vehicular": 24, "pct_local_of_resolved": 100.0, "n_places_excl_lessors": 0, "visits_excl_lessors": 0.0, "visits_per_traffic": 0.0, "classification": "LOCAL", "note": ""}}, {"type": "Feature", "geometry": {"type": "LineString", "coordinates": [[-106.48511473460793, 31.773788109163984], [-106.48483579377083, 31.77397199431015], [-106.48442422485921, 31.77423373249836]]}, "properties": {"STREETNAME": "RIVER", "segment_id": 97, "cross_street_a": "NOBLE", "cross_street_b": "BROWN", "n_segments_total": 223, "n_segments_pedestrian": 83, "n_segments_vehicular": 140, "pct_local_of_resolved": 100.0, "n_places_excl_lessors": 0, "visits_excl_lessors": 0.0, "visits_per_traffic": 0.0, "classification": "LOCAL", "note": ""}}, {"type": "Feature", "geometry": {"type": "LineString", "coordinates": [[-106.48739915395979, 31.76664577181546], [-106.48730138927955, 31.766708215016845], [-106.48720718437986, 31.76676498343783], [-106.48711265321197, 31.766824516748894], [-106.4870213368984, 31.766883900602892], [-106.48692916271825, 31.766937815073497], [-106.48683704195368, 31.76699723684212], [-106.48674743283708, 31.76705653972095], [-106.4866588248834, 31.767115794267184], [-106.48655255870435, 31.767186897540128]]}, "properties": {"STREETNAME": "MONTANA", "segment_id": 98, "cross_street_a": "(subarea edge)", "cross_street_b": "(subarea edge)", "n_segments_total": 514, "n_segments_pedestrian": 137, "n_segments_vehicular": 377, "pct_local_of_resolved": 100.0, "n_places_excl_lessors": 0, "visits_excl_lessors": 0.0, "visits_per_traffic": 0.0, "classification": "LOCAL", "note": ""}}, {"type": "Feature", "geometry": {"type": "LineString", "coordinates": [[-106.4880327630008, 31.767364651574646], [-106.48795900670339, 31.767412191723974], [-106.48786771046855, 31.767468820257097], [-106.48777609466073, 31.767528218789113], [-106.48768578047707, 31.767587555665298], [-106.48759599224239, 31.76764411263943], [-106.48750487465708, 31.767703487388147], [-106.48741297818053, 31.767760144871982], [-106.4873225644698, 31.767819486178436], [-106.48723255211978, 31.767878806620505], [-106.4871899325886, 31.767911107497124]]}, "properties": {"STREETNAME": "RIO GRANDE", "segment_id": 99, "cross_street_a": "(subarea edge)", "cross_street_b": "(subarea edge)", "n_segments_total": 181, "n_segments_pedestrian": 56, "n_segments_vehicular": 125, "pct_local_of_resolved": 100.0, "n_places_excl_lessors": 0, "visits_excl_lessors": 0.0, "visits_per_traffic": 0.0, "classification": "LOCAL", "note": ""}}, {"type": "Feature", "geometry": {"type": "LineString", "coordinates": [[-106.48805110834054, 31.771900966244946], [-106.48724988038933, 31.772412414571107], [-106.48684231645112, 31.772676723962306]]}, "properties": {"STREETNAME": "RIVER", "segment_id": 100, "cross_street_a": "ANGE", "cross_street_b": "OCTAVIA", "n_segments_total": 174, "n_segments_pedestrian": 75, "n_segments_vehicular": 99, "pct_local_of_resolved": null, "n_places_excl_lessors": 0, "visits_excl_lessors": 0.0, "visits_per_traffic": 0.0, "classification": "LOCAL", "note": ""}}, {"type": "Feature", "geometry": {"type": "LineString", "coordinates": [[-106.4871899325886, 31.767911107497124], [-106.4871412337557, 31.767938189683502], [-106.48705144597815, 31.76799474712498], [-106.48696173381244, 31.76805405496518], [-106.48687272546223, 31.768113326731598], [-106.48678329215933, 31.768175374383638], [-106.48669310024461, 31.76823195067037], [-106.48660200496191, 31.768288570525353], [-106.4865101083771, 31.768345226408666], [-106.48641798586956, 31.768404646047156], [-106.48634066793355, 31.768457859940582]]}, "properties": {"STREETNAME": "RIO GRANDE", "segment_id": 101, "cross_street_a": "(subarea edge)", "cross_street_b": "(subarea edge)", "n_segments_total": 171, "n_segments_pedestrian": 48, "n_segments_vehicular": 123, "pct_local_of_resolved": null, "n_places_excl_lessors": 0, "visits_excl_lessors": 0.0, "visits_per_traffic": 0.0, "classification": "LOCAL", "note": ""}}, {"type": "Feature", "geometry": {"type": "LineString", "coordinates": [[-106.48785909311455, 31.773523394787578], [-106.48785477915926, 31.77355938965681], [-106.48783254672922, 31.77366230663709], [-106.48782361440074, 31.77375908899139], [-106.48781952284487, 31.77385289098759], [-106.487811329367, 31.77442868390455], [-106.48780805171835, 31.7745334590031], [-106.48780185064962, 31.77462735806125], [-106.48778069174337, 31.774721966588345], [-106.48775212465043, 31.774814172456836], [-106.48771723271992, 31.77490667663891], [-106.48767423040285, 31.77499680956494], [-106.4876232181712, 31.775084571892588], [-106.48756391646872, 31.775167217380602], [-106.48749821323834, 31.77524741344892], [-106.48742593053936, 31.77532241537217], [-106.48734846918488, 31.775392155064786], [-106.48726621283171, 31.775459370211493], [-106.4871815921691, 31.77552118726541], [-106.48709218403455, 31.775591491933604], [-106.4869514075946, 31.775683500193907], [-106.48646017037551, 31.77599030831092], [-106.48636964704242, 31.776049653551006], [-106.48627997472586, 31.7761034513043], [-106.4861868400792, 31.77616291991518], [-106.48614200905855, 31.77619532384645]]}, "properties": {"STREETNAME": "CLIFF", "segment_id": 102, "cross_street_a": "OCTAVIA", "cross_street_b": "BROWN", "n_segments_total": 277, "n_segments_pedestrian": 15, "n_segments_vehicular": 262, "pct_local_of_resolved": 33.3, "n_places_excl_lessors": 0, "visits_excl_lessors": 0.0, "visits_per_traffic": 0.0, "classification": "LOCAL", "note": ""}}, {"type": "Feature", "geometry": {"type": "LineString", "coordinates": [[-106.47916635448412, 31.77421518990232], [-106.47917562292604, 31.77429459530409], [-106.47919092706015, 31.77445630563095], [-106.47919084113246, 31.774478333772215], [-106.47919133685646, 31.774503091169443], [-106.47919223285517, 31.774527825139373], [-106.47919335301715, 31.774549799008515], [-106.47919505225737, 31.77457449502911], [-106.47919697671537, 31.774596430899194], [-106.4791994791982, 31.774621088970424], [-106.4792022057286, 31.774642985140023], [-106.4792015427748, 31.774662290128035], [-106.47920019913843, 31.774678871441818], [-106.47919825260165, 31.77469548214258], [-106.4791960831884, 31.774714856495677], [-106.47919313201255, 31.774731513756542], [-106.47918978249359, 31.77474819164317], [-106.47918582673586, 31.774764896364477], [-106.47918164921278, 31.774784365588722], [-106.47917679024278, 31.7748011156909], [-106.47917143149965, 31.77481788759767], [-106.47916556888319, 31.77483468330912], [-106.47915920549723, 31.774851501775366], [-106.47915216171822, 31.774865601069557], [-106.4791448938887, 31.77488246226434], [-106.47892777014067, 31.77535249308774], [-106.47865967058004, 31.775940560731808], [-106.47845073709543, 31.77639093159202], [-106.47831050916966, 31.776703152785284], [-106.47831017751095, 31.776730698743187], [-106.47835703320673, 31.777067119104146]]}, "properties": {"STREETNAME": "GOLDEN HILL TERRACE", "segment_id": 103, "cross_street_a": "ARIZONA", "cross_street_b": "(subarea edge)", "n_segments_total": 271, "n_segments_pedestrian": 127, "n_segments_vehicular": 144, "pct_local_of_resolved": 100.0, "n_places_excl_lessors": 0, "visits_excl_lessors": 0.0, "visits_per_traffic": 0.0, "classification": "LOCAL", "note": ""}}, {"type": "Feature", "geometry": {"type": "LineString", "coordinates": [[-106.48047556104247, 31.773371443540746], [-106.48042992932797, 31.77330752484103], [-106.48041653650837, 31.773288883123463], [-106.48030813549948, 31.77317011577231], [-106.48017598272342, 31.773011173792305], [-106.48006402270462, 31.77289807887383], [-106.48004594229923, 31.77288791980451], [-106.48002665617976, 31.772877820414923], [-106.48000654409516, 31.77287051046714], [-106.4799855286483, 31.772863243201716], [-106.47996665284343, 31.772864135112805], [-106.47994777809222, 31.77286502697132], [-106.47992880003875, 31.77286592370823], [-106.47991030432848, 31.772869550777035], [-106.47989200684628, 31.77287316937986], [-106.47987449101211, 31.772879503269152], [-106.47985765469319, 31.772888559077384], [-106.47971675236151, 31.772983315836285], [-106.4794882049947, 31.773129017508374], [-106.47928143770243, 31.77326267812369], [-106.479267489, 31.773274349641305], [-106.47925356493448, 31.77328326596549], [-106.47924001784043, 31.77329491850544], [-106.4792265945286, 31.773303812071266], [-106.47921364932365, 31.773315436171572], [-106.4792009076166, 31.773327051559267], [-106.47918846527304, 31.773338652802035], [-106.4791762240861, 31.773350241829924], [-106.47916428343359, 31.77336181846428], [-106.4791526443114, 31.773373381754865], [-106.47911159620777, 31.7734331375742], [-106.47910264546886, 31.77344732426195], [-106.47909540039234, 31.77346143217231], [-106.47909024210776, 31.773478196423387], [-106.4790867115922, 31.773492127034075], [-106.47908546709695, 31.773508704573583], [-106.47908613276485, 31.773525193675006], [-106.47910557694203, 31.773719745940163], [-106.47914022167963, 31.774040225539103], [-106.47916635448412, 31.77421518990232]]}, "properties": {"STREETNAME": "GOLDEN HILL TERRACE", "segment_id": 104, "cross_street_a": "ARIZONA", "cross_street_b": "ARIZONA", "n_segments_total": 283, "n_segments_pedestrian": 82, "n_segments_vehicular": 201, "pct_local_of_resolved": 100.0, "n_places_excl_lessors": 0, "visits_excl_lessors": 0.0, "visits_per_traffic": 0.0, "classification": "LOCAL", "note": ""}}, {"type": "Feature", "geometry": {"type": "LineString", "coordinates": [[-106.4743482193113, 31.767097393092612], [-106.47437665429185, 31.767129086327643], [-106.4745223099282, 31.76731492926374], [-106.47470142193625, 31.76753223085276], [-106.47494478973158, 31.76784951652785]]}, "properties": {"STREETNAME": "LANGTRY", "segment_id": 105, "cross_street_a": "(subarea edge)", "cross_street_b": "(subarea edge)", "n_segments_total": 22, "n_segments_pedestrian": 1, "n_segments_vehicular": 21, "pct_local_of_resolved": null, "n_places_excl_lessors": 0, "visits_excl_lessors": 0.0, "visits_per_traffic": 0.0, "classification": "LOCAL", "note": ""}}, {"type": "Feature", "geometry": {"type": "LineString", "coordinates": [[-106.48056401578671, 31.767690297527363], [-106.48061293147413, 31.76764944377701], [-106.48070455398376, 31.767590050188403], [-106.48079447005912, 31.767530739885363], [-106.48088478732055, 31.767471406036723], [-106.48097450079527, 31.767412105171246], [-106.48106610136767, 31.76735546547133], [-106.48115762329356, 31.76729607809065], [-106.4812492451804, 31.767236685011056], [-106.4813394383372, 31.767180112523], [-106.48143085861919, 31.76712072792785], [-106.48152225632198, 31.76706409836651], [-106.4816141802074, 31.767004689825733], [-106.48170346862268, 31.76694816072759], [-106.48175277023522, 31.766921050314902]]}, "properties": {"STREETNAME": "MISSOURI", "segment_id": 106, "cross_street_a": "NOBLE", "cross_street_b": "OCTAVIA", "n_segments_total": 10867, "n_segments_pedestrian": 6763, "n_segments_vehicular": 4104, "pct_local_of_resolved": 97.9, "n_places_excl_lessors": 0, "visits_excl_lessors": 0.0, "visits_per_traffic": 0.0, "classification": "PASS-THROUGH", "note": ""}}, {"type": "Feature", "geometry": {"type": "LineString", "coordinates": [[-106.48548971062735, 31.76900193589367], [-106.48570782987568, 31.76925041539486], [-106.4861345505937, 31.769734056995595]]}, "properties": {"STREETNAME": "ANGE", "segment_id": 107, "cross_street_a": "RIO GRANDE", "cross_street_b": "ARIZONA", "n_segments_total": 783, "n_segments_pedestrian": 502, "n_segments_vehicular": 281, "pct_local_of_resolved": 100.0, "n_places_excl_lessors": 0, "visits_excl_lessors": 0.0, "visits_per_traffic": 0.0, "classification": "PASS-THROUGH", "note": ""}}, {"type": "Feature", "geometry": {"type": "LineString", "coordinates": [[-106.48442422485921, 31.77423373249836], [-106.48430151129813, 31.77431387038606], [-106.48364965458276, 31.774732882425663], [-106.48348986282895, 31.774842301959666]]}, "properties": {"STREETNAME": "RIVER", "segment_id": 108, "cross_street_a": "BROWN", "cross_street_b": "CIRCLE", "n_segments_total": 88, "n_segments_pedestrian": 12, "n_segments_vehicular": 76, "pct_local_of_resolved": 100.0, "n_places_excl_lessors": 0, "visits_excl_lessors": 0.0, "visits_per_traffic": 0.0, "classification": "LOCAL", "note": ""}}, {"type": "Feature", "geometry": {"type": "LineString", "coordinates": [[-106.48175277023522, 31.766921050314902], [-106.48179468818745, 31.766888785337823], [-106.48188500433099, 31.7668294525815], [-106.4819760235187, 31.766770088329427], [-106.48206691872328, 31.7667134802934], [-106.48215683306071, 31.76665416812876], [-106.4822489564189, 31.766594749663458], [-106.48234007540404, 31.766535382218958], [-106.48243247526368, 31.76647870186874], [-106.48252196501332, 31.766422161730283], [-106.48261458981091, 31.766362721983935], [-106.48270681167901, 31.766303298503956], [-106.48279893446991, 31.7662438814424], [-106.48289073203999, 31.766187231014992], [-106.48297605820218, 31.766136393650545]]}, "properties": {"STREETNAME": "MISSOURI", "segment_id": 109, "cross_street_a": "OCTAVIA", "cross_street_b": "ANGE", "n_segments_total": 19613, "n_segments_pedestrian": 5337, "n_segments_vehicular": 14276, "pct_local_of_resolved": 80.0, "n_places_excl_lessors": 1, "visits_excl_lessors": 5855.0, "visits_per_traffic": 0.2985, "classification": "DESTINATION", "note": ""}}, {"type": "Feature", "geometry": {"type": "LineString", "coordinates": [[-106.47996026185528, 31.769161604730385], [-106.47985684989493, 31.769226929130607], [-106.47976585065919, 31.769283537598398], [-106.4796750291263, 31.76934289253536], [-106.47958410623157, 31.769402251288344], [-106.47949340824455, 31.76945884711868], [-106.4794033895717, 31.769518163911385], [-106.47931306920701, 31.769577493083], [-106.47922196823788, 31.769634107744967], [-106.47913164764975, 31.769693436788057], [-106.4790415294465, 31.769752758006447], [-106.47895123128963, 31.769809333626704], [-106.47886071020936, 31.76986867374075], [-106.4787463782154, 31.769942901627644]]}, "properties": {"STREETNAME": "WYOMING", "segment_id": 110, "cross_street_a": "BROWN", "cross_street_b": "NEWMAN", "n_segments_total": 1209, "n_segments_pedestrian": 745, "n_segments_vehicular": 464, "pct_local_of_resolved": 96.8, "n_places_excl_lessors": 0, "visits_excl_lessors": 0.0, "visits_per_traffic": 0.0, "classification": "PASS-THROUGH", "note": ""}}, {"type": "Feature", "geometry": {"type": "LineString", "coordinates": [[-106.47633281039458, 31.771491284606658], [-106.47652110123929, 31.771716408906517], [-106.47690763247842, 31.772141407850963], [-106.47697432998943, 31.772218097475214]]}, "properties": {"STREETNAME": "LEE", "segment_id": 111, "cross_street_a": "WYOMING", "cross_street_b": "YANDELL", "n_segments_total": 5243, "n_segments_pedestrian": 4271, "n_segments_vehicular": 972, "pct_local_of_resolved": 99.2, "n_places_excl_lessors": 2, "visits_excl_lessors": 2098.0, "visits_per_traffic": 0.4002, "classification": "DESTINATION", "note": ""}}, {"type": "Feature", "geometry": {"type": "LineString", "coordinates": [[-106.48161202430714, 31.774889772946537], [-106.48161701619814, 31.77495285891081], [-106.48161746753519, 31.775018911696893], [-106.48160174361271, 31.775242659844807], [-106.48153417749604, 31.7760965697281], [-106.48147071537468, 31.7769034830762]]}, "properties": {"STREETNAME": "WRIGHT", "segment_id": 112, "cross_street_a": "CALIFORNIA", "cross_street_b": "(subarea edge)", "n_segments_total": 104, "n_segments_pedestrian": 24, "n_segments_vehicular": 80, "pct_local_of_resolved": 100.0, "n_places_excl_lessors": 0, "visits_excl_lessors": 0.0, "visits_per_traffic": 0.0, "classification": "LOCAL", "note": ""}}, {"type": "Feature", "geometry": {"type": "LineString", "coordinates": [[-106.48869051111228, 31.772627828507606], [-106.4889318365693, 31.772899981392932], [-106.48949670415846, 31.773539511677797]]}, "properties": {"STREETNAME": "ANGE", "segment_id": 113, "cross_street_a": "CLIFF", "cross_street_b": "(subarea edge)", "n_segments_total": 98, "n_segments_pedestrian": 2, "n_segments_vehicular": 96, "pct_local_of_resolved": 100.0, "n_places_excl_lessors": 0, "visits_excl_lessors": 0.0, "visits_per_traffic": 0.0, "classification": "LOCAL", "note": ""}}, {"type": "Feature", "geometry": {"type": "LineString", "coordinates": [[-106.48314517857857, 31.772790993686595], [-106.48249515655908, 31.773207162390896], [-106.48220466789843, 31.773391589463152]]}, "properties": {"STREETNAME": "NEVADA", "segment_id": 114, "cross_street_a": "BROWN", "cross_street_b": "CIRCLE", "n_segments_total": 342, "n_segments_pedestrian": 87, "n_segments_vehicular": 255, "pct_local_of_resolved": 100.0, "n_places_excl_lessors": 0, "visits_excl_lessors": 0.0, "visits_per_traffic": 0.0, "classification": "LOCAL", "note": ""}}, {"type": "Feature", "geometry": {"type": "LineString", "coordinates": [[-106.47512418095583, 31.772272427962196], [-106.47539201867725, 31.77257363936683], [-106.47540990646668, 31.772594819728553], [-106.4757644153428, 31.772996553941546]]}, "properties": {"STREETNAME": "DALLAS", "segment_id": 115, "cross_street_a": "WYOMING", "cross_street_b": "YANDELL", "n_segments_total": 1815, "n_segments_pedestrian": 999, "n_segments_vehicular": 816, "pct_local_of_resolved": 91.9, "n_places_excl_lessors": 0, "visits_excl_lessors": 0.0, "visits_per_traffic": 0.0, "classification": "PASS-THROUGH", "note": ""}}, {"type": "Feature", "geometry": {"type": "LineString", "coordinates": [[-106.48220466789843, 31.773391589463152], [-106.48259631414076, 31.77383284795219], [-106.48284297595065, 31.774113019345773]]}, "properties": {"STREETNAME": "CIRCLE", "segment_id": 116, "cross_street_a": "NEVADA", "cross_street_b": "CALIFORNIA", "n_segments_total": 131, "n_segments_pedestrian": 23, "n_segments_vehicular": 108, "pct_local_of_resolved": 100.0, "n_places_excl_lessors": 0, "visits_excl_lessors": 0.0, "visits_per_traffic": 0.0, "classification": "LOCAL", "note": ""}}, {"type": "Feature", "geometry": {"type": "LineString", "coordinates": [[-106.48527595266518, 31.76573580468205], [-106.4852068385003, 31.765780371505155], [-106.4851146164197, 31.765839794166137], [-106.48502279920167, 31.765899201220446], [-106.48493200649365, 31.7659558039008], [-106.4848412914997, 31.766015157782707], [-106.4847513006852, 31.766071722400554], [-106.48466060883709, 31.76612832010259], [-106.48457122299357, 31.7661848586834], [-106.48448060757146, 31.766244205772452], [-106.48443214184384, 31.766279534457713]]}, "properties": {"STREETNAME": "WYOMING", "segment_id": 117, "cross_street_a": "(subarea edge)", "cross_street_b": "(subarea edge)", "n_segments_total": 350, "n_segments_pedestrian": 76, "n_segments_vehicular": 274, "pct_local_of_resolved": 85.4, "n_places_excl_lessors": 0, "visits_excl_lessors": 0.0, "visits_per_traffic": 0.0, "classification": "LOCAL", "note": ""}}, {"type": "Feature", "geometry": {"type": "LineString", "coordinates": [[-106.48684231645112, 31.772676723962306], [-106.48688535604593, 31.77272699756258], [-106.48738465903159, 31.773295304081564], [-106.4874648437937, 31.773368597539694]]}, "properties": {"STREETNAME": "OCTAVIA", "segment_id": 118, "cross_street_a": "RIVER", "cross_street_b": "CLIFF", "n_segments_total": 131, "n_segments_pedestrian": 19, "n_segments_vehicular": 112, "pct_local_of_resolved": 100.0, "n_places_excl_lessors": 0, "visits_excl_lessors": 0.0, "visits_per_traffic": 0.0, "classification": "LOCAL", "note": ""}}, {"type": "Feature", "geometry": {"type": "LineString", "coordinates": [[-106.48869051111228, 31.772627828507606], [-106.48863807322354, 31.77265783936873], [-106.48854916192116, 31.772717110137442], [-106.48846034959297, 31.77277637615564], [-106.4883702321815, 31.772835703858288], [-106.48824757151665, 31.772910336070932]]}, "properties": {"STREETNAME": "CLIFF", "segment_id": 119, "cross_street_a": "ANGE", "cross_street_b": "(subarea edge)", "n_segments_total": 34, "n_segments_pedestrian": 3, "n_segments_vehicular": 31, "pct_local_of_resolved": null, "n_places_excl_lessors": 0, "visits_excl_lessors": 0.0, "visits_per_traffic": 0.0, "classification": "LOCAL", "note": ""}}, {"type": "Feature", "geometry": {"type": "LineString", "coordinates": [[-106.48492717470599, 31.770509732082427], [-106.48501054248848, 31.770453478138883], [-106.48510186366356, 31.7703940984794], [-106.48519218212762, 31.770334763460582], [-106.48528257515517, 31.770278179788495], [-106.48537188892605, 31.770218893050767], [-106.48546368774798, 31.770162240947283], [-106.48555490816511, 31.77010286479879], [-106.48564552647895, 31.770043515250602], [-106.4857367262582, 31.769986891267695], [-106.48582824569132, 31.769927500764926], [-106.48592024522787, 31.7698708379102], [-106.48601106441866, 31.769811478579697], [-106.48610127963391, 31.769752149553938], [-106.4861345505937, 31.769734056995595]]}, "properties": {"STREETNAME": "ARIZONA", "segment_id": 120, "cross_street_a": "OCTAVIA", "cross_street_b": "ANGE", "n_segments_total": 2869, "n_segments_pedestrian": 2142, "n_segments_vehicular": 727, "pct_local_of_resolved": 100.0, "n_places_excl_lessors": 1, "visits_excl_lessors": 154.0, "visits_per_traffic": 0.0537, "classification": "DESTINATION", "note": ""}}, {"type": "Feature", "geometry": {"type": "LineString", "coordinates": [[-106.48220466789843, 31.773391589463152], [-106.48193131348867, 31.773566942050476]]}, "properties": {"STREETNAME": "NEVADA", "segment_id": 121, "cross_street_a": "CIRCLE", "cross_street_b": "NEWMAN", "n_segments_total": 23, "n_segments_pedestrian": 1, "n_segments_vehicular": 22, "pct_local_of_resolved": null, "n_places_excl_lessors": 0, "visits_excl_lessors": 0.0, "visits_per_traffic": 0.0, "classification": "LOCAL", "note": ""}}, {"type": "Feature", "geometry": {"type": "LineString", "coordinates": [[-106.47583493790081, 31.7752149953931], [-106.47578771575046, 31.775244756317104], [-106.47569650810154, 31.775301372165014], [-106.47560560082975, 31.775357974663102], [-106.47551356484864, 31.775417381694947], [-106.47542152992314, 31.77547679041152], [-106.47533132531069, 31.775533357715958], [-106.47523948939043, 31.77559275689459], [-106.47514896142097, 31.77565209244298], [-106.4750576280949, 31.775711467750863], [-106.47496712173471, 31.775768051732992], [-106.47487629089066, 31.775827401370965], [-106.47478646464354, 31.775886705318285], [-106.47469603531675, 31.775946037667985], [-106.47461838041362, 31.776002011963644]]}, "properties": {"STREETNAME": "RIO GRANDE", "segment_id": 122, "cross_street_a": "(subarea edge)", "cross_street_b": "(subarea edge)", "n_segments_total": 372, "n_segments_pedestrian": 74, "n_segments_vehicular": 298, "pct_local_of_resolved": 100.0, "n_places_excl_lessors": 0, "visits_excl_lessors": 0.0, "visits_per_traffic": 0.0, "classification": "LOCAL", "note": ""}}, {"type": "Feature", "geometry": {"type": "LineString", "coordinates": [[-106.48319935527526, 31.771615595882253], [-106.48329610348671, 31.771723901183716], [-106.48384285870816, 31.77233953228332]]}, "properties": {"STREETNAME": "NOBLE", "segment_id": 123, "cross_street_a": "ARIZONA", "cross_street_b": "NEVADA", "n_segments_total": 753, "n_segments_pedestrian": 329, "n_segments_vehicular": 424, "pct_local_of_resolved": 100.0, "n_places_excl_lessors": 0, "visits_excl_lessors": 0.0, "visits_per_traffic": 0.0, "classification": "PASS-THROUGH", "note": ""}}, {"type": "Feature", "geometry": {"type": "LineString", "coordinates": [[-106.4757228034601, 31.77080152362366], [-106.4758085667684, 31.770902093418584], [-106.4762683986333, 31.77141723986127], [-106.47633281039458, 31.771491284606658]]}, "properties": {"STREETNAME": "LEE", "segment_id": 124, "cross_street_a": "MISSOURI", "cross_street_b": "WYOMING", "n_segments_total": 571, "n_segments_pedestrian": 166, "n_segments_vehicular": 405, "pct_local_of_resolved": 34.1, "n_places_excl_lessors": 0, "visits_excl_lessors": 0.0, "visits_per_traffic": 0.0, "classification": "LOCAL", "note": ""}}, {"type": "Feature", "geometry": {"type": "LineString", "coordinates": [[-106.4769332148972, 31.770020288983186], [-106.4770438013141, 31.770152724037796], [-106.47724569928164, 31.77038271004004], [-106.47753429863766, 31.770721477758194]]}, "properties": {"STREETNAME": "LANGTRY", "segment_id": 125, "cross_street_a": "MISSOURI", "cross_street_b": "WYOMING", "n_segments_total": 2705, "n_segments_pedestrian": 1370, "n_segments_vehicular": 1335, "pct_local_of_resolved": 92.3, "n_places_excl_lessors": 0, "visits_excl_lessors": 0.0, "visits_per_traffic": 0.0, "classification": "PASS-THROUGH", "note": ""}}, {"type": "Feature", "geometry": {"type": "LineString", "coordinates": [[-106.48447753745913, 31.773063882144424], [-106.48431872121623, 31.7731649974223], [-106.48378152997648, 31.773507009139504]]}, "properties": {"STREETNAME": "CALIFORNIA", "segment_id": 126, "cross_street_a": "NOBLE", "cross_street_b": "BROWN", "n_segments_total": 430, "n_segments_pedestrian": 186, "n_segments_vehicular": 244, "pct_local_of_resolved": 100.0, "n_places_excl_lessors": 0, "visits_excl_lessors": 0.0, "visits_per_traffic": 0.0, "classification": "LOCAL", "note": ""}}, {"type": "Feature", "geometry": {"type": "LineString", "coordinates": [[-106.48684231645112, 31.772676723962306], [-106.48642958361157, 31.7729467827081], [-106.48542644294547, 31.773586154886093], [-106.48511473460793, 31.773788109163984]]}, "properties": {"STREETNAME": "RIVER", "segment_id": 127, "cross_street_a": "OCTAVIA", "cross_street_b": "NOBLE", "n_segments_total": 453, "n_segments_pedestrian": 138, "n_segments_vehicular": 315, "pct_local_of_resolved": 100.0, "n_places_excl_lessors": 1, "visits_excl_lessors": 83.0, "visits_per_traffic": 0.1832, "classification": "LOCAL", "note": "hidden draw -- real visits despite low absolute traffic"}}, {"type": "Feature", "geometry": {"type": "LineString", "coordinates": [[-106.48888539873396, 31.766820479649493], [-106.48877915469741, 31.76688882974676], [-106.48868783918822, 31.76694821206649], [-106.48859682314365, 31.76700758375749], [-106.48850593131391, 31.767064192743366], [-106.48841403710641, 31.76712085089798], [-106.48832312185444, 31.76718021670503], [-106.48823142658, 31.767236864401234], [-106.48814041202363, 31.767296234766253], [-106.4880327630008, 31.767364651574646]]}, "properties": {"STREETNAME": "RIO GRANDE", "segment_id": 128, "cross_street_a": "(subarea edge)", "cross_street_b": "(subarea edge)", "n_segments_total": 141, "n_segments_pedestrian": 29, "n_segments_vehicular": 112, "pct_local_of_resolved": 100.0, "n_places_excl_lessors": 0, "visits_excl_lessors": 0.0, "visits_per_traffic": 0.0, "classification": "LOCAL", "note": ""}}, {"type": "Feature", "geometry": {"type": "LineString", "coordinates": [[-106.48443214184384, 31.766279534457713], [-106.48439207671284, 31.766306209160323], [-106.48430148561367, 31.766362801822083], [-106.48421056957201, 31.76642216472533], [-106.48411944998921, 31.766481537183108], [-106.48402765380456, 31.766538186619353], [-106.48393675993555, 31.76659479602807], [-106.48384564306157, 31.76665416633973], [-106.48375582897377, 31.766713476786666], [-106.48366563763987, 31.76677005005832], [-106.48358152532106, 31.76683184391187]]}, "properties": {"STREETNAME": "WYOMING", "segment_id": 129, "cross_street_a": "(subarea edge)", "cross_street_b": "ANGE", "n_segments_total": 3937, "n_segments_pedestrian": 2430, "n_segments_vehicular": 1507, "pct_local_of_resolved": 99.2, "n_places_excl_lessors": 0, "visits_excl_lessors": 0.0, "visits_per_traffic": 0.0, "classification": "PASS-THROUGH", "note": ""}}, {"type": "Feature", "geometry": {"type": "LineString", "coordinates": [[-106.48002687856592, 31.77139111783525], [-106.48017309181708, 31.77156040805025], [-106.48052268882718, 31.771951352542708], [-106.48066483385794, 31.77211533005044]]}, "properties": {"STREETNAME": "NEWMAN", "segment_id": 130, "cross_street_a": "MONTANA", "cross_street_b": "RIO GRANDE", "n_segments_total": 1049, "n_segments_pedestrian": 434, "n_segments_vehicular": 615, "pct_local_of_resolved": 44.8, "n_places_excl_lessors": 1, "visits_excl_lessors": 379.0, "visits_per_traffic": 0.3613, "classification": "DESTINATION", "note": ""}}, {"type": "Feature", "geometry": {"type": "LineString", "coordinates": [[-106.48066483385794, 31.77211533005044], [-106.48060840140049, 31.772142775931908], [-106.4805177002372, 31.77219937066382], [-106.48042657386205, 31.77225874035336], [-106.48033564958445, 31.7723180977126], [-106.48024454653898, 31.772374712128748], [-106.48015512957056, 31.772434000832245], [-106.48006340073742, 31.77249339690239], [-106.47997217471116, 31.772552770949112], [-106.47988125004336, 31.772612130685722], [-106.47979014638699, 31.77266874387693], [-106.47969942177363, 31.772728094020643], [-106.47960852034358, 31.772784698420036], [-106.4795175941726, 31.772844057947143], [-106.47942566432388, 31.77290346392177], [-106.47933433625339, 31.772962841392715], [-106.4793036180981, 31.77298293592402]]}, "properties": {"STREETNAME": "RIO GRANDE", "segment_id": 131, "cross_street_a": "NEWMAN", "cross_street_b": "(subarea edge)", "n_segments_total": 613, "n_segments_pedestrian": 115, "n_segments_vehicular": 498, "pct_local_of_resolved": 95.7, "n_places_excl_lessors": 1, "visits_excl_lessors": 30.0, "visits_per_traffic": 0.0489, "classification": "LOCAL", "note": "hidden draw -- real visits despite low absolute traffic"}}, {"type": "Feature", "geometry": {"type": "LineString", "coordinates": [[-106.4769332148972, 31.770020288983186], [-106.47697276482424, 31.770007410357778], [-106.47707320334175, 31.7699503554361], [-106.47716520940736, 31.76989370232004], [-106.47725663602039, 31.769834321569434], [-106.47734793862537, 31.76977769882739], [-106.47743775867053, 31.76971839472235], [-106.47752936146553, 31.769661757661193], [-106.47762068754979, 31.769602382279892], [-106.4777099806062, 31.76954585327612], [-106.47780150773444, 31.76948646735499], [-106.47789223049674, 31.76942711935883], [-106.47798415682884, 31.76936771353519], [-106.47807377581739, 31.76930841844239], [-106.4781446497141, 31.769258265459875]]}, "properties": {"STREETNAME": "MISSOURI", "segment_id": 132, "cross_street_a": "LANGTRY", "cross_street_b": "NEWMAN", "n_segments_total": 2144, "n_segments_pedestrian": 678, "n_segments_vehicular": 1466, "pct_local_of_resolved": 56.1, "n_places_excl_lessors": 0, "visits_excl_lessors": 0.0, "visits_per_traffic": 0.0, "classification": "PASS-THROUGH", "note": ""}}, {"type": "Feature", "geometry": {"type": "LineString", "coordinates": [[-106.48620338252223, 31.771955340095882], [-106.48650236040129, 31.772293600367867], [-106.48684231645112, 31.772676723962306]]}, "properties": {"STREETNAME": "OCTAVIA", "segment_id": 133, "cross_street_a": "CALIFORNIA", "cross_street_b": "RIVER", "n_segments_total": 82, "n_segments_pedestrian": 7, "n_segments_vehicular": 75, "pct_local_of_resolved": null, "n_places_excl_lessors": 0, "visits_excl_lessors": 0.0, "visits_per_traffic": 0.0, "classification": "LOCAL", "note": ""}}, {"type": "Feature", "geometry": {"type": "LineString", "coordinates": [[-106.47512418095583, 31.772272427962196], [-106.47460452425669, 31.77260255935469], [-106.47391738704005, 31.773047966041947]]}, "properties": {"STREETNAME": "WYOMING", "segment_id": 134, "cross_street_a": "DALLAS", "cross_street_b": "(subarea edge)", "n_segments_total": 1297, "n_segments_pedestrian": 372, "n_segments_vehicular": 925, "pct_local_of_resolved": 100.0, "n_places_excl_lessors": 0, "visits_excl_lessors": 0.0, "visits_per_traffic": 0.0, "classification": "PASS-THROUGH", "note": ""}}, {"type": "Feature", "geometry": {"type": "LineString", "coordinates": [[-106.48181070843518, 31.76911256550586], [-106.48243733948102, 31.769834549928834]]}, "properties": {"STREETNAME": "NOBLE", "segment_id": 135, "cross_street_a": "YANDELL", "cross_street_b": "MONTANA", "n_segments_total": 3677, "n_segments_pedestrian": 2926, "n_segments_vehicular": 751, "pct_local_of_resolved": 95.6, "n_places_excl_lessors": 0, "visits_excl_lessors": 0.0, "visits_per_traffic": 0.0, "classification": "PASS-THROUGH", "note": ""}}, {"type": "Feature", "geometry": {"type": "LineString", "coordinates": [[-106.47703798265833, 31.774445124971464], [-106.4769697057381, 31.774484140103933], [-106.47687827552645, 31.77454352049513], [-106.47678907730447, 31.77460004228754], [-106.47669774706846, 31.774659418720546], [-106.47660691953564, 31.774718771342688], [-106.4765161898064, 31.774778117469577], [-106.47642515860049, 31.774837479569733], [-106.47633495730052, 31.774894047484036], [-106.47624392692445, 31.77495340940502], [-106.47615302025335, 31.77501001139254], [-106.4760611853524, 31.775069411162885], [-106.47596977663774, 31.77512603581284], [-106.47587884700778, 31.775185392694755], [-106.47583493790081, 31.7752149953931]]}, "properties": {"STREETNAME": "RIO GRANDE", "segment_id": 136, "cross_street_a": "DALLAS", "cross_street_b": "(subarea edge)", "n_segments_total": 469, "n_segments_pedestrian": 112, "n_segments_vehicular": 357, "pct_local_of_resolved": 100.0, "n_places_excl_lessors": 0, "visits_excl_lessors": 0.0, "visits_per_traffic": 0.0, "classification": "LOCAL", "note": ""}}, {"type": "Feature", "geometry": {"type": "LineString", "coordinates": [[-106.4842179718664, 31.76755611027693], [-106.48433380065539, 31.76748180368864], [-106.4844243172155, 31.76742246146566], [-106.48451440840819, 31.76736588971667], [-106.48460512507066, 31.767306538795292], [-106.48469601816824, 31.76724992898564], [-106.48478824182055, 31.767190505753344], [-106.48487943621072, 31.767133882457294], [-106.48497155745265, 31.767074464828166], [-106.48506964797302, 31.767009255829162]]}, "properties": {"STREETNAME": "YANDELL", "segment_id": 137, "cross_street_a": "ANGE", "cross_street_b": "(subarea edge)", "n_segments_total": 1333, "n_segments_pedestrian": 727, "n_segments_vehicular": 606, "pct_local_of_resolved": 98.3, "n_places_excl_lessors": 0, "visits_excl_lessors": 0.0, "visits_per_traffic": 0.0, "classification": "PASS-THROUGH", "note": ""}}, {"type": "Feature", "geometry": {"type": "LineString", "coordinates": [[-106.48824678988515, 31.76609908629025], [-106.48820416074037, 31.766120376355733], [-106.48811425284852, 31.76617969350927], [-106.4880241404221, 31.766239021175295], [-106.48793342814298, 31.76629837715502], [-106.48782106137001, 31.76637152075348], [-106.48775471197592, 31.766416958951197], [-106.48766510292508, 31.766476262524897], [-106.48757589523028, 31.76653554523421], [-106.48747782926901, 31.766598001932934], [-106.48739915395979, 31.76664577181546]]}, "properties": {"STREETNAME": "MONTANA", "segment_id": 138, "cross_street_a": "(subarea edge)", "cross_street_b": "(subarea edge)", "n_segments_total": 363, "n_segments_pedestrian": 66, "n_segments_vehicular": 297, "pct_local_of_resolved": 90.5, "n_places_excl_lessors": 0, "visits_excl_lessors": 0.0, "visits_per_traffic": 0.0, "classification": "LOCAL", "note": ""}}, {"type": "Feature", "geometry": {"type": "LineString", "coordinates": [[-106.47818289617899, 31.771442445417204], [-106.47829983312619, 31.771368114086634], [-106.47851996795006, 31.771224173815277], [-106.47887854669348, 31.77099488883229], [-106.47896272917382, 31.770940627379293], [-106.47920084862858, 31.770789283931048], [-106.47921909452579, 31.770777769763246], [-106.47928554108572, 31.770734821114594], [-106.47933900204343, 31.770699715638987], [-106.47938692503692, 31.77066699806486]]}, "properties": {"STREETNAME": "YANDELL", "segment_id": 139, "cross_street_a": "LANGTRY", "cross_street_b": "NEWMAN", "n_segments_total": 1047, "n_segments_pedestrian": 518, "n_segments_vehicular": 529, "pct_local_of_resolved": 95.8, "n_places_excl_lessors": 1, "visits_excl_lessors": 70.0, "visits_per_traffic": 0.0669, "classification": "DESTINATION", "note": ""}}, {"type": "Feature", "geometry": {"type": "LineString", "coordinates": [[-106.48187005557338, 31.77133979940313], [-106.48194072768233, 31.77142180687017], [-106.48200803174524, 31.77149846633889], [-106.4820753359167, 31.77157512577057], [-106.48214444701928, 31.771651701565165], [-106.4822133341065, 31.771731036529054], [-106.48228124066814, 31.771807670098074], [-106.48234944857575, 31.771884285776842], [-106.48241813584205, 31.7719636318933], [-106.48250882778503, 31.772063964633244]]}, "properties": {"STREETNAME": "BROWN", "segment_id": 140, "cross_street_a": "RIO GRANDE", "cross_street_b": "ARIZONA", "n_segments_total": 3859, "n_segments_pedestrian": 2466, "n_segments_vehicular": 1393, "pct_local_of_resolved": 75.8, "n_places_excl_lessors": 0, "visits_excl_lessors": 0.0, "visits_per_traffic": 0.0, "classification": "PASS-THROUGH", "note": ""}}, {"type": "Feature", "geometry": {"type": "LineString", "coordinates": [[-106.47934470291082, 31.76847474315614], [-106.47963293337547, 31.76878599629979], [-106.47990095983617, 31.76910095397656], [-106.47996026185528, 31.769161604730385]]}, "properties": {"STREETNAME": "BROWN", "segment_id": 141, "cross_street_a": "MISSOURI", "cross_street_b": "WYOMING", "n_segments_total": 3728, "n_segments_pedestrian": 1876, "n_segments_vehicular": 1852, "pct_local_of_resolved": 98.1, "n_places_excl_lessors": 1, "visits_excl_lessors": 1734.0, "visits_per_traffic": 0.4651, "classification": "DESTINATION", "note": ""}}, {"type": "Feature", "geometry": {"type": "LineString", "coordinates": [[-106.48181070843518, 31.76911256550586], [-106.48188981358409, 31.76906202311531], [-106.48197872562001, 31.76900275680887], [-106.48206904377433, 31.76894342577493], [-106.48215956302401, 31.768884083359225], [-106.48225056045145, 31.76882747320977], [-106.48233987363805, 31.76876818766748], [-106.4824312958766, 31.76870880235689], [-106.48252179013224, 31.768652214881413], [-106.48261250915031, 31.768592863577172], [-106.48270390861884, 31.76853623316912], [-106.4827944270843, 31.768476890302583], [-106.48288692787473, 31.76842020859075], [-106.48297754625017, 31.76836086086029], [-106.48301118732945, 31.76833449309555]]}, "properties": {"STREETNAME": "YANDELL", "segment_id": 142, "cross_street_a": "NOBLE", "cross_street_b": "OCTAVIA", "n_segments_total": 5517, "n_segments_pedestrian": 3731, "n_segments_vehicular": 1786, "pct_local_of_resolved": 90.9, "n_places_excl_lessors": 1, "visits_excl_lessors": 587.0, "visits_per_traffic": 0.1064, "classification": "DESTINATION", "note": ""}}, {"type": "Feature", "geometry": {"type": "LineString", "coordinates": [[-106.48572590272852, 31.775711178314154], [-106.48576884091472, 31.775761457959952], [-106.48583582842814, 31.775840885519415], [-106.48590323884727, 31.775917537205107], [-106.48597153042958, 31.775996901217162], [-106.4860392406181, 31.776073541370064], [-106.48610652888934, 31.77615295277027], [-106.48614200905855, 31.77619532384645]]}, "properties": {"STREETNAME": "BROWN", "segment_id": 143, "cross_street_a": "(subarea edge)", "cross_street_b": "CLIFF", "n_segments_total": 127, "n_segments_pedestrian": 11, "n_segments_vehicular": 116, "pct_local_of_resolved": null, "n_places_excl_lessors": 0, "visits_excl_lessors": 0.0, "visits_per_traffic": 0.0, "classification": "LOCAL", "note": ""}}, {"type": "Feature", "geometry": {"type": "LineString", "coordinates": [[-106.47831357313859, 31.77476205174764], [-106.47839662359229, 31.774708573314978], [-106.4784862453103, 31.77464927906246], [-106.4785762466892, 31.77459271541233], [-106.47866607163131, 31.774533411422585], [-106.47875709915448, 31.774474049649395], [-106.47884760208385, 31.774417463904918], [-106.47893800376826, 31.774360883777575], [-106.47902742547559, 31.77430159675561], [-106.47911903179941, 31.77424495957828], [-106.47916635448412, 31.77421518990232]]}, "properties": {"STREETNAME": "ARIZONA", "segment_id": 144, "cross_street_a": "(subarea edge)", "cross_street_b": "GOLDEN HILL TERRACE", "n_segments_total": 4591, "n_segments_pedestrian": 3424, "n_segments_vehicular": 1167, "pct_local_of_resolved": 100.0, "n_places_excl_lessors": 0, "visits_excl_lessors": 0.0, "visits_per_traffic": 0.0, "classification": "PASS-THROUGH", "note": ""}}, {"type": "Feature", "geometry": {"type": "LineString", "coordinates": [[-106.47347934289998, 31.77446722964895], [-106.47353223558298, 31.774431693876277], [-106.47362294192453, 31.774375103208992], [-106.47371467665755, 31.774315712620204], [-106.47380580709006, 31.774256347775232], [-106.47389543329595, 31.7741970556718], [-106.47398583766086, 31.77414047807704], [-106.47407727034621, 31.77408109965753], [-106.47416779953826, 31.77402176381759], [-106.47425930834736, 31.773965134780138], [-106.47434863240181, 31.773905854788808], [-106.47443983957264, 31.77384924075446], [-106.47455506004687, 31.773777724703155]]}, "properties": {"STREETNAME": "YANDELL", "segment_id": 145, "cross_street_a": "(subarea edge)", "cross_street_b": "(subarea edge)", "n_segments_total": 460, "n_segments_pedestrian": 49, "n_segments_vehicular": 411, "pct_local_of_resolved": 100.0, "n_places_excl_lessors": 0, "visits_excl_lessors": 0.0, "visits_per_traffic": 0.0, "classification": "LOCAL", "note": ""}}, {"type": "Feature", "geometry": {"type": "LineString", "coordinates": [[-106.47996026185528, 31.769161604730385], [-106.48004289138106, 31.769253927855658], [-106.4801055746454, 31.76933080838497], [-106.48016853568137, 31.769410426180745], [-106.4802353105447, 31.769489865531533], [-106.48030381554794, 31.769566468155432], [-106.48037222280843, 31.769643078074928], [-106.48044153234382, 31.769719643516297], [-106.48051053947347, 31.769796223214605], [-106.48058967423556, 31.769886089919765]]}, "properties": {"STREETNAME": "BROWN", "segment_id": 146, "cross_street_a": "WYOMING", "cross_street_b": "YANDELL", "n_segments_total": 1321, "n_segments_pedestrian": 774, "n_segments_vehicular": 547, "pct_local_of_resolved": 100.0, "n_places_excl_lessors": 0, "visits_excl_lessors": 0.0, "visits_per_traffic": 0.0, "classification": "PASS-THROUGH", "note": ""}}, {"type": "Feature", "geometry": {"type": "LineString", "coordinates": [[-106.48250882778503, 31.772063964633244], [-106.48255878092161, 31.77203131883146], [-106.48264869998349, 31.771972006450554], [-106.48273881803951, 31.771912682787235], [-106.4828296176282, 31.771856079966916], [-106.48292074217437, 31.77179670948682], [-106.48301244501397, 31.771740065631654], [-106.48310467079749, 31.771680642044576], [-106.48319935527526, 31.771615595882253]]}, "properties": {"STREETNAME": "ARIZONA", "segment_id": 147, "cross_street_a": "BROWN", "cross_street_b": "NOBLE", "n_segments_total": 1682, "n_segments_pedestrian": 712, "n_segments_vehicular": 970, "pct_local_of_resolved": 95.5, "n_places_excl_lessors": 0, "visits_excl_lessors": 0.0, "visits_per_traffic": 0.0, "classification": "PASS-THROUGH", "note": ""}}, {"type": "Feature", "geometry": {"type": "LineString", "coordinates": [[-106.47697432998943, 31.772218097475214], [-106.47706555668805, 31.77215872827223], [-106.47715668506707, 31.77209936093243], [-106.47724781239464, 31.772039995378282], [-106.47733871551432, 31.771983391660054], [-106.47743014303346, 31.77192401178644], [-106.47752124521533, 31.771867399428942], [-106.47761187128268, 31.77180805546295], [-106.47770359981591, 31.771748659352596], [-106.47779480496756, 31.77169204192046], [-106.47788422276868, 31.771632755721054], [-106.477975626866, 31.771576127848647], [-106.47806705570355, 31.77151674741877], [-106.47818289617899, 31.771442445417204]]}, "properties": {"STREETNAME": "YANDELL", "segment_id": 148, "cross_street_a": "LEE", "cross_street_b": "LANGTRY", "n_segments_total": 5964, "n_segments_pedestrian": 4342, "n_segments_vehicular": 1622, "pct_local_of_resolved": 99.6, "n_places_excl_lessors": 0, "visits_excl_lessors": 0.0, "visits_per_traffic": 0.0, "classification": "PASS-THROUGH", "note": ""}}, {"type": "Feature", "geometry": {"type": "LineString", "coordinates": [[-106.47768276432063, 31.775169028427214], [-106.47776425519935, 31.77511011605555], [-106.47785586410949, 31.775053479735078], [-106.47794707023402, 31.77499686236924], [-106.47803777448591, 31.77494026863933], [-106.47812890392902, 31.774880901634205], [-106.47821790338399, 31.77482438739096], [-106.47831357313859, 31.77476205174764]]}, "properties": {"STREETNAME": "ARIZONA", "segment_id": 149, "cross_street_a": "DALLAS", "cross_street_b": "(subarea edge)", "n_segments_total": 343, "n_segments_pedestrian": 115, "n_segments_vehicular": 228, "pct_local_of_resolved": 100.0, "n_places_excl_lessors": 0, "visits_excl_lessors": 0.0, "visits_per_traffic": 0.0, "classification": "LOCAL", "note": ""}}, {"type": "Feature", "geometry": {"type": "LineString", "coordinates": [[-106.4757644153428, 31.772996553941546], [-106.47579700695856, 31.772975744055373], [-106.47588753408209, 31.772916407894567], [-106.47597805992196, 31.77285706991825], [-106.47606876429984, 31.772800476562097], [-106.47615999311911, 31.772741107056778], [-106.47625102037436, 31.77268174519277], [-106.47634142300772, 31.77262516677975], [-106.47643124730983, 31.772565861584283], [-106.47652185006287, 31.772509274485905], [-106.47661297700945, 31.772449907634325], [-106.47670380354066, 31.772390556706345], [-106.4767945070411, 31.77233396283435], [-106.47688503298875, 31.772274626865684], [-106.47697432998943, 31.772218097475214]]}, "properties": {"STREETNAME": "YANDELL", "segment_id": 150, "cross_street_a": "DALLAS", "cross_street_b": "LEE", "n_segments_total": 4724, "n_segments_pedestrian": 3185, "n_segments_vehicular": 1539, "pct_local_of_resolved": 99.0, "n_places_excl_lessors": 1, "visits_excl_lessors": 1049.0, "visits_per_traffic": 0.2221, "classification": "DESTINATION", "note": ""}}, {"type": "Feature", "geometry": {"type": "LineString", "coordinates": [[-106.47455506004687, 31.773777724703155], [-106.47461999134835, 31.773730609442033], [-106.47471069742701, 31.773674017951745], [-106.47480102338783, 31.77361469031653], [-106.47489125026576, 31.77355536909631], [-106.474982180007, 31.77349601281632], [-106.47507288465026, 31.773439422018843], [-106.47516391430757, 31.773380060881205], [-106.47525522174085, 31.773323442386722], [-106.47534504621024, 31.773264136205608], [-106.47543545005352, 31.773207560235488], [-106.4755260540113, 31.773150973844174], [-106.47561515142593, 31.773094456712695], [-106.47570668117277, 31.7730350724461], [-106.4757644153428, 31.772996553941546]]}, "properties": {"STREETNAME": "YANDELL", "segment_id": 151, "cross_street_a": "(subarea edge)", "cross_street_b": "DALLAS", "n_segments_total": 783, "n_segments_pedestrian": 243, "n_segments_vehicular": 540, "pct_local_of_resolved": 96.5, "n_places_excl_lessors": 0, "visits_excl_lessors": 0.0, "visits_per_traffic": 0.0, "classification": "PASS-THROUGH", "note": ""}}, {"type": "Feature", "geometry": {"type": "LineString", "coordinates": [[-106.48506552231805, 31.774960519026386], [-106.48515208114333, 31.775063798658998], [-106.48522009253986, 31.775140424958984], [-106.48528800472481, 31.775217052305145], [-106.48535659583263, 31.77529640425502], [-106.48542521034612, 31.775372999224377], [-106.48549470489353, 31.775452305671994], [-106.4855638226837, 31.77552888038587], [-106.48563283915537, 31.775605456244815], [-106.48570075106811, 31.775682085212544], [-106.48572590272852, 31.775711178314154]]}, "properties": {"STREETNAME": "BROWN", "segment_id": 152, "cross_street_a": "(subarea edge)", "cross_street_b": "(subarea edge)", "n_segments_total": 345, "n_segments_pedestrian": 44, "n_segments_vehicular": 301, "pct_local_of_resolved": 100.0, "n_places_excl_lessors": 0, "visits_excl_lessors": 0.0, "visits_per_traffic": 0.0, "classification": "LOCAL", "note": ""}}, {"type": "Feature", "geometry": {"type": "LineString", "coordinates": [[-106.48130207319866, 31.77284232545571], [-106.4813868278773, 31.772788763469], [-106.48147714994101, 31.772729432032996], [-106.48156694550941, 31.77267287854018], [-106.48165666540206, 31.772613574524193], [-106.48174658563627, 31.772554263680266], [-106.4818371860339, 31.772497669231484], [-106.48192810954541, 31.772438310827972], [-106.48201840637817, 31.772381734201726], [-106.48210912921256, 31.77232238243429], [-106.48219942787728, 31.772265804679865], [-106.48228994915605, 31.772206462300463], [-106.48237833975324, 31.772149975506196], [-106.48246906214158, 31.772090623482597], [-106.48250882778503, 31.772063964633244]]}, "properties": {"STREETNAME": "ARIZONA", "segment_id": 153, "cross_street_a": "NEWMAN", "cross_street_b": "BROWN", "n_segments_total": 2694, "n_segments_pedestrian": 1670, "n_segments_vehicular": 1024, "pct_local_of_resolved": 97.5, "n_places_excl_lessors": 1, "visits_excl_lessors": 201.0, "visits_per_traffic": 0.0746, "classification": "DESTINATION", "note": ""}}, {"type": "Feature", "geometry": {"type": "LineString", "coordinates": [[-106.48301118732945, 31.76833449309555], [-106.48306844249629, 31.768304253961286], [-106.48315946224058, 31.76824488711508], [-106.48324917707582, 31.768185583700046], [-106.483339313754, 31.768123507136274], [-106.48342800238318, 31.768067004335997], [-106.48351831862674, 31.768007670474084], [-106.48360923673422, 31.76794830989195], [-106.48370065739087, 31.76788892367113], [-106.48379135143243, 31.767832325776116], [-106.4838828720562, 31.76777293559051], [-106.48397409210499, 31.767713558643177], [-106.48406428303831, 31.767656984328056], [-106.48415439822709, 31.76759765948526], [-106.4842179718664, 31.76755611027693]]}, "properties": {"STREETNAME": "YANDELL", "segment_id": 154, "cross_street_a": "OCTAVIA", "cross_street_b": "ANGE", "n_segments_total": 7717, "n_segments_pedestrian": 4690, "n_segments_vehicular": 3027, "pct_local_of_resolved": 95.8, "n_places_excl_lessors": 0, "visits_excl_lessors": 0.0, "visits_per_traffic": 0.0, "classification": "PASS-THROUGH", "note": ""}}, {"type": "Feature", "geometry": {"type": "LineString", "coordinates": [[-106.48123406161302, 31.770616634479413], [-106.48126163731288, 31.77064723425178], [-106.48133062547207, 31.77072656938397], [-106.48139742470097, 31.77080325300267], [-106.48146445099651, 31.77087717182442], [-106.48153303577931, 31.770956525923314], [-106.48160184429463, 31.77103311267112], [-106.48166995324392, 31.771109736063902], [-106.48173765630634, 31.771186375898807], [-106.4818050387147, 31.771265784890986], [-106.48187005557338, 31.77133979940313]]}, "properties": {"STREETNAME": "BROWN", "segment_id": 155, "cross_street_a": "MONTANA", "cross_street_b": "RIO GRANDE", "n_segments_total": 2320, "n_segments_pedestrian": 1227, "n_segments_vehicular": 1093, "pct_local_of_resolved": 99.8, "n_places_excl_lessors": 0, "visits_excl_lessors": 0.0, "visits_per_traffic": 0.0, "classification": "PASS-THROUGH", "note": ""}}, {"type": "Feature", "geometry": {"type": "LineString", "coordinates": [[-106.4752564492298, 31.776723488599018], [-106.47531817648805, 31.776687538664248], [-106.47540820450226, 31.776628224862552], [-106.47549833477278, 31.776568907970404], [-106.47558974503983, 31.7765122818825], [-106.47567997406006, 31.776452958382286], [-106.47576977659688, 31.776396408969863], [-106.47586111019451, 31.776337034078956], [-106.47595093619672, 31.776277729400828], [-106.47604134242965, 31.776221151276054], [-106.4761314708647, 31.77616183398592], [-106.47622227739485, 31.776105235917203], [-106.47631320780697, 31.776045880617986], [-106.47640423918631, 31.775986518674024], [-106.4764905347018, 31.775941145891235]]}, "properties": {"STREETNAME": "ARIZONA", "segment_id": 156, "cross_street_a": "(subarea edge)", "cross_street_b": "CLIFF", "n_segments_total": 194, "n_segments_pedestrian": 41, "n_segments_vehicular": 153, "pct_local_of_resolved": 100.0, "n_places_excl_lessors": 0, "visits_excl_lessors": 0.0, "visits_per_traffic": 0.0, "classification": "LOCAL", "note": ""}}, {"type": "Feature", "geometry": {"type": "LineString", "coordinates": [[-106.48314517857857, 31.772790993686595], [-106.48316796414788, 31.772814695550455], [-106.48323727713648, 31.772891258557927], [-106.48330656899297, 31.772970578370693], [-106.48337487875993, 31.773047189643552], [-106.48344266441497, 31.77312657879293], [-106.48351007097831, 31.77320323179917], [-106.4835773531122, 31.773282646496448], [-106.48364506142742, 31.773359286075177], [-106.48371344936722, 31.773438645716066], [-106.48378152997648, 31.773507009139504]]}, "properties": {"STREETNAME": "BROWN", "segment_id": 157, "cross_street_a": "NEVADA", "cross_street_b": "CALIFORNIA", "n_segments_total": 5114, "n_segments_pedestrian": 3214, "n_segments_vehicular": 1900, "pct_local_of_resolved": 12.5, "n_places_excl_lessors": 2, "visits_excl_lessors": 2175.0, "visits_per_traffic": 0.4253, "classification": "DESTINATION", "note": ""}}, {"type": "Feature", "geometry": {"type": "LineString", "coordinates": [[-106.4764905347018, 31.775941145891235], [-106.476585374544, 31.775870592391776], [-106.47667690752915, 31.775811209259146], [-106.47676871898659, 31.775754562409844], [-106.47685964860536, 31.77569520491982], [-106.47695118019602, 31.775635821640076], [-106.477042411186, 31.77557645158264], [-106.47713293989284, 31.775517112815603], [-106.4772223411645, 31.77546058124916], [-106.47731286859444, 31.775401242404108], [-106.47740309337583, 31.77534191778369], [-106.4774918149715, 31.77528266589778], [-106.47758103705144, 31.775223388499448], [-106.47768276432063, 31.775169028427214]]}, "properties": {"STREETNAME": "ARIZONA", "segment_id": 158, "cross_street_a": "CLIFF", "cross_street_b": "DALLAS", "n_segments_total": 140, "n_segments_pedestrian": 16, "n_segments_vehicular": 124, "pct_local_of_resolved": 100.0, "n_places_excl_lessors": 0, "visits_excl_lessors": 0.0, "visits_per_traffic": 0.0, "classification": "LOCAL", "note": ""}}, {"type": "Feature", "geometry": {"type": "LineString", "coordinates": [[-106.48058967423556, 31.769886089919765], [-106.48064863475771, 31.769952130908077], [-106.48071663886483, 31.77002875971365], [-106.48078414222303, 31.770105409441776], [-106.48085204635399, 31.77018204200392], [-106.48091954993023, 31.770258691657247], [-106.48098833513971, 31.770338036547464], [-106.48105563760848, 31.770414695640472], [-106.48112374239535, 31.770491317685916], [-106.48119262808089, 31.770570657728324], [-106.48123406161302, 31.770616634479413]]}, "properties": {"STREETNAME": "BROWN", "segment_id": 159, "cross_street_a": "YANDELL", "cross_street_b": "MONTANA", "n_segments_total": 1091, "n_segments_pedestrian": 439, "n_segments_vehicular": 652, "pct_local_of_resolved": 95.7, "n_places_excl_lessors": 2, "visits_excl_lessors": 342.0, "visits_per_traffic": 0.3135, "classification": "DESTINATION", "note": ""}}, {"type": "Feature", "geometry": {"type": "LineString", "coordinates": [[-106.48058967423556, 31.769886089919765], [-106.48070441515507, 31.769822852633727], [-106.48079463252316, 31.769763525533705], [-106.4808864593382, 31.769704122301718], [-106.48097836164357, 31.76964747036765], [-106.48107008704136, 31.769588071785826], [-106.48116028148232, 31.76953149952367], [-106.48125240825277, 31.769472081830195], [-106.48134383184797, 31.7694126972995], [-106.48143473013153, 31.769356092464683], [-106.48152555057794, 31.769296736300653], [-106.48161687276054, 31.769237358157962], [-106.48170857496177, 31.769180715114423], [-106.48181070843518, 31.76911256550586]]}, "properties": {"STREETNAME": "YANDELL", "segment_id": 160, "cross_street_a": "BROWN", "cross_street_b": "NOBLE", "n_segments_total": 3198, "n_segments_pedestrian": 2107, "n_segments_vehicular": 1091, "pct_local_of_resolved": 93.3, "n_places_excl_lessors": 2, "visits_excl_lessors": 281.0, "visits_per_traffic": 0.0879, "classification": "DESTINATION", "note": ""}}, {"type": "Feature", "geometry": {"type": "LineString", "coordinates": [[-106.47938692503692, 31.77066699806486], [-106.4794309061474, 31.77064014007697], [-106.47952253344981, 31.770580749140596], [-106.47961144838288, 31.77052148448591], [-106.47970194715604, 31.77046489986107], [-106.4797935729494, 31.770405506978793], [-106.47988389380102, 31.770346177493064], [-106.47997449220708, 31.770289585241635], [-106.48006551596045, 31.770230223305855], [-106.48015754389752, 31.770170810234593], [-106.4802485438079, 31.77011420241323], [-106.48033936571964, 31.770054847094137], [-106.48042926174107, 31.76999829039547], [-106.48052048502959, 31.769938915969085], [-106.48058967423556, 31.769886089919765]]}, "properties": {"STREETNAME": "YANDELL", "segment_id": 161, "cross_street_a": "NEWMAN", "cross_street_b": "BROWN", "n_segments_total": 11623, "n_segments_pedestrian": 7985, "n_segments_vehicular": 3638, "pct_local_of_resolved": 80.8, "n_places_excl_lessors": 0, "visits_excl_lessors": 0.0, "visits_per_traffic": 0.0, "classification": "PASS-THROUGH", "note": ""}}, {"type": "Feature", "geometry": {"type": "LineString", "coordinates": [[-106.47916635448412, 31.77421518990232], [-106.47921043767343, 31.774188330897083], [-106.47930226975438, 31.77412892888524], [-106.47939387574789, 31.77407229151076], [-106.47948520379335, 31.774012914073662], [-106.47957653172466, 31.773953536571085], [-106.47966725758468, 31.773894186541565], [-106.47975748169021, 31.77383486195611], [-106.47984778207977, 31.773778285015297], [-106.47993750420547, 31.773718984010532], [-106.48002692357284, 31.773659695436574], [-106.48011782676141, 31.773603092515692], [-106.48020885336578, 31.773543726954724], [-106.4802999812258, 31.773484359248446], [-106.48038980176135, 31.773425051441986], [-106.48047556104247, 31.773371443540746]]}, "properties": {"STREETNAME": "ARIZONA", "segment_id": 162, "cross_street_a": "GOLDEN HILL TERRACE", "cross_street_b": "GOLDEN HILL TERRACE", "n_segments_total": 187, "n_segments_pedestrian": 32, "n_segments_vehicular": 155, "pct_local_of_resolved": 100.0, "n_places_excl_lessors": 1, "visits_excl_lessors": 18.0, "visits_per_traffic": 0.0963, "classification": "LOCAL", "note": "hidden draw -- real visits despite low absolute traffic"}}, {"type": "Feature", "geometry": {"type": "LineString", "coordinates": [[-106.48442422485921, 31.77423373249836], [-106.48446924736378, 31.77428666530452], [-106.48453733641111, 31.774366041390994], [-106.48460414078588, 31.77444272325519], [-106.48467165041501, 31.774519370835364], [-106.48473926046938, 31.774596016344322], [-106.48480815097813, 31.77467535259524], [-106.4848764407532, 31.774754717220286], [-106.48494545716287, 31.774831293416966], [-106.48501467308785, 31.774907862854814], [-106.48506552231805, 31.774960519026386]]}, "properties": {"STREETNAME": "BROWN", "segment_id": 163, "cross_street_a": "RIVER", "cross_street_b": "(subarea edge)", "n_segments_total": 248, "n_segments_pedestrian": 49, "n_segments_vehicular": 199, "pct_local_of_resolved": 100.0, "n_places_excl_lessors": 0, "visits_excl_lessors": 0.0, "visits_per_traffic": 0.0, "classification": "LOCAL", "note": ""}}, {"type": "Feature", "geometry": {"type": "LineString", "coordinates": [[-106.48319935527526, 31.771615595882253], [-106.48328687303707, 31.771567408164103], [-106.48337676662695, 31.771510849563672], [-106.48346751024948, 31.771448742635105], [-106.48355823146319, 31.771389392537866], [-106.48364865197486, 31.771330053878266], [-106.48373917157407, 31.77127071227071], [-106.48382989227316, 31.771211359278556], [-106.4839206906586, 31.77115475748289], [-106.4840112098043, 31.771095413881127], [-106.48410273337474, 31.77103602271629], [-106.48419343018028, 31.770979424610843], [-106.48428455297544, 31.770920052255427], [-106.48437464668797, 31.770863483431818], [-106.48446516632683, 31.770804139457884], [-106.48455729238133, 31.77074472125675], [-106.48464879178526, 31.77068808394525], [-106.48473961260957, 31.770628726421027], [-106.48482952886654, 31.770569410700585], [-106.48492717470599, 31.770509732082427]]}, "properties": {"STREETNAME": "ARIZONA", "segment_id": 164, "cross_street_a": "NOBLE", "cross_street_b": "OCTAVIA", "n_segments_total": 2031, "n_segments_pedestrian": 1059, "n_segments_vehicular": 972, "pct_local_of_resolved": 96.4, "n_places_excl_lessors": 1, "visits_excl_lessors": 58.0, "visits_per_traffic": 0.0286, "classification": "DESTINATION", "note": ""}}, {"type": "Feature", "geometry": {"type": "LineString", "coordinates": [[-106.48250882778503, 31.772063964633244], [-106.48255565707564, 31.772116813540865], [-106.48262444493773, 31.77219615660854], [-106.48269134948649, 31.77227283373554], [-106.48275965843088, 31.772349448053596], [-106.4828280673912, 31.772426053997577], [-106.48289607590515, 31.77250267883933], [-106.4829637596951, 31.772582074839743], [-106.4830312666211, 31.772658722425817], [-106.48309897416804, 31.772735364108254], [-106.48314517857857, 31.772790993686595]]}, "properties": {"STREETNAME": "BROWN", "segment_id": 165, "cross_street_a": "ARIZONA", "cross_street_b": "NEVADA", "n_segments_total": 1899, "n_segments_pedestrian": 874, "n_segments_vehicular": 1025, "pct_local_of_resolved": 100.0, "n_places_excl_lessors": 0, "visits_excl_lessors": 0.0, "visits_per_traffic": 0.0, "classification": "PASS-THROUGH", "note": ""}}, {"type": "Feature", "geometry": {"type": "LineString", "coordinates": [[-106.48378152997648, 31.773507009139504], [-106.48385077553844, 31.773591834426213], [-106.48391808068747, 31.773668494743156], [-106.4839857670407, 31.773747887424705], [-106.48405475972507, 31.773827221017203], [-106.48412477620484, 31.7739037503278], [-106.48419559819739, 31.773980242419544], [-106.48426584090915, 31.77405400963939], [-106.4843346314847, 31.774133349942336], [-106.48442422485921, 31.77423373249836]]}, "properties": {"STREETNAME": "BROWN", "segment_id": 166, "cross_street_a": "CALIFORNIA", "cross_street_b": "RIVER", "n_segments_total": 416, "n_segments_pedestrian": 60, "n_segments_vehicular": 356, "pct_local_of_resolved": 66.7, "n_places_excl_lessors": 0, "visits_excl_lessors": 0.0, "visits_per_traffic": 0.0, "classification": "LOCAL", "note": ""}}, {"type": "Feature", "geometry": {"type": "LineString", "coordinates": [[-106.48047556104247, 31.773371443540746], [-106.48057032565474, 31.773309150643932], [-106.48065873967869, 31.773249909098116], [-106.48074886229693, 31.773190586742043], [-106.4808385831889, 31.773131283301755], [-106.48092840317128, 31.773071976916576], [-106.48102010831238, 31.773015332691823], [-106.48111251543473, 31.77295865612344], [-106.48120482429874, 31.77290198232029], [-106.48130207319866, 31.77284232545571]]}, "properties": {"STREETNAME": "ARIZONA", "segment_id": 167, "cross_street_a": "GOLDEN HILL TERRACE", "cross_street_b": "NEWMAN", "n_segments_total": 466, "n_segments_pedestrian": 181, "n_segments_vehicular": 285, "pct_local_of_resolved": 100.0, "n_places_excl_lessors": 0, "visits_excl_lessors": 0.0, "visits_per_traffic": 0.0, "classification": "LOCAL", "note": ""}}, {"type": "Feature", "geometry": {"type": "LineString", "coordinates": [[-106.48867743232509, 31.7680940140776], [-106.4890882309412, 31.767824037930627], [-106.48920498414537, 31.767746932670512], [-106.48953270399558, 31.76754695941954]]}, "properties": {"STREETNAME": "ARIZONA", "segment_id": 168, "cross_street_a": "(subarea edge)", "cross_street_b": "(subarea edge)", "n_segments_total": 122, "n_segments_pedestrian": 12, "n_segments_vehicular": 110, "pct_local_of_resolved": 100.0, "n_places_excl_lessors": 0, "visits_excl_lessors": 0.0, "visits_per_traffic": 0.0, "classification": "LOCAL", "note": ""}}, {"type": "Feature", "geometry": {"type": "LineString", "coordinates": [[-106.48824757151665, 31.772910336070932], [-106.48806847872743, 31.77301241642029], [-106.48789006624013, 31.773117216547625], [-106.48771235451227, 31.773221985963747], [-106.4874648437937, 31.773368597539694]]}, "properties": {"STREETNAME": "CLIFF", "segment_id": 169, "cross_street_a": "(subarea edge)", "cross_street_b": "OCTAVIA", "n_segments_total": 73, "n_segments_pedestrian": 9, "n_segments_vehicular": 64, "pct_local_of_resolved": 100.0, "n_places_excl_lessors": 0, "visits_excl_lessors": 0.0, "visits_per_traffic": 0.0, "classification": "LOCAL", "note": ""}}, {"type": "Feature", "geometry": {"type": "LineString", "coordinates": [[-106.48634066793355, 31.768457859940582], [-106.48623747965331, 31.768520557826058], [-106.4861465862004, 31.76857716778317], [-106.48605476376231, 31.768636574750793], [-106.4859643471989, 31.768695913342658], [-106.48587385500987, 31.76875250411016], [-106.48578273633996, 31.768811877578205], [-106.48569061403774, 31.768871297541917], [-106.48559891450851, 31.76892794339661], [-106.48548971062735, 31.76900193589367]]}, "properties": {"STREETNAME": "RIO GRANDE", "segment_id": 170, "cross_street_a": "(subarea edge)", "cross_street_b": "ANGE", "n_segments_total": 376, "n_segments_pedestrian": 140, "n_segments_vehicular": 236, "pct_local_of_resolved": 100.0, "n_places_excl_lessors": 0, "visits_excl_lessors": 0.0, "visits_per_traffic": 0.0, "classification": "LOCAL", "note": ""}}, {"type": "Feature", "geometry": {"type": "LineString", "coordinates": [[-106.48620338252223, 31.771955340095882], [-106.48535781531926, 31.772499157070424], [-106.48447753745913, 31.773063882144424]]}, "properties": {"STREETNAME": "CALIFORNIA", "segment_id": 171, "cross_street_a": "OCTAVIA", "cross_street_b": "NOBLE", "n_segments_total": 144, "n_segments_pedestrian": 20, "n_segments_vehicular": 124, "pct_local_of_resolved": 100.0, "n_places_excl_lessors": 0, "visits_excl_lessors": 0.0, "visits_per_traffic": 0.0, "classification": "LOCAL", "note": ""}}, {"type": "Feature", "geometry": {"type": "LineString", "coordinates": [[-106.47494478973158, 31.76784951652785], [-106.47511148913742, 31.768070068269775], [-106.47522588524693, 31.768202323055338]]}, "properties": {"STREETNAME": "LANGTRY", "segment_id": 172, "cross_street_a": "(subarea edge)", "cross_street_b": "(subarea edge)", "n_segments_total": 5, "n_segments_pedestrian": 0, "n_segments_vehicular": 5, "pct_local_of_resolved": 100.0, "n_places_excl_lessors": 0, "visits_excl_lessors": 0.0, "visits_per_traffic": 0.0, "classification": "LOCAL", "note": ""}}, {"type": "Feature", "geometry": {"type": "LineString", "coordinates": [[-106.4793036180981, 31.77298293592402], [-106.4792436110746, 31.773022191212032], [-106.47915228377201, 31.773081567602286], [-106.47905997555938, 31.773138238946274], [-106.47896814516358, 31.77319763805904], [-106.47887694032009, 31.773254256229823], [-106.47878762181111, 31.77331353924291], [-106.47869621424344, 31.77337016504481], [-106.47860528805485, 31.77342952477192], [-106.47851579037201, 31.77348606111324], [-106.47842355785876, 31.773545481507664], [-106.47833182798288, 31.773604877182766], [-106.47824394410841, 31.773672351381247]]}, "properties": {"STREETNAME": "RIO GRANDE", "segment_id": 173, "cross_street_a": "(subarea edge)", "cross_street_b": "LEE", "n_segments_total": 393, "n_segments_pedestrian": 76, "n_segments_vehicular": 317, "pct_local_of_resolved": 100.0, "n_places_excl_lessors": 0, "visits_excl_lessors": 0.0, "visits_per_traffic": 0.0, "classification": "LOCAL", "note": ""}}, {"type": "Feature", "geometry": {"type": "LineString", "coordinates": [[-106.48348986282895, 31.774842301959666], [-106.4836779667513, 31.775056413955866], [-106.48377731470268, 31.775178360772085], [-106.48380190264724, 31.775226753672804]]}, "properties": {"STREETNAME": "CIRCLE", "segment_id": 174, "cross_street_a": "RIVER", "cross_street_b": "(subarea edge)", "n_segments_total": 28, "n_segments_pedestrian": 6, "n_segments_vehicular": 22, "pct_local_of_resolved": null, "n_places_excl_lessors": 0, "visits_excl_lessors": 0.0, "visits_per_traffic": 0.0, "classification": "LOCAL", "note": ""}}]}